<?xml version="1.0" encoding="UTF-8"?>
<!DOCTYPE xml>
<metadata xml:lang="en">
<idinfo>
	<citation>
		<citeinfo><origin>Halpin, P.N., A.J. Read, E. Fujioka, B.D. Best, B. Donnelly, L.J. Hazen, C. Kot, K. Urian, E. LaBrecque, A. Dimatteo, J. Cleary, C. Good, L.B. Crowder, and K.D. Hyrenbach</origin><pubdate>2009</pubdate><title>OBIS-SEAMAP: The world data center for marine mammal, sea bird, and sea turtle distributions</title><serinfo><sername>Oceanography</sername><issue>22(2):104-115</issue></serinfo><onlink>http://www.tos.org/oceanography/article/obis-seamap-the-world-data-center-for-marine-mammal-sea-bird-and-sea-turtle</onlink></citeinfo>
	</citation><descript>
	<abstract>Please contact data provider</abstract><purpose>Please contact data provider</purpose><supplinf>The survey code is TONE21SUM.&#13;
&#13;
Perpendicular distance to the animal is not publicly available. Please contact the data provider to obtain this attribute.</supplinf></descript><timeperd><timeinfo><rngdates><begdate>20210801</begdate><enddate>20210914</enddate></rngdates></timeinfo><current>ground condition</current></timeperd><status><progress>Complete</progress><update>None planned</update></status><spdom><descgeog>North Atlantic</descgeog><bounding><westbc>-74.5443192</westbc><eastbc>-65.1889648</eastbc><northbc>45.0630531</northbc><southbc>38.7671661</southbc></bounding>
	</spdom><keywords><theme><themekt>None</themekt><themekey>Marine Animal Survey</themekey><themekey>Marine Biology</themekey><themekey>Marine mammals</themekey><themekey>Sea turtles</themekey><themekey>Visual Sighting</themekey><themekey>Aircraft</themekey></theme><place><placekt>None</placekt><placekey>North Atlantic</placekey></place></keywords><taxonomy><keywtax><taxonkt>Taxon covered</taxonkt><taxonkey>Marine mammals</taxonkey><taxonkey>Sea turtles</taxonkey><taxonkey>Rays and sharks</taxonkey></keywtax><taxonsys><classsys><classcit><citeinfo><origin>Integrated Taxonomic Information System</origin><pubdate>Unknown</pubdate><title>Integrated Taxonomic Information System</title><geoform>Not applicable</geoform><othercit>Downloaded April, 2004</othercit><onlink>http://www.itis.usda.gov/</onlink></citeinfo></classcit></classsys><ider><cntinfo><cntperp><cntper>Refer to the contact information of the dataset</cntper><cntorg>Refer to the contact information of the dataset</cntorg></cntperp><cntaddr><addrtype>mailing and physical address</addrtype><address>Refer to the contact information of the dataset</address><city>Refer to the contact information of the dataset</city><state>Refer to the contact information of the dataset</state><postal>Refer to the contact information of the dataset</postal><country>Refer to the contact information of the dataset</country></cntaddr><cntvoice>Not provided</cntvoice></cntinfo></ider><taxonpro>Identified by observers or researchers conducting the survey</taxonpro></taxonsys><taxoncl><taxonrn>Kingdom</taxonrn><taxonrv>Animalia</taxonrv><taxoncl><taxonrn>Phylum</taxonrn><taxonrv>Chordata</taxonrv><taxoncl><taxonrn>Subphylum</taxonrn><taxonrv>Vertebrata</taxonrv><taxoncl><taxonrn>Class</taxonrn><taxonrv>Chondrichthyes</taxonrv><taxoncl><taxonrn>Subclass</taxonrn><taxonrv>Elasmobranchii</taxonrv><taxoncl><taxonrn>Superorder</taxonrn><taxonrv>Euselachii</taxonrv><taxoncl><taxonrn>Order</taxonrn><taxonrv>Lamniformes</taxonrv><taxoncl><taxonrn>Family</taxonrn><taxonrv>Alopiidae</taxonrv><taxoncl><taxonrn>Genus</taxonrn><taxonrv>Alopias</taxonrv></taxoncl></taxoncl><taxoncl><taxonrn>Family</taxonrn><taxonrv>Lamnidae</taxonrv><taxoncl><taxonrn>Genus</taxonrn><taxonrv>Carcharodon</taxonrv><taxoncl><taxonrn>Species</taxonrn><taxonrv>Carcharodon carcharias</taxonrv></taxoncl></taxoncl><taxoncl><taxonrn>Genus</taxonrn><taxonrv>Isurus</taxonrv><taxoncl><taxonrn>Species</taxonrn><taxonrv>Isurus oxyrinchus</taxonrv></taxoncl></taxoncl></taxoncl><taxoncl><taxonrn>Family</taxonrn><taxonrv>Cetorhinidae</taxonrv><taxoncl><taxonrn>Genus</taxonrn><taxonrv>Cetorhinus</taxonrv><taxoncl><taxonrn>Species</taxonrn><taxonrv>Cetorhinus maximus</taxonrv></taxoncl></taxoncl></taxoncl></taxoncl><taxoncl><taxonrn>Order</taxonrn><taxonrv>Carcharhiniformes</taxonrv><taxoncl><taxonrn>Family</taxonrn><taxonrv>Carcharhinidae</taxonrv><taxoncl><taxoncl><taxonrn>Species</taxonrn><taxonrv>Galeocerdo cuvier</taxonrv></taxoncl></taxoncl><taxoncl><taxonrn>Genus</taxonrn><taxonrv>Prionace</taxonrv><taxoncl><taxonrn>Species</taxonrn><taxonrv>Prionace glauca</taxonrv></taxoncl></taxoncl></taxoncl><taxoncl><taxonrn>Family</taxonrn><taxonrv>Sphyrnidae</taxonrv><taxoncl><taxonrn>Genus</taxonrn><taxonrv>Sphyrna</taxonrv></taxoncl></taxoncl></taxoncl><taxoncl><taxonrn>Order</taxonrn><taxonrv>Myliobatiformes</taxonrv><taxoncl><taxonrn>Family</taxonrn><taxonrv>Mobulidae</taxonrv></taxoncl><taxoncl><taxonrn>Family</taxonrn><taxonrv>Rhinopteridae</taxonrv><taxoncl><taxonrn>Genus</taxonrn><taxonrv>Rhinoptera</taxonrv><taxoncl><taxonrn>Species</taxonrn><taxonrv>Rhinoptera bonasus</taxonrv></taxoncl></taxoncl></taxoncl></taxoncl></taxoncl></taxoncl></taxoncl><taxoncl><taxonrn>Class</taxonrn><taxonrv>Mammalia</taxonrv><taxoncl><taxonrn>Subclass</taxonrn><taxonrv>Theria</taxonrv><taxoncl><taxonrn>Infraclass</taxonrn><taxonrv>Eutheria</taxonrv><taxoncl><taxonrn>Order</taxonrn><taxonrv>Cetacea</taxonrv><taxoncl><taxonrn>Suborder</taxonrn><taxonrv>Mysticeti</taxonrv><taxoncl><taxonrn>Family</taxonrn><taxonrv>Balaenopteridae</taxonrv><taxoncl><taxonrn>Genus</taxonrn><taxonrv>Balaenoptera</taxonrv><taxoncl><taxonrn>Species</taxonrn><taxonrv>Balaenoptera acutorostrata</taxonrv></taxoncl><taxoncl><taxonrn>Species</taxonrn><taxonrv>Balaenoptera physalus</taxonrv></taxoncl></taxoncl><taxoncl><taxonrn>Genus</taxonrn><taxonrv>Megaptera</taxonrv><taxoncl><taxonrn>Species</taxonrn><taxonrv>Megaptera novaeangliae</taxonrv></taxoncl></taxoncl></taxoncl><taxoncl><taxonrn>Family</taxonrn><taxonrv>Balaenidae</taxonrv><taxoncl><taxonrn>Genus</taxonrn><taxonrv>Eubalaena</taxonrv><taxoncl><taxonrn>Species</taxonrn><taxonrv>Eubalaena glacialis</taxonrv></taxoncl></taxoncl></taxoncl></taxoncl><taxoncl><taxonrn>Suborder</taxonrn><taxonrv>Odontoceti</taxonrv><taxoncl><taxonrn>Family</taxonrn><taxonrv>Delphinidae</taxonrv><taxoncl><taxonrn>Genus</taxonrn><taxonrv>Delphinus</taxonrv><taxoncl><taxonrn>Species</taxonrn><taxonrv>Delphinus delphis</taxonrv></taxoncl></taxoncl><taxoncl><taxonrn>Genus</taxonrn><taxonrv>Grampus</taxonrv><taxoncl><taxonrn>Species</taxonrn><taxonrv>Grampus griseus</taxonrv></taxoncl></taxoncl><taxoncl><taxonrn>Genus</taxonrn><taxonrv>Lagenorhynchus</taxonrv><taxoncl><taxonrn>Species</taxonrn><taxonrv>Lagenorhynchus acutus</taxonrv></taxoncl></taxoncl><taxoncl><taxonrn>Genus</taxonrn><taxonrv>Tursiops</taxonrv><taxoncl><taxonrn>Species</taxonrn><taxonrv>Tursiops truncatus</taxonrv></taxoncl></taxoncl></taxoncl><taxoncl><taxonrn>Family</taxonrn><taxonrv>Phocoenidae</taxonrv><taxoncl><taxonrn>Genus</taxonrn><taxonrv>Phocoena</taxonrv><taxoncl><taxonrn>Species</taxonrn><taxonrv>Phocoena phocoena</taxonrv></taxoncl></taxoncl></taxoncl><taxoncl><taxonrn>Family</taxonrn><taxonrv>Physeteridae</taxonrv><taxoncl><taxonrn>Genus</taxonrn><taxonrv>Physeter</taxonrv><taxoncl><taxonrn>Species</taxonrn><taxonrv>Physeter macrocephalus</taxonrv></taxoncl></taxoncl></taxoncl><taxoncl><taxonrn>Family</taxonrn><taxonrv>Hyperoodontidae</taxonrv><taxoncl><taxonrn>Genus</taxonrn><taxonrv>Ziphius</taxonrv><taxoncl><taxonrn>Species</taxonrn><taxonrv>Ziphius cavirostris</taxonrv></taxoncl></taxoncl></taxoncl></taxoncl></taxoncl><taxoncl><taxonrn>Order</taxonrn><taxonrv>Carnivora</taxonrv><taxoncl><taxonrn>Suborder</taxonrn><taxonrv>Caniformia</taxonrv><taxoncl><taxonrn>Family</taxonrn><taxonrv>Phocidae</taxonrv><taxoncl><taxonrn>Genus</taxonrn><taxonrv>Halichoerus</taxonrv><taxoncl><taxonrn>Species</taxonrn><taxonrv>Halichoerus grypus</taxonrv></taxoncl></taxoncl><taxoncl><taxonrn>Genus</taxonrn><taxonrv>Phoca</taxonrv><taxoncl><taxonrn>Species</taxonrn><taxonrv>Phoca vitulina</taxonrv></taxoncl></taxoncl></taxoncl></taxoncl></taxoncl></taxoncl></taxoncl></taxoncl><taxoncl><taxonrn>Class</taxonrn><taxonrv>Reptilia</taxonrv><taxoncl><taxonrn>Order</taxonrn><taxonrv>Testudines</taxonrv><taxoncl><taxonrn>Suborder</taxonrn><taxonrv>Cryptodira</taxonrv><taxoncl><taxonrn>Superfamily</taxonrn><taxonrv>Chelonioidea</taxonrv><taxoncl><taxonrn>Family</taxonrn><taxonrv>Cheloniidae</taxonrv><taxoncl><taxonrn>Subfamily</taxonrn><taxonrv>Carettinae</taxonrv><taxoncl><taxonrn>Genus</taxonrn><taxonrv>Caretta</taxonrv><taxoncl><taxonrn>Species</taxonrn><taxonrv>Caretta caretta</taxonrv></taxoncl></taxoncl><taxoncl><taxonrn>Genus</taxonrn><taxonrv>Lepidochelys</taxonrv><taxoncl><taxonrn>Species</taxonrn><taxonrv>Lepidochelys kempii</taxonrv></taxoncl></taxoncl></taxoncl><taxoncl><taxonrn>Subfamily</taxonrn><taxonrv>Cheloniinae</taxonrv><taxoncl><taxonrn>Genus</taxonrn><taxonrv>Chelonia</taxonrv><taxoncl><taxonrn>Species</taxonrn><taxonrv>Chelonia mydas</taxonrv></taxoncl></taxoncl></taxoncl></taxoncl><taxoncl><taxonrn>Family</taxonrn><taxonrv>Dermochelyidae</taxonrv><taxoncl><taxonrn>Genus</taxonrn><taxonrv>Dermochelys</taxonrv><taxoncl><taxonrn>Species</taxonrn><taxonrv>Dermochelys coriacea</taxonrv></taxoncl></taxoncl></taxoncl></taxoncl></taxoncl></taxoncl></taxoncl></taxoncl></taxoncl></taxoncl></taxonomy>
	<accconst>Open public unless otherwise noted. See Use Constraints for details.</accconst>
	<useconst>1. Not to use data obtained from OBIS-SEAMAP in any publication, product, or commercial application without proper attribution to the original data provider(s) and OBIS-SEAMAP unless the datasets are explicitly shown under the CC0 policy. Citations or credits are suggested as attribution. If the data you downloaded come from multiple datasets, a citation or credit to each of the datasets is required.&#13;
&#13;
Suggested citation for this dataset:&#13;
&#13;
National Marine Fisheries Service, Northeast and Southeast Fisheries Science Centers. 2022. 2021 Annual Report of a Comprehensive Assessment of Marine Mammal, Marine Turtle, and Seabird Abundance and Spatial Distribution in US waters of the Western North Atlantic Ocean – AMAPPS III. Report to the Bureau of Ocean Energy Management. &#13;
&#13;
Suggested citation for OBIS-SEAMAP:&#13;
&#13;
Halpin, P.N., A.J. Read, E. Fujioka, B.D. Best, B. Donnelly, L.J. Hazen, C. Kot, K. Urian, E. LaBrecque, A. Dimatteo, J. Cleary, C. Good, L.B. Crowder, and K.D. Hyrenbach. 2009. OBIS-SEAMAP: The world data center for marine mammal, sea bird, and sea turtle distributions. Oceanography 22(2):104-115&#13;
&#13;
2. To forward the citation of any publication / report that made use of the data / tools provided by OBIS-SEAMAP for inclusion in our list of references.&#13;
&#13;
3. Not to hold OBIS-SEAMAP or the original data providers liable for errors in the data. While we have made every effort to ensure the quality of the database, we cannot guarantee the accuracy of these datasets. &#13;
&#13;
4. The burden for determining fitness for use of the downloaded data for any analyses lies entirely with the user. OBIS-SEAMAP or the original data providers do not support outcomes of your analyses that used the data you downloaded from OBIS-SEAMAP.&#13;
&#13;
5. To consider inclusion of the accompanying transect (effort) dataset if available into the methodology of your analyses.&#13;
&#13;
6. Not to redistribute the data you downloaded from OBIS-SEAMAP through any media without contect from OBIS-SEAMAP and the original data providers unless the datasets are explicitly shown under the CC0 policy.</useconst>
	<ptcontac>
		<cntinfo>
			<cntperp><cntper>Beth Josephson; Debi Palka</cntper><cntorg>NOAA Fisheries; NOAA Northeast Fisheries Science Center</cntorg></cntperp>
			<cntaddr>
				<addrtype>mailing and physical address</addrtype>
			<address>166 Water Street; 166 Water St.</address><city>Woods Hole; Woods Hole</city><state>MA; MA</state><postal>02556; 02543</postal><country>USA; USA</country></cntaddr>
		<cntvoice>508.495.2362; 508-495-2000</cntvoice><cntemail>elizabeth.josephson@noaa.gov; dpalka@whsun1.wh.whoi.edu</cntemail></cntinfo>
	</ptcontac><datacred>NOAA Northeast Fisheries Science Center (NEFSC)</datacred>
	<native>Relational database</native>
	<crossref><citeinfo><origin>National Marine Fisheries Service, Northeast and Southeast Fisheries Science Centers</origin><pubdate>2022</pubdate><title>2021 Annual Report of a Comprehensive Assessment of Marine Mammal, Marine Turtle, and Seabird Abundance and Spatial Distribution in US waters of the Western North Atlantic Ocean – AMAPPS III</title><geoform>vector digital data</geoform><serinfo><sername>Report to the Bureau of Ocean Energy Management</sername><issue>125 pp.</issue></serinfo><onlink>https://repository.library.noaa.gov/view/noaa/41734</onlink></citeinfo></crossref><crossref><citeinfo><origin>Halpin, P.N., A.J. Read, E. Fujioka, B.D. Best, B. Donnelly, L.J. Hazen, C. Kot, K. Urian, E. LaBrecque, A. Dimatteo, J. Cleary, C. Good, L.B. Crowder, and K.D. Hyrenbach</origin><pubdate>2009</pubdate><title>OBIS-SEAMAP: The world data center for marine mammal, sea bird, and sea turtle distributions</title><geoform>vector digital data</geoform><serinfo><sername>Oceanography</sername><issue>22(2):104-115</issue></serinfo><onlink>http://www.tos.org/oceanography/article/obis-seamap-the-world-data-center-for-marine-mammal-sea-bird-and-sea-turtle</onlink></citeinfo></crossref></idinfo>
	<dataqual>
		<attracc>
			<attraccr>All attributes were measured and recorded during the survey and validated by the data provider.</attraccr></attracc>
		<logic>Permissible values for date and time and coordinates were validated by the data provider and the OBIS-SEAMAP data manager. Species identification by the data provider was matched with Integrated Taxonomic Information System.</logic>
		<complete>All observation records are included.</complete><lineage><procstep><procdesc>Data were put through the OBIS-SEAMAP data registration steps.</procdesc><procdate>20231215</procdate></procstep></lineage></dataqual><spdoinfo><direct>Point</direct></spdoinfo><spref><horizsys><geograph>
				<latres>1e-05</latres><longres>1e-05</longres><geogunit>Decimal degrees</geogunit></geograph>
			<geodetic><horizdn>D_WGS_1984</horizdn><ellips>WGS_1984</ellips>
				<semiaxis>6378137.000000</semiaxis><denflat>298.257224</denflat></geodetic></horizsys></spref>

<eainfo><detailed><enttyp><enttypl>Biogeographic data</enttypl><enttypd>Biogeographic data</enttypd><enttypds>Not applicable</enttypds></enttyp><attr><attrlabl>oid</attrlabl><attrdef>Unique ID number (generated by OBIS-SEAMAP)</attrdef><attrdefs>Data provider</attrdefs><attrdomv><udom>Unique ID number (generated by OBIS-SEAMAP)</udom></attrdomv></attr><attr><attrlabl>tripid</attrlabl><attrdef>Trip ID</attrdef><attrdefs>Data provider</attrdefs><attrdomv><udom>Trip ID</udom></attrdomv></attr><attr><attrlabl>platformvlts</attrlabl><attrdef>Always A (Airplane)</attrdef><attrdefs>Data provider</attrdefs><attrdomv><udom>Always A (Airplane)</udom></attrdomv></attr><attr><attrlabl>oneffort</attrlabl><attrdef>Flag (Y/N) to indicate on effort.</attrdef><attrdefs>Data provider</attrdefs><attrdomv><udom>Flag (Y/N) to indicate on effort.</udom></attrdomv></attr><attr><attrlabl>speciescode</attrlabl><attrdef>Species code by provider</attrdef><attrdefs>Data provider</attrdefs><attrdomv><udom>Species code by provider</udom></attrdomv></attr><attr><attrlabl>comname</attrlabl><attrdef>Common name</attrdef><attrdefs>Data provider</attrdefs><attrdomv><udom>Common name</udom></attrdomv></attr><attr><attrlabl>kingdom</attrlabl><attrdef>Kingdom</attrdef><attrdefs>Data provider</attrdefs><attrdomv><udom>Kingdom</udom></attrdomv></attr><attr><attrlabl>phylum</attrlabl><attrdef>Phylum</attrdef><attrdefs>Data provider</attrdefs><attrdomv><udom>Phylum</udom></attrdomv></attr><attr><attrlabl>class</attrlabl><attrdef>Class</attrdef><attrdefs>Data provider</attrdefs><attrdomv><udom>Class</udom></attrdomv></attr><attr><attrlabl>order_sci</attrlabl><attrdef>Order</attrdef><attrdefs>Data provider</attrdefs><attrdomv><udom>Order</udom></attrdomv></attr><attr><attrlabl>family</attrlabl><attrdef>Family</attrdef><attrdefs>Data provider</attrdefs><attrdomv><udom>Family</udom></attrdomv></attr><attr><attrlabl>scientificname</attrlabl><attrdef>Scientific name</attrdef><attrdefs>Data provider</attrdefs><attrdomv><udom>Scientific name</udom></attrdomv></attr><attr><attrlabl>references_</attrlabl><attrdef>References</attrdef><attrdefs>Data provider</attrdefs><attrdomv><udom>References</udom></attrdomv></attr><attr><attrlabl>observationheight</attrlabl><attrdef>Altitude of aircraft in feet above sea level</attrdef><attrdefs>Data provider</attrdefs><attrdomv><rdom><rdommin>600</rdommin><rdommax>600</rdommax></rdom></attrdomv></attr><attr><attrlabl>platformspeed</attrlabl><attrdef>Speed of the platform at the time of the sighting in knots</attrdef><attrdefs>Data provider</attrdefs><attrdomv><rdom><rdommin>110</rdommin><rdommax>110</rdommax></rdom></attrdomv></attr><attr><attrlabl>higherinstitutioncode</attrlabl><attrdef>Higher institution code "DOC:NOAA:NEFSC"</attrdef><attrdefs>Data provider</attrdefs><attrdomv><udom>Higher institution code "DOC:NOAA:NEFSC"</udom></attrdomv></attr><attr><attrlabl>institutioncode</attrlabl><attrdef>Institution code "NEFSC"</attrdef><attrdefs>Data provider</attrdefs><attrdomv><udom>Institution code "NEFSC"</udom></attrdomv></attr><attr><attrlabl>ownerinstitutioncode</attrlabl><attrdef>Instituion who owns the data "NEFSC"</attrdef><attrdefs>Data provider</attrdefs><attrdomv><udom>Instituion who owns the data "NEFSC"</udom></attrdomv></attr><attr><attrlabl>basisofrecord</attrlabl><attrdef>Basis of record "HumanObservation"</attrdef><attrdefs>Data provider</attrdefs><attrdomv><udom>Basis of record "HumanObservation"</udom></attrdomv></attr><attr><attrlabl>recordtype</attrlabl><attrdef>Record type "VLTS"  (visual line transect survey)</attrdef><attrdefs>Data provider</attrdefs><attrdomv><udom>Record type "VLTS"  (visual line transect survey)</udom></attrdomv></attr><attr><attrlabl>sightid</attrlabl><attrdef>Sight ID</attrdef><attrdefs>Data provider</attrdefs><attrdomv><rdom><rdommin>122521</rdommin><rdommax>125058</rdommax></rdom></attrdomv></attr><attr><attrlabl>individualcount</attrlabl><attrdef>Individual count</attrdef><attrdefs>Data provider</attrdefs><attrdomv><rdom><rdommin>1</rdommin><rdommax>1000</rdommax></rdom></attrdomv></attr><attr><attrlabl>latitude</attrlabl><attrdef>Latitude in decimal degrees</attrdef><attrdefs>Data provider</attrdefs><attrdomv><rdom><rdommin>38.767166140</rdommin><rdommax>45.063053130</rdommax></rdom></attrdomv></attr><attr><attrlabl>sighttype</attrlabl><attrdef>Always "O"</attrdef><attrdefs>Data provider</attrdefs><attrdomv><udom>Always "O"</udom></attrdomv></attr><attr><attrlabl>longitude</attrlabl><attrdef>Longitude in decimal degrees</attrdef><attrdefs>Data provider</attrdefs><attrdomv><rdom><rdommin>-74.544319150</rdommin><rdommax>-65.188964840</rdommax></rdom></attrdomv></attr><attr><attrlabl>perpendiculardistance</attrlabl><attrdef>Perpendicular distance to the animal</attrdef><attrdefs>Data provider</attrdefs><attrdomv><rdom><rdommin>-28.984225861923963964748431976493353133400</rdommin><rdommax>2091.703512319578182406357495771925823709000</rdommax></rdom></attrdomv></attr><attr><attrlabl>datasetid</attrlabl><attrdef>Dataset ID by provider</attrdef><attrdefs>Data provider</attrdefs><attrdomv><udom>Dataset ID by provider</udom></attrdomv></attr><attr><attrlabl>datasetname</attrlabl><attrdef>Dataset name by provider</attrdef><attrdefs>Data provider</attrdefs><attrdomv><udom>Dataset name by provider</udom></attrdomv></attr><attr><attrlabl>eventdate</attrlabl><attrdef>Date and time of the sigthing at local time</attrdef><attrdefs>Data provider</attrdefs><attrdomv><udom>Date and time of the sigthing at local time</udom></attrdomv></attr><attr><attrlabl>eventdatetimezone</attrlabl><attrdef>The time zone of the observation event</attrdef><attrdefs>Data provider</attrdefs><attrdomv><udom>The time zone of the observation event</udom></attrdomv></attr><attr><attrlabl>time</attrlabl><attrdef>Time of the sighting at GMT</attrdef><attrdefs>Data provider</attrdefs><attrdomv><udom>Time of the sighting at GMT</udom></attrdomv></attr><attr><attrlabl>effortid</attrlabl><attrdef>Effort ID</attrdef><attrdefs>Data provider</attrdefs><attrdomv><rdom><rdommin>48667</rdommin><rdommax>50415</rdommax></rdom></attrdomv></attr><attr><attrlabl>cue</attrlabl><attrdef>Sighting cue</attrdef><attrdefs>Data provider</attrdefs><attrdomv><udom>Sighting cue</udom></attrdomv></attr><attr><attrlabl>behavior</attrlabl><attrdef>Behavior</attrdef><attrdefs>Data provider</attrdefs><attrdomv><udom>Behavior</udom></attrdomv></attr><attr><attrlabl>geom</attrlabl><attrdef>Geometry field added by OBIS-SEAMAP</attrdef><attrdefs>Data provider</attrdefs><attrdomv><udom>Geometry field added by OBIS-SEAMAP</udom></attrdomv></attr></detailed><overview><eaover>This section explains attributes included in the original dataset.&#13;
OBIS-SEAMAP restricts the attributes available to the public to date/time, lat/lon and species names/counts only.&#13;
Should you need other attributes described here, you are encouraged to contact the data provider.</eaover><eadetcit>NOAA Northeast Fisheries Science Center (NEFSC)</eadetcit></overview>
	</eainfo><distinfo>
	<distrib>
		<cntinfo>
			<cntorgp>
				<cntorg>Nicholas School of Environment, Duke Univ.</cntorg>
				<cntper>OBIS-SEAMAP</cntper>
			</cntorgp>
			<cntaddr>
				<addrtype>mailing and physical address</addrtype>
				<address>A328, LSRC</address><city>Durham</city><state>NC</state><postal>27708</postal><country>USA</country>
			</cntaddr>
			<cntvoice>919-613-8021</cntvoice>
			<cntemail>seamap-contact@duke.edu</cntemail>
		</cntinfo>
	</distrib><resdesc>OBIS-SEAMAP Dataset ID 2280</resdesc><distliab>Not to hold OBIS-SEAMAP liable for errors in the data. While we have made every effort to ensure the quality of the database, we cannot guarantee the accuracy of these datasets.&#13;
Also please refer to Use Constraints.</distliab>
	<stdorder>
		<digform>
			<digtinfo>
				<formname>CSV and ESRI shapefile</formname></digtinfo>
			<digtopt>
				<onlinopt>
					<computer>
						<networka>
							<networkr>OBIS-SEAMAP</networkr>
						</networka>
					</computer>
				</onlinopt>
			</digtopt>
		</digform>
		<fees>Free</fees>
		<ordering>Go to the OBIS-SEAMAP web site.</ordering>
	</stdorder>
	

	
</distinfo><metainfo>
	<metd>20231219</metd><metrd>20231219</metrd><metc>
		<cntinfo><cntperp>
	<cntper>Ei Fujioka</cntper>
	<cntorg>Nicholas School, Duke University</cntorg></cntperp><cntaddr><addrtype>mailing and physical address</addrtype><address>A328, LSRC</address><city>Durham</city><state>NC</state><postal>27708</postal><country>USA</country></cntaddr>
			<cntvoice>919-613-8021</cntvoice>
			<cntemail>seamap-contact@duke.edu</cntemail>
			</cntinfo>
	</metc><metstdn>FGDC Content Standards for Digital Geospatial Metadata</metstdn><metstdv>FGDC-STD-001-1998</metstdv><mettc>local time</mettc>
	
	
	
	
	<metextns><onlink>http://www.nbii.gov/</onlink><metprof>Biological Data Profile</metprof></metextns>
	
	</metainfo>
	
</metadata>
