<?xml version="1.0" encoding="UTF-8"?>
<!DOCTYPE xml>
<metadata xml:lang="en">
<idinfo>
	<citation>
		<citeinfo><origin>Weller, D</origin><pubdate>2021</pubdate><title>SWFSC Marine Mammal Survey, CLAWS 2015, Cruise 1648</title><serinfo><sername>OBIS-SEAMAP</sername><issue>2145</issue></serinfo><onlink>https://seamap.env.duke.edu/dataset/2145</onlink><geoform>vector digital data</geoform><pubinfo><pubplace>https://seamap.env.duke.edu/dataset/2145</pubplace><publish>OBIS-SEAMAP</publish></pubinfo></citeinfo>
	</citation><descript>
	<abstract>In 2015, NOAA Fisheries Southwest Fisheries Science Center (SWFSC) undertook a Collaborative Large Whale Survey (CLaWS) from 9 July through 9 November aboard NOAA Ship Reuben Lasker. The survey was a collaborative effort between SWFSC and NOAA Fisheries Alaska Fisheries Science Center.  &#13;
The study was conducted in U.S. and Canadian waters of the eastern North Pacific (ENP) between the Aleutian Islands, Alaska, and San Diego, California (Fig. 1). The survey was separated into five legs, ranging from 15 to 25 days. The fourth leg of the survey occurred in Canadian Pacific coastal waters between 28 September and 22 October and was a collaborative effort with Dr. John Ford of the Cetacean Research Program, Pacific Biological Station, Fisheries and Oceans Canada.</abstract><purpose>CLAWS = Collaborative Large Whale Survey.&#13;
Objective: photo ID study of the Pacific Coast Feeding Group (PCFG) of gray whales (Eschrichtius robustus) between central California and Kodiak, Alaska. &#13;
Vessel: NOAA Ship Reuben Lasker.  &#13;
Study area: U.S. and Canadian waters of the Eastern North Pacific (ENP) between the Aleutian Islands, Alaska, and San Diego, California.</purpose><supplinf>SWFSC MMTD Cruise Number: 1648&#13;
Perpendicular distance will be released upon permission by the contributor. Please contact the contributor if needed.&#13;
&#13;
Attribute descriptions for effort data:&#13;
dist: Length of the segment (km) &#13;
Mode: Effort mode type (C = closing mode; P = passing mode)</supplinf></descript><timeperd><timeinfo><rngdates><begdate>20150710</begdate><enddate>20151107</enddate></rngdates></timeinfo><current>ground condition</current></timeperd><status><progress>Complete</progress><update>None planned</update></status><spdom><descgeog>Pacific</descgeog><bounding><westbc>-155.3645</westbc><eastbc>-119.514167</eastbc><northbc>60.230833</northbc><southbc>33.872833</southbc></bounding>
	</spdom><keywords><theme><themekt>None</themekt><themekey>Marine Animal Survey</themekey><themekey>Marine Biology</themekey><themekey>Marine mammals</themekey><themekey>Visual Sighting</themekey><themekey>Vessel</themekey></theme><place><placekt>None</placekt><placekey>Pacific</placekey><placekey>U.S. West Coast</placekey><placekey>California</placekey><placekey>Oregon</placekey><placekey>Washington</placekey><placekey>California Current</placekey></place></keywords><taxonomy><keywtax><taxonkt>Taxon covered</taxonkt><taxonkey>Marine mammals</taxonkey></keywtax><taxonsys><classsys><classcit><citeinfo><origin>Integrated Taxonomic Information System</origin><pubdate>Unknown</pubdate><title>Integrated Taxonomic Information System</title><geoform>Not applicable</geoform><othercit>Downloaded April, 2004</othercit><onlink>http://www.itis.usda.gov/</onlink></citeinfo></classcit></classsys><ider><cntinfo><cntperp><cntper>Refer to the contact information of the dataset</cntper><cntorg>Refer to the contact information of the dataset</cntorg></cntperp><cntaddr><addrtype>mailing and physical address</addrtype><address>Refer to the contact information of the dataset</address><city>Refer to the contact information of the dataset</city><state>Refer to the contact information of the dataset</state><postal>Refer to the contact information of the dataset</postal><country>Refer to the contact information of the dataset</country></cntaddr><cntvoice>Not provided</cntvoice></cntinfo></ider><taxonpro>Identified by observers or researchers conducting the survey</taxonpro></taxonsys><taxoncl><taxonrn>Kingdom</taxonrn><taxonrv>Animalia</taxonrv><taxoncl><taxonrn>Phylum</taxonrn><taxonrv>Chordata</taxonrv><taxoncl><taxonrn>Subphylum</taxonrn><taxonrv>Vertebrata</taxonrv><taxoncl><taxonrn>Class</taxonrn><taxonrv>Mammalia</taxonrv><taxoncl><taxonrn>Subclass</taxonrn><taxonrv>Theria</taxonrv><taxoncl><taxonrn>Infraclass</taxonrn><taxonrv>Eutheria</taxonrv><taxoncl><taxonrn>Order</taxonrn><taxonrv>Cetacea</taxonrv><taxoncl><taxonrn>Suborder</taxonrn><taxonrv>Mysticeti</taxonrv><taxoncl><taxonrn>Family</taxonrn><taxonrv>Balaenopteridae</taxonrv><taxoncl><taxonrn>Genus</taxonrn><taxonrv>Balaenoptera</taxonrv><taxoncl><taxonrn>Species</taxonrn><taxonrv>Balaenoptera acutorostrata</taxonrv></taxoncl><taxoncl><taxonrn>Species</taxonrn><taxonrv>Balaenoptera borealis</taxonrv></taxoncl><taxoncl><taxonrn>Species</taxonrn><taxonrv>Balaenoptera musculus</taxonrv></taxoncl><taxoncl><taxonrn>Species</taxonrn><taxonrv>Balaenoptera physalus</taxonrv></taxoncl></taxoncl><taxoncl><taxonrn>Genus</taxonrn><taxonrv>Megaptera</taxonrv><taxoncl><taxonrn>Species</taxonrn><taxonrv>Megaptera novaeangliae</taxonrv></taxoncl></taxoncl></taxoncl><taxoncl><taxonrn>Family</taxonrn><taxonrv>Eschrichtiidae</taxonrv><taxoncl><taxonrn>Genus</taxonrn><taxonrv>Eschrichtius</taxonrv><taxoncl><taxonrn>Species</taxonrn><taxonrv>Eschrichtius robustus</taxonrv></taxoncl></taxoncl></taxoncl></taxoncl><taxoncl><taxonrn>Suborder</taxonrn><taxonrv>Odontoceti</taxonrv><taxoncl><taxonrn>Family</taxonrn><taxonrv>Delphinidae</taxonrv><taxoncl><taxonrn>Genus</taxonrn><taxonrv>Delphinus</taxonrv><taxoncl><taxonrn>Species</taxonrn><taxonrv>Delphinus capensis</taxonrv></taxoncl><taxoncl><taxonrn>Species</taxonrn><taxonrv>Delphinus delphis</taxonrv></taxoncl></taxoncl><taxoncl><taxonrn>Genus</taxonrn><taxonrv>Globicephala</taxonrv><taxoncl><taxonrn>Species</taxonrn><taxonrv>Globicephala macrorhynchus</taxonrv></taxoncl></taxoncl><taxoncl><taxonrn>Genus</taxonrn><taxonrv>Grampus</taxonrv><taxoncl><taxonrn>Species</taxonrn><taxonrv>Grampus griseus</taxonrv></taxoncl></taxoncl><taxoncl><taxonrn>Genus</taxonrn><taxonrv>Lagenorhynchus</taxonrv><taxoncl><taxonrn>Species</taxonrn><taxonrv>Lagenorhynchus obliquidens</taxonrv></taxoncl></taxoncl><taxoncl><taxonrn>Genus</taxonrn><taxonrv>Lissodelphis</taxonrv><taxoncl><taxonrn>Species</taxonrn><taxonrv>Lissodelphis borealis</taxonrv></taxoncl></taxoncl><taxoncl><taxonrn>Genus</taxonrn><taxonrv>Orcinus</taxonrv><taxoncl><taxonrn>Species</taxonrn><taxonrv>Orcinus orca</taxonrv></taxoncl></taxoncl><taxoncl><taxonrn>Genus</taxonrn><taxonrv>Tursiops</taxonrv><taxoncl><taxonrn>Species</taxonrn><taxonrv>Tursiops truncatus</taxonrv></taxoncl></taxoncl></taxoncl><taxoncl><taxonrn>Family</taxonrn><taxonrv>Phocoenidae</taxonrv><taxoncl><taxonrn>Genus</taxonrn><taxonrv>Phocoena</taxonrv><taxoncl><taxonrn>Species</taxonrn><taxonrv>Phocoena phocoena</taxonrv></taxoncl></taxoncl><taxoncl><taxonrn>Genus</taxonrn><taxonrv>Phocoenoides</taxonrv><taxoncl><taxonrn>Species</taxonrn><taxonrv>Phocoenoides dalli</taxonrv></taxoncl></taxoncl></taxoncl><taxoncl><taxonrn>Family</taxonrn><taxonrv>Physeteridae</taxonrv><taxoncl><taxonrn>Genus</taxonrn><taxonrv>Physeter</taxonrv><taxoncl><taxonrn>Species</taxonrn><taxonrv>Physeter macrocephalus</taxonrv></taxoncl></taxoncl></taxoncl></taxoncl></taxoncl><taxoncl><taxonrn>Order</taxonrn><taxonrv>Carnivora</taxonrv><taxoncl><taxonrn>Suborder</taxonrn><taxonrv>Caniformia</taxonrv><taxoncl><taxonrn>Family</taxonrn><taxonrv>Otariidae</taxonrv><taxoncl><taxonrn>Genus</taxonrn><taxonrv>Callorhinus</taxonrv><taxoncl><taxonrn>Species</taxonrn><taxonrv>Callorhinus ursinus</taxonrv></taxoncl></taxoncl></taxoncl><taxoncl><taxonrn>Family</taxonrn><taxonrv>Mustelidae</taxonrv><taxoncl><taxonrn>Subfamily</taxonrn><taxonrv>Lutrinae</taxonrv><taxoncl><taxonrn>Genus</taxonrn><taxonrv>Enhydra</taxonrv><taxoncl><taxonrn>Species</taxonrn><taxonrv>Enhydra lutris</taxonrv></taxoncl></taxoncl></taxoncl></taxoncl><taxoncl><taxonrn>Family</taxonrn><taxonrv>Phocidae</taxonrv><taxoncl><taxonrn>Genus</taxonrn><taxonrv>Mirounga</taxonrv><taxoncl><taxonrn>Species</taxonrn><taxonrv>Mirounga angustirostris</taxonrv></taxoncl></taxoncl></taxoncl></taxoncl></taxoncl></taxoncl></taxoncl></taxoncl></taxoncl></taxoncl></taxoncl></taxonomy>
	<accconst>Open public unless otherwise noted. See Use Constraints for details.</accconst>
	<useconst>1. Not to use data obtained from OBIS-SEAMAP in any publication, product, &#13;
or commercial application without proper attribution to the original data &#13;
provider(s) and OBIS-SEAMAP unless the datasets are explicitly shown under &#13;
the CC0 policy. Citations or credits are suggested as attribution. If the data &#13;
you downloaded come from multiple datasets, a citation or credit to each of &#13;
the datasets is required.&#13;
&#13;
Suggested citation for this dataset:&#13;
&#13;
Weller, D. 2021. SWFSC Marine Mammal Survey, CLAWS 2015, Cruise 1648. Data downloaded from OBIS-SEAMAP (https://seamap.env.duke.edu/dataset/2145) on yyyy-mm-dd.&#13;
&#13;
Suggested citation for OBIS-SEAMAP:&#13;
&#13;
Halpin, P.N., A.J. Read, E. Fujioka, B.D. Best, B. Donnelly, L.J. Hazen, C. Kot, K. &#13;
Urian, E. LaBrecque, A. Dimatteo, J. Cleary, C. Good, L.B. Crowder, and K.D. &#13;
Hyrenbach. 2009. OBIS-SEAMAP: The world data center for marine mammal, &#13;
sea bird, and sea turtle distributions. Oceanography 22(2):104-115&#13;
&#13;
2. To forward the citation of any publication / report that made use of the &#13;
data / tools provided by OBIS-SEAMAP for inclusion in our list of references.&#13;
&#13;
3. Not to hold OBIS-SEAMAP or the original data providers liable for errors in &#13;
the data. While we have made every effort to ensure the quality of the &#13;
database, we cannot guarantee the accuracy of these datasets. &#13;
&#13;
4. The burden for determining fitness for use of the downloaded data for any &#13;
analyses lies entirely with the user. OBIS-SEAMAP or the original data &#13;
providers do not support outcomes of your analyses that used the data you &#13;
downloaded from OBIS-SEAMAP.&#13;
&#13;
5. To consider inclusion of the accompanying transect (effort) dataset if &#13;
available into the methodology of your analyses.&#13;
&#13;
6. Not to redistribute the data you downloaded from OBIS-SEAMAP through &#13;
any media without contect from OBIS-SEAMAP and the original data &#13;
providers unless the datasets are explicitly shown under the CC0 policy.</useconst>
	<ptcontac>
		<cntinfo>
			<cntperp><cntper>Jeffrey Moore</cntper><cntorg>Southwest Fisheries Science Center, NOAA</cntorg></cntperp>
			<cntaddr>
				<addrtype>mailing and physical address</addrtype>
			<address>8901 La Jolla Shores Dr.</address><city>La Jolla</city><state>CA</state><postal>92037</postal><country>USA</country></cntaddr>
		<cntvoice>unknown</cntvoice><cntemail>jeff.e.moore@noaa.gov</cntemail></cntinfo>
	</ptcontac><datacred>NOAA Southwest Fisheries Science Center (SWFSC)</datacred>
	<native>Relational database</native>
	<crossref><citeinfo><origin>Weller DW, Carretta JV, Chivers SJ, Ford JKB, Kownacki AK, Lang AR, Martínez-Aguilar S, Rone BK, Schulman-Janiger A.</origin><pubdate>2017</pubdate><title>COLLABORATIVE LARGE WHALE SURVEY 2015: GRAY WHALE PHOTO-IDENTIFICATION CATALOG</title><geoform>vector digital data</geoform><serinfo><sername>NOAA Technical Memorandum</sername><issue>NOAA-TM-NMFS-SWFSC-584</issue></serinfo><onlink>https://repository.library.noaa.gov/view/noaa/15459</onlink></citeinfo></crossref><crossref><citeinfo><origin>Halpin, P.N., A.J. Read, E. Fujioka, B.D. Best, B. Donnelly, L.J. Hazen, C. Kot, K. Urian, E. LaBrecque, A. Dimatteo, J. Cleary, C. Good, L.B. Crowder, and K.D. Hyrenbach</origin><pubdate>2009</pubdate><title>OBIS-SEAMAP: The world data center for marine mammal, sea bird, and sea turtle distributions</title><geoform>vector digital data</geoform><serinfo><sername>Oceanography</sername><issue>22(2):104-115</issue></serinfo><onlink>http://www.tos.org/oceanography/article/obis-seamap-the-world-data-center-for-marine-mammal-sea-bird-and-sea-turtle</onlink></citeinfo></crossref></idinfo>
	<dataqual>
		<attracc>
			<attraccr>All attributes were measured and recorded during the survey &#13;
and validated by the data provider.</attraccr></attracc>
		<logic>Permissible values for date and time and coordinates were &#13;
validated by the data provider and the OBIS-SEAMAP data &#13;
manager. Species identification by the data provider was &#13;
matched with Integrated Taxonomic Information System.</logic>
		<complete>All observation records are included.</complete><lineage><procstep><procdesc>Data were put through the OBIS-SEAMAP data registration steps.</procdesc><procdate>20210430</procdate></procstep></lineage></dataqual><spdoinfo><direct>Point</direct></spdoinfo><spref><horizsys><geograph>
				<latres>1e-06</latres><longres>1e-06</longres><geogunit>Decimal degrees</geogunit></geograph>
			<geodetic><horizdn>D_WGS_1984</horizdn><ellips>WGS_1984</ellips>
				<semiaxis>6378137.000000</semiaxis><denflat>298.257224</denflat></geodetic></horizsys></spref>

<eainfo><detailed><enttyp><enttypl>Biogeographic data</enttypl><enttypd>Biogeographic data</enttypd><enttypds>Not applicable</enttypds></enttyp><attr><attrlabl>oid</attrlabl><attrdef>Unique ID number (generated by OBIS-SEAMAP)</attrdef><attrdefs>Data provider</attrdefs><attrdomv><udom>Unique ID number (generated by OBIS-SEAMAP)</udom></attrdomv></attr><attr><attrlabl>event</attrlabl><attrdef>S = marine mammal sighting; t = sea turtle sighting; p = pinniped sighting</attrdef><attrdefs>Data provider</attrdefs><attrdomv><udom>S = marine mammal sighting; t = sea turtle sighting; p = pinniped sighting</udom></attrdomv></attr><attr><attrlabl>datetime</attrlabl><attrdef>Date and time of sighting (local time)</attrdef><attrdefs>Data provider</attrdefs><attrdomv><rdom><rdommin>2015-07-10 12:54:22</rdommin><rdommax>2015-11-07 13:13:09</rdommax></rdom></attrdomv></attr><attr><attrlabl>lat</attrlabl><attrdef>Latitude (decimal degrees) of vessel when sighting was made</attrdef><attrdefs>Data provider</attrdefs><attrdomv><rdom><rdommin>33.8728330</rdommin><rdommax>60.2308330</rdommax></rdom></attrdomv></attr><attr><attrlabl>lon</attrlabl><attrdef>Longitude (decimal degrees) of vessel when sighting was made</attrdef><attrdefs>Data provider</attrdefs><attrdomv><rdom><rdommin>-155.3645000</rdommin><rdommax>-119.5141670</rdommax></rdom></attrdomv></attr><attr><attrlabl>cruise</attrlabl><attrdef>SWFSC Marine Mammal and Turtle Divison Cruise number</attrdef><attrdefs>Data provider</attrdefs><attrdomv><rdom><rdommin>1648</rdommin><rdommax>1648</rdommax></rdom></attrdomv></attr><attr><attrlabl>sightno</attrlabl><attrdef>Sighting number (within Cruise)</attrdef><attrdefs>Data provider</attrdefs><attrdomv><rdom><rdommin>1</rdommin><rdommax>1521</rdommax></rdom></attrdomv></attr><attr><attrlabl>nsp</attrlabl><attrdef>Number of species observed in the sighting</attrdef><attrdefs>Data provider</attrdefs><attrdomv><rdom><rdommin>1</rdommin><rdommax>3</rdommax></rdom></attrdomv></attr><attr><attrlabl>mixed</attrlabl><attrdef>TRUE for a multi-species sighting (nSp &gt;= 2); FALSE otherwise (nSp = 1)</attrdef><attrdefs>Data provider</attrdefs><attrdomv><udom>TRUE for a multi-species sighting (nSp &gt;= 2); FALSE otherwise (nSp = 1)</udom></attrdomv></attr><attr><attrlabl>spcode</attrlabl><attrdef>Species code</attrdef><attrdefs>Data provider</attrdefs><attrdomv><udom>Species code</udom></attrdomv></attr><attr><attrlabl>sp_tsn</attrlabl><attrdef>Taxonomic Serial Number added by OBIS-SEAMAP</attrdef><attrdefs>Data provider</attrdefs><attrdomv><rdom><rdommin>0</rdommin><rdommax>555654</rdommax></rdom></attrdomv></attr><attr><attrlabl>gsspbest</attrlabl><attrdef>The mean of all observers</attrdef><attrdefs>Data provider</attrdefs><attrdomv><rdom><rdommin>1</rdommin><rdommax>1500</rdommax></rdom></attrdomv></attr><attr><attrlabl>gssphigh</attrlabl><attrdef>The mean of all observers</attrdef><attrdefs>Data provider</attrdefs><attrdomv><rdom><rdommin>1</rdommin><rdommax>2000</rdommax></rdom></attrdomv></attr><attr><attrlabl>gssplow</attrlabl><attrdef>The mean of all observers</attrdef><attrdefs>Data provider</attrdefs><attrdomv><rdom><rdommin>0</rdommin><rdommax>1100</rdommax></rdom></attrdomv></attr><attr><attrlabl>perpdistkm</attrlabl><attrdef>Perpendicular distance (km) to sighting from trackline; Available upon permission.</attrdef><attrdefs>Data provider</attrdefs><attrdomv><rdom><rdommin>0.0000000000</rdommin><rdommax>13.9000473100</rdommax></rdom></attrdomv></attr><attr><attrlabl>bft</attrlabl><attrdef>Beaufort sea state, as assessed by looking upswell with the naked eye.</attrdef><attrdefs>Data provider</attrdefs><attrdomv><rdom><rdommin>0</rdommin><rdommax>6</rdommax></rdom></attrdomv></attr><attr><attrlabl>swellhght</attrlabl><attrdef>Average swell height from trough to crest of typical swells (estimated in feet, by eye)</attrdef><attrdefs>Data provider</attrdefs><attrdomv><rdom><rdommin>0</rdommin><rdommax>15</rdommax></rdom></attrdomv></attr><attr><attrlabl>vis</attrlabl><attrdef>A measure of air/atmospheric clarity</attrdef><attrdefs>Data provider</attrdefs><attrdomv><rdom><rdommin>0.10</rdommin><rdommax>7.00</rdommax></rdom></attrdomv></attr><attr><attrlabl>groupsize_sightno</attrlabl><attrdef>Running count ID of all cetacean groups recorded (should be same as SightNo)</attrdef><attrdefs>Data provider</attrdefs><attrdomv><rdom><rdommin>1</rdommin><rdommax>1521</rdommax></rdom></attrdomv></attr><attr><attrlabl>groupsize_count</attrlabl><attrdef>Number of observers that provided a group size estimate (for calculating GsSpBest) for S events.</attrdef><attrdefs>Data provider</attrdefs><attrdomv><rdom><rdommin>1</rdommin><rdommax>2</rdommax></rdom></attrdomv></attr><attr><attrlabl>groupsize_count_obs</attrlabl><attrdef>Number of unique observer codes per sighting for S events</attrdef><attrdefs>Data provider</attrdefs><attrdomv><rdom><rdommin>1</rdommin><rdommax>2</rdommax></rdom></attrdomv></attr><attr><attrlabl>geom</attrlabl><attrdef>Geometry field added by OBIS-SEAMAP</attrdef><attrdefs>Data provider</attrdefs><attrdomv><udom>Geometry field added by OBIS-SEAMAP</udom></attrdomv></attr></detailed><overview><eaover>This section explains attributes included in the original dataset.&#13;
OBIS-SEAMAP restricts the attributes available to the public to date/time, lat/lon and &#13;
species names/counts only.&#13;
Should you need other attributes described here, you are encouraged to contact the data &#13;
provider.</eaover><eadetcit>NOAA Southwest Fisheries Science Center (SWFSC)</eadetcit></overview>
	</eainfo><distinfo>
	<distrib>
		<cntinfo>
			<cntorgp>
				<cntorg>Nicholas School of Environment, Duke Univ.</cntorg>
				<cntper>OBIS-SEAMAP</cntper>
			</cntorgp>
			<cntaddr>
				<addrtype>mailing and physical address</addrtype>
				<address>A328, LSRC</address><city>Durham</city><state>NC</state><postal>27708</postal><country>USA</country>
			</cntaddr>
			<cntvoice>919-613-8021</cntvoice>
			<cntemail>seamap-contact@duke.edu</cntemail>
		</cntinfo>
	</distrib><resdesc>OBIS-SEAMAP Dataset ID 2145</resdesc><distliab>Not to hold OBIS-SEAMAP liable for errors in the data. While we have made &#13;
every effort to ensure the quality of the database, we cannot guarantee the &#13;
accuracy of these datasets.&#13;
Also please refer to Use Constraints.</distliab>
	<stdorder>
		<digform>
			<digtinfo>
				<formname>CSV and ESRI shapefile</formname></digtinfo>
			<digtopt>
				<onlinopt>
					<computer>
						<networka>
							<networkr>OBIS-SEAMAP</networkr>
						</networka>
					</computer>
				</onlinopt>
			</digtopt>
		</digform>
		<fees>Free</fees>
		<ordering>Go to the OBIS-SEAMAP web site.</ordering>
	</stdorder>
	

	
</distinfo><metainfo>
	<metd>20220303</metd><metrd>20220303</metrd><metc>
		<cntinfo><cntperp>
	<cntper>Ei Fujioka</cntper>
	<cntorg>Nicholas School, Duke University</cntorg></cntperp><cntaddr><addrtype>mailing and physical address</addrtype><address>A328, LSRC</address><city>Durham</city><state>NC</state><postal>27708</postal><country>USA</country></cntaddr>
			<cntvoice>919-613-8021</cntvoice>
			<cntemail>seamap-contact@duke.edu</cntemail>
			</cntinfo>
	</metc><metstdn>FGDC Content Standards for Digital Geospatial Metadata</metstdn><metstdv>FGDC-STD-001-1998</metstdv><mettc>local time</mettc>
	
	
	
	
	<metextns><onlink>http://www.nbii.gov/</onlink><metprof>Biological Data Profile</metprof></metextns>
	
	</metainfo>
	
</metadata>
