<?xml version="1.0"?>
<metadata>
  <idinfo>
    <descript>
      <abstract>This database contains the effort and marine mammal sightings from surveys conducted by Cascadia Research (sometimes in collaboration with other groups) in the waters off California, Oregon, Washington, and British Columbia. Survey effort consisted of 1,585 boat surveys from 1986 to 2004. A total of 16,541 marine mammal sightings are included. Surveys are primarily by small boat conducted as part of long-term studies of humpback, blue, and gray whales in the eastern North Pacific. Since these were not conducted as part of systematic line-transect surveys, effort is not evenly distributed and distribution densities of animals should only be interpreted in the context of survey effort.</abstract>
      <purpose>A primary goal of these surveys was to maximize the number of humpback, blue, and gray whales photographically identified. Due to this reason, surveys were intentionally conducted in areas of known or expected high densities of whales.</purpose>
      <supplinf>Sightings in this database cover all cetacean species encountered but not necessarily all pinniped sightings (some were recorded). For humpback and blue whales, sightings reported in this database may overlap with those included in the humpback and blue whale photo-ID databases registered in OBIS-SEAMAP:&lt;br&gt;&#xD;
- &lt;a href="http://seamap.env.duke.edu/dataset/348"&gt;Cascadia Research Humpback Whale Photo IDs, 1966-2004 (ID: 348)&lt;/a&gt;&lt;br&gt;&#xD;
- &lt;a href="http://seamap.env.duke.edu/dataset/99"&gt;Cascadia Research Blue Whale Photo IDs for US West Coast, 1972-2004 (ID: 99)&lt;/a&gt;&lt;br&gt;&#xD;
The sightings and effort reported here were not a part of systematic or random surveys. Survey effort is not evenly distributed among regions, seasons, or years. The number of sightings alone in a region or time period, therefore, does not necessarily reflect density. The amount of effort conducted needs to be considered prior to making conclusions about density of animals.</supplinf>
    </descript>
    <citation>
      <citeinfo><origin>Calambokidis, J</origin><pubdate>2012</pubdate><title>Cascadia Research Marine Mammal Sightings 1991-2004</title><onlink>http://seamap.env.duke.edu/dataset/353</onlink><serinfo><sername>OBIS-SEAMAP</sername><issue>353</issue></serinfo><pubinfo><pubplace>http://seamap.env.duke.edu/dataset/353</pubplace><publish>OBIS-SEAMAP</publish></pubinfo><geoform>vector digital data</geoform></citeinfo>
    </citation>
    <timeperd>
      <current>ground condition</current>
      <timeinfo>
        <rngdates>
          <begdate>19910716</begdate>
          <enddate>20041231</enddate>
        </rngdates>
      </timeinfo>
    </timeperd>
    <status>
      <progress>Complete</progress>
      <update>None planned</update>
    </status>
    <spdom><bounding><westbc>-131.4403</westbc><eastbc>-117.3086</eastbc><northbc>52.7336</northbc><southbc>31.5515</southbc></bounding><lboundng><leftbc>-131.4403</leftbc><rightbc>-117.3086</rightbc><topbc>52.7336</topbc><bottombc>31.5515</bottombc></lboundng><descgeog>California</descgeog></spdom>
    <keywords><theme><themekt>None</themekt><themekey>Vessels</themekey><themekey>Sightings</themekey><themekey>marine mammal</themekey><themekey>ship survey</themekey><themekey>cetacean</themekey></theme><place><placekt>None</placekt><placekey>California</placekey><placekey>Oregon</placekey><placekey>Washington</placekey><placekey>British Columbia</placekey></place></keywords>
    <accconst>Open public unless otherwise noted. See Use Constraints for details.</accconst>
    <useconst>1. Not to use data obtained from OBIS-SEAMAP in any publication, product, or commercial application without proper attribution to the original data provider(s) and OBIS-SEAMAP unless the datasets are explicitly shown under the CC0 policy. Citations or credits are suggested as attribution. If the data you downloaded come from multiple datasets, a citation or credit to each of the datasets is required.&#xD;
&#xD;
Suggested citation for this dataset:&#xD;
&#xD;
Calambokidis, J. 2012. Cascadia Research Marine Mammal Sightings 1991-2004. Data downloaded from OBIS-SEAMAP (http://seamap.env.duke.edu/dataset/353) on yyyy-mm-dd.&#xD;
&#xD;
Suggested citation for OBIS-SEAMAP:&#xD;
&#xD;
Halpin, P.N., A.J. Read, E. Fujioka, B.D. Best, B. Donnelly, L.J. Hazen, C. Kot, K. Urian, E. LaBrecque, A. Dimatteo, J. Cleary, C. Good, L.B. Crowder, and K.D. Hyrenbach. 2009. OBIS-SEAMAP: The world data center for marine mammal, sea bird, and sea turtle distributions. Oceanography 22(2):104-115&#xD;
&#xD;
2. To forward the citation of any publication / report that made use of the data / tools provided by OBIS-SEAMAP for inclusion in our list of references.&#xD;
&#xD;
3. Not to hold OBIS-SEAMAP or the original data providers liable for errors in the data. While we have made every effort to ensure the quality of the database, we cannot guarantee the accuracy of these datasets. &#xD;
&#xD;
4. The burden for determining fitness for use of the downloaded data for any analyses lies entirely with the user. OBIS-SEAMAP or the original data providers do not support outcomes of your analyses that used the data you downloaded from OBIS-SEAMAP.&#xD;
&#xD;
5. To consider inclusion of the accompanying transect (effort) dataset if available into the methodology of your analyses.&#xD;
&#xD;
6. Not to redistribute the data you downloaded from OBIS-SEAMAP through any media without contect from OBIS-SEAMAP and the original data providers unless the datasets are explicitly shown under the CC0 policy.</useconst>
    <natvform>Shapefile</natvform>
    <ptcontac>
      <cntinfo>
        <cntperp>
          <cntper>John Calambokidis</cntper>
          <cntorg/>
        </cntperp>
        <cntpos/>
        <cntaddr>
          <addrtype>mailing and physical address</addrtype>
          <address/>
          <city/>
          <state/>
          <postal/>
          <country/>
        </cntaddr>
        <cntvoice>unknown</cntvoice>
        <cntemail/>
      <cntfax/></cntinfo>
    </ptcontac>
    <datacred>Cascadia Research</datacred>
    <taxonomy>
      <taxonsys>
        <classsys>
          <classcit>
            <citeinfo>
              <origin>Integrated Taxonomic Information System</origin>
              <title>Integrated Taxonomic Information System</title>
              <onlink>http://www.itis.usda.gov/</onlink>
              <othercit>Downloaded April, 2004</othercit>
            </citeinfo>
          </classcit>
        </classsys>
        <ider>
          <cntinfo>
            <cntorgp>
              <cntorg>Refer to the contact information of the dataset</cntorg>
            </cntorgp>
          </cntinfo>
        </ider>
      </taxonsys>
      <taxoncl>
        <taxonrn>Kingdom</taxonrn>
        <taxonrv>Animalia</taxonrv>
        <taxoncl>
          <taxonrn>Phylum</taxonrn>
          <taxonrv>Chordata</taxonrv>
          <taxoncl>
            <taxonrn>Subphylum</taxonrn>
            <taxonrv>Vertebrata</taxonrv>
            <taxoncl>
              <taxonrn>Class</taxonrn>
              <taxonrv>Mammalia</taxonrv>
              <taxoncl>
                <taxonrn>Subclass</taxonrn>
                <taxonrv>Theria</taxonrv>
                <taxoncl>
                  <taxonrn>Infraclass</taxonrn>
                  <taxonrv>Eutheria</taxonrv>
                  <taxoncl>
                    <taxonrn>Order</taxonrn>
                    <taxonrv>Cetacea</taxonrv>
                    <taxoncl>
                      <taxonrn>Suborder</taxonrn>
                      <taxonrv>Mysticeti</taxonrv>
                      <taxoncl>
                        <taxonrn>Family</taxonrn>
                        <taxonrv>Balaenopteridae</taxonrv>
                        <taxoncl>
                          <taxonrn>Genus</taxonrn>
                          <taxonrv>Balaenoptera</taxonrv>
                          <common>baleen whales</common>
                          <common>finback whales</common>
                          <common>rorquals</common>
                        </taxoncl>
                      </taxoncl>
                    </taxoncl>
                  </taxoncl>
                </taxoncl>
              </taxoncl>
            </taxoncl>
          </taxoncl>
        </taxoncl>
      </taxoncl>
      <taxoncl>
        <taxonrn>Kingdom</taxonrn>
        <taxonrv>Animalia</taxonrv>
        <taxoncl>
          <taxonrn>Phylum</taxonrn>
          <taxonrv>Chordata</taxonrv>
          <taxoncl>
            <taxonrn>Subphylum</taxonrn>
            <taxonrv>Vertebrata</taxonrv>
            <taxoncl>
              <taxonrn>Class</taxonrn>
              <taxonrv>Mammalia</taxonrv>
              <taxoncl>
                <taxonrn>Subclass</taxonrn>
                <taxonrv>Theria</taxonrv>
                <taxoncl>
                  <taxonrn>Infraclass</taxonrn>
                  <taxonrv>Eutheria</taxonrv>
                  <taxoncl>
                    <taxonrn>Order</taxonrn>
                    <taxonrv>Cetacea</taxonrv>
                    <taxoncl>
                      <taxonrn>Suborder</taxonrn>
                      <taxonrv>Mysticeti</taxonrv>
                      <taxoncl>
                        <taxonrn>Family</taxonrn>
                        <taxonrv>Balaenopteridae</taxonrv>
                        <taxoncl>
                          <taxonrn>Genus</taxonrn>
                          <taxonrv>Balaenoptera</taxonrv>
                          <common>baleen whales</common>
                          <common>finback whales</common>
                          <common>rorquals</common>
                        </taxoncl>
                      </taxoncl>
                    </taxoncl>
                  </taxoncl>
                </taxoncl>
              </taxoncl>
            </taxoncl>
          </taxoncl>
        </taxoncl>
      </taxoncl>
      <taxoncl>
        <taxonrn>Kingdom</taxonrn>
        <taxonrv>Animalia</taxonrv>
        <taxoncl>
          <taxonrn>Phylum</taxonrn>
          <taxonrv>Chordata</taxonrv>
          <taxoncl>
            <taxonrn>Subphylum</taxonrn>
            <taxonrv>Vertebrata</taxonrv>
            <taxoncl>
              <taxonrn>Class</taxonrn>
              <taxonrv>Mammalia</taxonrv>
              <taxoncl>
                <taxonrn>Subclass</taxonrn>
                <taxonrv>Theria</taxonrv>
                <taxoncl>
                  <taxonrn>Infraclass</taxonrn>
                  <taxonrv>Eutheria</taxonrv>
                  <taxoncl>
                    <taxonrn>Order</taxonrn>
                    <taxonrv>Cetacea</taxonrv>
                    <taxoncl>
                      <taxonrn>Suborder</taxonrn>
                      <taxonrv>Mysticeti</taxonrv>
                      <taxoncl>
                        <taxonrn>Family</taxonrn>
                        <taxonrv>Balaenopteridae</taxonrv>
                        <taxoncl>
                          <taxonrn>Genus</taxonrn>
                          <taxonrv>Balaenoptera</taxonrv>
                          <taxoncl>
                            <taxonrn>Species</taxonrn>
                            <taxonrv>Balaenoptera acutorostrata</taxonrv>
                            <common>Ballena menor</common>
                            <common>minke whale</common>
                            <common>northern minke whale</common>
                            <common>petit rorqual</common>
                          </taxoncl>
                        </taxoncl>
                      </taxoncl>
                    </taxoncl>
                  </taxoncl>
                </taxoncl>
              </taxoncl>
            </taxoncl>
          </taxoncl>
        </taxoncl>
      </taxoncl>
      <taxoncl>
        <taxonrn>Kingdom</taxonrn>
        <taxonrv>Animalia</taxonrv>
        <taxoncl>
          <taxonrn>Phylum</taxonrn>
          <taxonrv>Chordata</taxonrv>
          <taxoncl>
            <taxonrn>Subphylum</taxonrn>
            <taxonrv>Vertebrata</taxonrv>
            <taxoncl>
              <taxonrn>Class</taxonrn>
              <taxonrv>Mammalia</taxonrv>
              <taxoncl>
                <taxonrn>Subclass</taxonrn>
                <taxonrv>Theria</taxonrv>
                <taxoncl>
                  <taxonrn>Infraclass</taxonrn>
                  <taxonrv>Eutheria</taxonrv>
                  <taxoncl>
                    <taxonrn>Order</taxonrn>
                    <taxonrv>Cetacea</taxonrv>
                    <taxoncl>
                      <taxonrn>Suborder</taxonrn>
                      <taxonrv>Mysticeti</taxonrv>
                      <taxoncl>
                        <taxonrn>Family</taxonrn>
                        <taxonrv>Balaenopteridae</taxonrv>
                        <taxoncl>
                          <taxonrn>Genus</taxonrn>
                          <taxonrv>Balaenoptera</taxonrv>
                          <taxoncl>
                            <taxonrn>Species</taxonrn>
                            <taxonrv>Balaenoptera musculus</taxonrv>
                            <common>Ballena azul</common>
                            <common>blue whale</common>
                            <common>rorqual bleu</common>
                          </taxoncl>
                        </taxoncl>
                      </taxoncl>
                    </taxoncl>
                  </taxoncl>
                </taxoncl>
              </taxoncl>
            </taxoncl>
          </taxoncl>
        </taxoncl>
      </taxoncl>
      <taxoncl>
        <taxonrn>Kingdom</taxonrn>
        <taxonrv>Animalia</taxonrv>
        <taxoncl>
          <taxonrn>Phylum</taxonrn>
          <taxonrv>Chordata</taxonrv>
          <taxoncl>
            <taxonrn>Subphylum</taxonrn>
            <taxonrv>Vertebrata</taxonrv>
            <taxoncl>
              <taxonrn>Class</taxonrn>
              <taxonrv>Mammalia</taxonrv>
              <taxoncl>
                <taxonrn>Subclass</taxonrn>
                <taxonrv>Theria</taxonrv>
                <taxoncl>
                  <taxonrn>Infraclass</taxonrn>
                  <taxonrv>Eutheria</taxonrv>
                  <taxoncl>
                    <taxonrn>Order</taxonrn>
                    <taxonrv>Cetacea</taxonrv>
                    <taxoncl>
                      <taxonrn>Suborder</taxonrn>
                      <taxonrv>Mysticeti</taxonrv>
                      <taxoncl>
                        <taxonrn>Family</taxonrn>
                        <taxonrv>Balaenopteridae</taxonrv>
                        <taxoncl>
                          <taxonrn>Genus</taxonrn>
                          <taxonrv>Balaenoptera</taxonrv>
                          <taxoncl>
                            <taxonrn>Species</taxonrn>
                            <taxonrv>Balaenoptera physalus</taxonrv>
                            <common>Ballena de aleta</common>
                            <common>fin whale</common>
                            <common>finback whale</common>
                            <common>rorqual commun</common>
                          </taxoncl>
                        </taxoncl>
                      </taxoncl>
                    </taxoncl>
                  </taxoncl>
                </taxoncl>
              </taxoncl>
            </taxoncl>
          </taxoncl>
        </taxoncl>
      </taxoncl>
      <taxoncl>
        <taxonrn>Kingdom</taxonrn>
        <taxonrv>Animalia</taxonrv>
        <taxoncl>
          <taxonrn>Phylum</taxonrn>
          <taxonrv>Chordata</taxonrv>
          <taxoncl>
            <taxonrn>Subphylum</taxonrn>
            <taxonrv>Vertebrata</taxonrv>
            <taxoncl>
              <taxonrn>Class</taxonrn>
              <taxonrv>Mammalia</taxonrv>
              <taxoncl>
                <taxonrn>Subclass</taxonrn>
                <taxonrv>Theria</taxonrv>
                <taxoncl>
                  <taxonrn>Infraclass</taxonrn>
                  <taxonrv>Eutheria</taxonrv>
                  <taxoncl>
                    <taxonrn>Order</taxonrn>
                    <taxonrv>Cetacea</taxonrv>
                    <taxoncl>
                      <taxonrn>Suborder</taxonrn>
                      <taxonrv>Odontoceti</taxonrv>
                      <taxoncl>
                        <taxonrn>Family</taxonrn>
                        <taxonrv>Ziphiidae</taxonrv>
                        <taxoncl>
                          <taxonrn>Genus</taxonrn>
                          <taxonrv>Berardius</taxonrv>
                          <taxoncl>
                            <taxonrn>Species</taxonrn>
                            <taxonrv>Berardius bairdii</taxonrv>
                            <common>Baird's beaked whale</common>
                            <common>north Pacific bottle-nosed whale</common>
                          </taxoncl>
                        </taxoncl>
                      </taxoncl>
                    </taxoncl>
                  </taxoncl>
                </taxoncl>
              </taxoncl>
            </taxoncl>
          </taxoncl>
        </taxoncl>
      </taxoncl>
      <taxoncl>
        <taxonrn>Kingdom</taxonrn>
        <taxonrv>Animalia</taxonrv>
        <taxoncl>
          <taxonrn>Phylum</taxonrn>
          <taxonrv>Chordata</taxonrv>
          <taxoncl>
            <taxonrn>Subphylum</taxonrn>
            <taxonrv>Vertebrata</taxonrv>
            <taxoncl>
              <taxonrn>Class</taxonrn>
              <taxonrv>Mammalia</taxonrv>
              <taxoncl>
                <taxonrn>Subclass</taxonrn>
                <taxonrv>Theria</taxonrv>
                <taxoncl>
                  <taxonrn>Infraclass</taxonrn>
                  <taxonrv>Eutheria</taxonrv>
                  <taxoncl>
                    <taxonrn>Order</taxonrn>
                    <taxonrv>Carnivora</taxonrv>
                    <taxoncl>
                      <taxonrn>Suborder</taxonrn>
                      <taxonrv>Caniformia</taxonrv>
                      <taxoncl>
                        <taxonrn>Family</taxonrn>
                        <taxonrv>Otariidae</taxonrv>
                        <taxoncl>
                          <taxonrn>Genus</taxonrn>
                          <taxonrv>Callorhinus</taxonrv>
                          <taxoncl>
                            <taxonrn>Species</taxonrn>
                            <taxonrv>Callorhinus ursinus</taxonrv>
                            <common>northern fur seal</common>
                          </taxoncl>
                        </taxoncl>
                      </taxoncl>
                    </taxoncl>
                  </taxoncl>
                </taxoncl>
              </taxoncl>
            </taxoncl>
          </taxoncl>
        </taxoncl>
      </taxoncl>
      <taxoncl>
        <taxonrn>Kingdom</taxonrn>
        <taxonrv>Animalia</taxonrv>
        <taxoncl>
          <taxonrn>Phylum</taxonrn>
          <taxonrv>Chordata</taxonrv>
          <taxoncl>
            <taxonrn>Subphylum</taxonrn>
            <taxonrv>Vertebrata</taxonrv>
            <taxoncl>
              <taxonrn>Class</taxonrn>
              <taxonrv>Mammalia</taxonrv>
              <taxoncl>
                <taxonrn>Subclass</taxonrn>
                <taxonrv>Theria</taxonrv>
                <taxoncl>
                  <taxonrn>Infraclass</taxonrn>
                  <taxonrv>Eutheria</taxonrv>
                  <taxoncl>
                    <taxonrn>Order</taxonrn>
                    <taxonrv>Carnivora</taxonrv>
                    <taxoncl>
                      <taxonrn>Suborder</taxonrn>
                      <taxonrv>Caniformia</taxonrv>
                    </taxoncl>
                  </taxoncl>
                </taxoncl>
              </taxoncl>
            </taxoncl>
          </taxoncl>
        </taxoncl>
      </taxoncl>
      <taxoncl>
        <taxonrn>Kingdom</taxonrn>
        <taxonrv>Animalia</taxonrv>
        <taxoncl>
          <taxonrn>Phylum</taxonrn>
          <taxonrv>Chordata</taxonrv>
          <taxoncl>
            <taxonrn>Subphylum</taxonrn>
            <taxonrv>Vertebrata</taxonrv>
            <taxoncl>
              <taxonrn>Class</taxonrn>
              <taxonrv>Mammalia</taxonrv>
              <taxoncl>
                <taxonrn>Subclass</taxonrn>
                <taxonrv>Theria</taxonrv>
                <taxoncl>
                  <taxonrn>Infraclass</taxonrn>
                  <taxonrv>Eutheria</taxonrv>
                  <taxoncl>
                    <taxonrn>Order</taxonrn>
                    <taxonrv>Cetacea</taxonrv>
                    <common>s</common>
                    <common>ceo</common>
                    <common>res marins</common>
                    <common>baleia</common>
                    <common>baleines</common>
                    <common>cetaceans</common>
                    <common>dauphins</common>
                    <common>dolphins</common>
                    <common>golfinho</common>
                    <common>marine mammals</common>
                    <common>marsouins</common>
                    <common>porpoises</common>
                    <common>whales</common>
                  </taxoncl>
                </taxoncl>
              </taxoncl>
            </taxoncl>
          </taxoncl>
        </taxoncl>
      </taxoncl>
      <taxoncl>
        <taxonrn>Kingdom</taxonrn>
        <taxonrv>Animalia</taxonrv>
        <taxoncl>
          <taxonrn>Phylum</taxonrn>
          <taxonrv>Chordata</taxonrv>
          <taxoncl>
            <taxonrn>Subphylum</taxonrn>
            <taxonrv>Vertebrata</taxonrv>
            <taxoncl>
              <taxonrn>Class</taxonrn>
              <taxonrv>Mammalia</taxonrv>
              <taxoncl>
                <taxonrn>Subclass</taxonrn>
                <taxonrv>Theria</taxonrv>
                <taxoncl>
                  <taxonrn>Infraclass</taxonrn>
                  <taxonrv>Eutheria</taxonrv>
                  <taxoncl>
                    <taxonrn>Order</taxonrn>
                    <taxonrv>Cetacea</taxonrv>
                    <common>s</common>
                    <common>ceo</common>
                    <common>res marins</common>
                    <common>baleia</common>
                    <common>baleines</common>
                    <common>cetaceans</common>
                    <common>dauphins</common>
                    <common>dolphins</common>
                    <common>golfinho</common>
                    <common>marine mammals</common>
                    <common>marsouins</common>
                    <common>porpoises</common>
                    <common>whales</common>
                  </taxoncl>
                </taxoncl>
              </taxoncl>
            </taxoncl>
          </taxoncl>
        </taxoncl>
      </taxoncl>
      <taxoncl>
        <taxonrn>Kingdom</taxonrn>
        <taxonrv>Animalia</taxonrv>
        <taxoncl>
          <taxonrn>Phylum</taxonrn>
          <taxonrv>Chordata</taxonrv>
          <taxoncl>
            <taxonrn>Subphylum</taxonrn>
            <taxonrv>Vertebrata</taxonrv>
            <taxoncl>
              <taxonrn>Class</taxonrn>
              <taxonrv>Reptilia</taxonrv>
              <taxoncl>
                <taxonrn>Order</taxonrn>
                <taxonrv>Testudines</taxonrv>
                <taxoncl>
                  <taxonrn>Family</taxonrn>
                  <taxonrv>Cheloniidae</taxonrv>
                  <common>Sea Turtles</common>
                  <common>marine turtles</common>
                  <common>modern sea turtles</common>
                </taxoncl>
              </taxoncl>
            </taxoncl>
          </taxoncl>
        </taxoncl>
      </taxoncl>
      <taxoncl>
        <taxonrn>Kingdom</taxonrn>
        <taxonrv>Animalia</taxonrv>
        <taxoncl>
          <taxonrn>Phylum</taxonrn>
          <taxonrv>Chordata</taxonrv>
          <taxoncl>
            <taxonrn>Subphylum</taxonrn>
            <taxonrv>Vertebrata</taxonrv>
            <taxoncl>
              <taxonrn>Class</taxonrn>
              <taxonrv>Mammalia</taxonrv>
              <taxoncl>
                <taxonrn>Subclass</taxonrn>
                <taxonrv>Theria</taxonrv>
                <taxoncl>
                  <taxonrn>Infraclass</taxonrn>
                  <taxonrv>Eutheria</taxonrv>
                  <taxoncl>
                    <taxonrn>Order</taxonrn>
                    <taxonrv>Cetacea</taxonrv>
                    <taxoncl>
                      <taxonrn>Suborder</taxonrn>
                      <taxonrv>Odontoceti</taxonrv>
                      <taxoncl>
                        <taxonrn>Family</taxonrn>
                        <taxonrv>Delphinidae</taxonrv>
                        <common>dolphins</common>
                        <common>killer whales</common>
                        <common>marine dolphins</common>
                        <common>pilot whales</common>
                      </taxoncl>
                    </taxoncl>
                  </taxoncl>
                </taxoncl>
              </taxoncl>
            </taxoncl>
          </taxoncl>
        </taxoncl>
      </taxoncl>
      <taxoncl>
        <taxonrn>Kingdom</taxonrn>
        <taxonrv>Animalia</taxonrv>
        <taxoncl>
          <taxonrn>Phylum</taxonrn>
          <taxonrv>Chordata</taxonrv>
          <taxoncl>
            <taxonrn>Subphylum</taxonrn>
            <taxonrv>Vertebrata</taxonrv>
            <taxoncl>
              <taxonrn>Class</taxonrn>
              <taxonrv>Mammalia</taxonrv>
              <taxoncl>
                <taxonrn>Subclass</taxonrn>
                <taxonrv>Theria</taxonrv>
                <taxoncl>
                  <taxonrn>Infraclass</taxonrn>
                  <taxonrv>Eutheria</taxonrv>
                  <taxoncl>
                    <taxonrn>Order</taxonrn>
                    <taxonrv>Cetacea</taxonrv>
                    <taxoncl>
                      <taxonrn>Suborder</taxonrn>
                      <taxonrv>Odontoceti</taxonrv>
                      <taxoncl>
                        <taxonrn>Family</taxonrn>
                        <taxonrv>Delphinidae</taxonrv>
                        <taxoncl>
                          <taxonrn>Genus</taxonrn>
                          <taxonrv>Delphinus</taxonrv>
                          <common>common dolphins</common>
                        </taxoncl>
                      </taxoncl>
                    </taxoncl>
                  </taxoncl>
                </taxoncl>
              </taxoncl>
            </taxoncl>
          </taxoncl>
        </taxoncl>
      </taxoncl>
      <taxoncl>
        <taxonrn>Kingdom</taxonrn>
        <taxonrv>Animalia</taxonrv>
        <taxoncl>
          <taxonrn>Phylum</taxonrn>
          <taxonrv>Chordata</taxonrv>
          <taxoncl>
            <taxonrn>Subphylum</taxonrn>
            <taxonrv>Vertebrata</taxonrv>
            <taxoncl>
              <taxonrn>Class</taxonrn>
              <taxonrv>Mammalia</taxonrv>
              <taxoncl>
                <taxonrn>Subclass</taxonrn>
                <taxonrv>Theria</taxonrv>
                <taxoncl>
                  <taxonrn>Infraclass</taxonrn>
                  <taxonrv>Eutheria</taxonrv>
                  <taxoncl>
                    <taxonrn>Order</taxonrn>
                    <taxonrv>Cetacea</taxonrv>
                    <taxoncl>
                      <taxonrn>Suborder</taxonrn>
                      <taxonrv>Odontoceti</taxonrv>
                      <taxoncl>
                        <taxonrn>Family</taxonrn>
                        <taxonrv>Delphinidae</taxonrv>
                        <taxoncl>
                          <taxonrn>Genus</taxonrn>
                          <taxonrv>Delphinus</taxonrv>
                          <taxoncl>
                            <taxonrn>Species</taxonrn>
                            <taxonrv>Delphinus capensis</taxonrv>
                            <common>long-beaked common dolphin</common>
                            <common>long-beaked saddle-backed dolphin</common>
                            <common>long-beaked saddleback dolphin</common>
                          </taxoncl>
                        </taxoncl>
                      </taxoncl>
                    </taxoncl>
                  </taxoncl>
                </taxoncl>
              </taxoncl>
            </taxoncl>
          </taxoncl>
        </taxoncl>
      </taxoncl>
      <taxoncl>
        <taxonrn>Kingdom</taxonrn>
        <taxonrv>Animalia</taxonrv>
        <taxoncl>
          <taxonrn>Phylum</taxonrn>
          <taxonrv>Chordata</taxonrv>
          <taxoncl>
            <taxonrn>Subphylum</taxonrn>
            <taxonrv>Vertebrata</taxonrv>
            <taxoncl>
              <taxonrn>Class</taxonrn>
              <taxonrv>Mammalia</taxonrv>
              <taxoncl>
                <taxonrn>Subclass</taxonrn>
                <taxonrv>Theria</taxonrv>
                <taxoncl>
                  <taxonrn>Infraclass</taxonrn>
                  <taxonrv>Eutheria</taxonrv>
                  <taxoncl>
                    <taxonrn>Order</taxonrn>
                    <taxonrv>Cetacea</taxonrv>
                    <taxoncl>
                      <taxonrn>Suborder</taxonrn>
                      <taxonrv>Odontoceti</taxonrv>
                      <taxoncl>
                        <taxonrn>Family</taxonrn>
                        <taxonrv>Delphinidae</taxonrv>
                        <taxoncl>
                          <taxonrn>Genus</taxonrn>
                          <taxonrv>Delphinus</taxonrv>
                          <taxoncl>
                            <taxonrn>Species</taxonrn>
                            <taxonrv>Delphinus delphis</taxonrv>
                            <common>n</common>
                            <common>common dolphin</common>
                            <common>saddle-backed dolphin</common>
                            <common>short-beaked common dolphin</common>
                            <common>short-beaked saddle-backed dolphin</common>
                            <common>short-beaked saddleback dolphin</common>
                          </taxoncl>
                        </taxoncl>
                      </taxoncl>
                    </taxoncl>
                  </taxoncl>
                </taxoncl>
              </taxoncl>
            </taxoncl>
          </taxoncl>
        </taxoncl>
      </taxoncl>
      <taxoncl>
        <taxonrn>Kingdom</taxonrn>
        <taxonrv>Animalia</taxonrv>
        <taxoncl>
          <taxonrn>Phylum</taxonrn>
          <taxonrv>Chordata</taxonrv>
          <taxoncl>
            <taxonrn>Subphylum</taxonrn>
            <taxonrv>Vertebrata</taxonrv>
            <taxoncl>
              <taxonrn>Class</taxonrn>
              <taxonrv>Reptilia</taxonrv>
              <taxoncl>
                <taxonrn>Order</taxonrn>
                <taxonrv>Testudines</taxonrv>
                <taxoncl>
                  <taxonrn>Family</taxonrn>
                  <taxonrv>Dermochelyidae</taxonrv>
                  <taxoncl>
                    <taxonrn>Genus</taxonrn>
                    <taxonrv>Dermochelys</taxonrv>
                    <taxoncl>
                      <taxonrn>Subspecies</taxonrn>
                      <taxonrv>Dermochelys coriacea</taxonrv>
                      <common>d</common>
                      <common>Leatherback</common>
                      <common>leatherback sea turtle</common>
                      <common>leatherback turtle</common>
                      <common>tinglar</common>
                      <common>tortue luth</common>
                    </taxoncl>
                  </taxoncl>
                </taxoncl>
              </taxoncl>
            </taxoncl>
          </taxoncl>
        </taxoncl>
      </taxoncl>
      <taxoncl>
        <taxonrn>Kingdom</taxonrn>
        <taxonrv>Animalia</taxonrv>
        <taxoncl>
          <taxonrn>Phylum</taxonrn>
          <taxonrv>Chordata</taxonrv>
          <taxoncl>
            <taxonrn>Subphylum</taxonrn>
            <taxonrv>Vertebrata</taxonrv>
            <taxoncl>
              <taxonrn>Class</taxonrn>
              <taxonrv>Mammalia</taxonrv>
              <taxoncl>
                <taxonrn>Subclass</taxonrn>
                <taxonrv>Theria</taxonrv>
                <taxoncl>
                  <taxonrn>Infraclass</taxonrn>
                  <taxonrv>Eutheria</taxonrv>
                  <taxoncl>
                    <taxonrn>Order</taxonrn>
                    <taxonrv>Carnivora</taxonrv>
                    <taxoncl>
                      <taxonrn>Suborder</taxonrn>
                      <taxonrv>Caniformia</taxonrv>
                      <taxoncl>
                        <taxonrn>Family</taxonrn>
                        <taxonrv>Mustelidae</taxonrv>
                        <taxoncl>
                          <taxonrn>Subfamily</taxonrn>
                          <taxonrv>Lutrinae</taxonrv>
                          <taxoncl>
                            <taxonrn>Genus</taxonrn>
                            <taxonrv>Enhydra</taxonrv>
                            <taxoncl>
                              <taxonrn>Subspecies</taxonrn>
                              <taxonrv>Enhydra lutris</taxonrv>
                              <common>Nutria marina</common>
                              <common>sea otter</common>
                            </taxoncl>
                          </taxoncl>
                        </taxoncl>
                      </taxoncl>
                    </taxoncl>
                  </taxoncl>
                </taxoncl>
              </taxoncl>
            </taxoncl>
          </taxoncl>
        </taxoncl>
      </taxoncl>
      <taxoncl>
        <taxonrn>Kingdom</taxonrn>
        <taxonrv>Animalia</taxonrv>
        <taxoncl>
          <taxonrn>Phylum</taxonrn>
          <taxonrv>Chordata</taxonrv>
          <taxoncl>
            <taxonrn>Subphylum</taxonrn>
            <taxonrv>Vertebrata</taxonrv>
            <taxoncl>
              <taxonrn>Class</taxonrn>
              <taxonrv>Mammalia</taxonrv>
              <taxoncl>
                <taxonrn>Subclass</taxonrn>
                <taxonrv>Theria</taxonrv>
                <taxoncl>
                  <taxonrn>Infraclass</taxonrn>
                  <taxonrv>Eutheria</taxonrv>
                  <taxoncl>
                    <taxonrn>Order</taxonrn>
                    <taxonrv>Cetacea</taxonrv>
                    <taxoncl>
                      <taxonrn>Suborder</taxonrn>
                      <taxonrv>Mysticeti</taxonrv>
                      <taxoncl>
                        <taxonrn>Family</taxonrn>
                        <taxonrv>Eschrichtiidae</taxonrv>
                        <taxoncl>
                          <taxonrn>Genus</taxonrn>
                          <taxonrv>Eschrichtius</taxonrv>
                          <taxoncl>
                            <taxonrn>Species</taxonrn>
                            <taxonrv>Eschrichtius robustus</taxonrv>
                            <common>Ballena gris</common>
                            <common>gray whale</common>
                          </taxoncl>
                        </taxoncl>
                      </taxoncl>
                    </taxoncl>
                  </taxoncl>
                </taxoncl>
              </taxoncl>
            </taxoncl>
          </taxoncl>
        </taxoncl>
      </taxoncl>
      <taxoncl>
        <taxonrn>Kingdom</taxonrn>
        <taxonrv>Animalia</taxonrv>
        <taxoncl>
          <taxonrn>Phylum</taxonrn>
          <taxonrv>Chordata</taxonrv>
          <taxoncl>
            <taxonrn>Subphylum</taxonrn>
            <taxonrv>Vertebrata</taxonrv>
            <taxoncl>
              <taxonrn>Class</taxonrn>
              <taxonrv>Mammalia</taxonrv>
              <taxoncl>
                <taxonrn>Subclass</taxonrn>
                <taxonrv>Theria</taxonrv>
                <taxoncl>
                  <taxonrn>Infraclass</taxonrn>
                  <taxonrv>Eutheria</taxonrv>
                  <taxoncl>
                    <taxonrn>Order</taxonrn>
                    <taxonrv>Carnivora</taxonrv>
                    <taxoncl>
                      <taxonrn>Suborder</taxonrn>
                      <taxonrv>Caniformia</taxonrv>
                      <taxoncl>
                        <taxonrn>Family</taxonrn>
                        <taxonrv>Otariidae</taxonrv>
                        <taxoncl>
                          <taxonrn>Genus</taxonrn>
                          <taxonrv>Eumetopias</taxonrv>
                          <taxoncl>
                            <taxonrn>Species</taxonrn>
                            <taxonrv>Eumetopias jubatus</taxonrv>
                            <common>Steller's sea lion</common>
                            <common>northern sea lion</common>
                            <common>steller sea lion</common>
                            <common>steller sealion</common>
                          </taxoncl>
                        </taxoncl>
                      </taxoncl>
                    </taxoncl>
                  </taxoncl>
                </taxoncl>
              </taxoncl>
            </taxoncl>
          </taxoncl>
        </taxoncl>
      </taxoncl>
      <taxoncl>
        <taxonrn>Kingdom</taxonrn>
        <taxonrv>Animalia</taxonrv>
        <taxoncl>
          <taxonrn>Phylum</taxonrn>
          <taxonrv>Chordata</taxonrv>
          <taxoncl>
            <taxonrn>Subphylum</taxonrn>
            <taxonrv>Vertebrata</taxonrv>
            <taxoncl>
              <taxonrn>Class</taxonrn>
              <taxonrv>Mammalia</taxonrv>
              <taxoncl>
                <taxonrn>Subclass</taxonrn>
                <taxonrv>Theria</taxonrv>
                <taxoncl>
                  <taxonrn>Infraclass</taxonrn>
                  <taxonrv>Eutheria</taxonrv>
                  <taxoncl>
                    <taxonrn>Order</taxonrn>
                    <taxonrv>Cetacea</taxonrv>
                    <taxoncl>
                      <taxonrn>Suborder</taxonrn>
                      <taxonrv>Odontoceti</taxonrv>
                      <taxoncl>
                        <taxonrn>Family</taxonrn>
                        <taxonrv>Delphinidae</taxonrv>
                        <taxoncl>
                          <taxonrn>Genus</taxonrn>
                          <taxonrv>Globicephala</taxonrv>
                          <taxoncl>
                            <taxonrn>Species</taxonrn>
                            <taxonrv>Globicephala macrorhynchus</taxonrv>
                            <common>short-finned pilot whale</common>
                          </taxoncl>
                        </taxoncl>
                      </taxoncl>
                    </taxoncl>
                  </taxoncl>
                </taxoncl>
              </taxoncl>
            </taxoncl>
          </taxoncl>
        </taxoncl>
      </taxoncl>
      <taxoncl>
        <taxonrn>Kingdom</taxonrn>
        <taxonrv>Animalia</taxonrv>
        <taxoncl>
          <taxonrn>Phylum</taxonrn>
          <taxonrv>Chordata</taxonrv>
          <taxoncl>
            <taxonrn>Subphylum</taxonrn>
            <taxonrv>Vertebrata</taxonrv>
            <taxoncl>
              <taxonrn>Class</taxonrn>
              <taxonrv>Mammalia</taxonrv>
              <taxoncl>
                <taxonrn>Subclass</taxonrn>
                <taxonrv>Theria</taxonrv>
                <taxoncl>
                  <taxonrn>Infraclass</taxonrn>
                  <taxonrv>Eutheria</taxonrv>
                  <taxoncl>
                    <taxonrn>Order</taxonrn>
                    <taxonrv>Cetacea</taxonrv>
                    <taxoncl>
                      <taxonrn>Suborder</taxonrn>
                      <taxonrv>Odontoceti</taxonrv>
                      <taxoncl>
                        <taxonrn>Family</taxonrn>
                        <taxonrv>Delphinidae</taxonrv>
                        <taxoncl>
                          <taxonrn>Genus</taxonrn>
                          <taxonrv>Grampus</taxonrv>
                          <taxoncl>
                            <taxonrn>Species</taxonrn>
                            <taxonrv>Grampus griseus</taxonrv>
                            <common>n chato</common>
                            <common>Risso's dolphin</common>
                            <common>grampus</common>
                          </taxoncl>
                        </taxoncl>
                      </taxoncl>
                    </taxoncl>
                  </taxoncl>
                </taxoncl>
              </taxoncl>
            </taxoncl>
          </taxoncl>
        </taxoncl>
      </taxoncl>
      <taxoncl>
        <taxonrn>Kingdom</taxonrn>
        <taxonrv>Animalia</taxonrv>
        <taxoncl>
          <taxonrn>Phylum</taxonrn>
          <taxonrv>Chordata</taxonrv>
          <taxoncl>
            <taxonrn>Subphylum</taxonrn>
            <taxonrv>Vertebrata</taxonrv>
            <taxoncl>
              <taxonrn>Class</taxonrn>
              <taxonrv>Mammalia</taxonrv>
              <taxoncl>
                <taxonrn>Subclass</taxonrn>
                <taxonrv>Theria</taxonrv>
                <taxoncl>
                  <taxonrn>Infraclass</taxonrn>
                  <taxonrv>Eutheria</taxonrv>
                  <taxoncl>
                    <taxonrn>Order</taxonrn>
                    <taxonrv>Cetacea</taxonrv>
                    <taxoncl>
                      <taxonrn>Suborder</taxonrn>
                      <taxonrv>Odontoceti</taxonrv>
                      <taxoncl>
                        <taxonrn>Family</taxonrn>
                        <taxonrv>Delphinidae</taxonrv>
                        <taxoncl>
                          <taxonrn>Genus</taxonrn>
                          <taxonrv>Lagenorhynchus</taxonrv>
                          <taxoncl>
                            <taxonrn>Species</taxonrn>
                            <taxonrv>Lagenorhynchus obliquidens</taxonrv>
                            <common>n costado blanco</common>
                            <common>Pacific white-sided dolphin</common>
                          </taxoncl>
                        </taxoncl>
                      </taxoncl>
                    </taxoncl>
                  </taxoncl>
                </taxoncl>
              </taxoncl>
            </taxoncl>
          </taxoncl>
        </taxoncl>
      </taxoncl>
      <taxoncl>
        <taxonrn>Kingdom</taxonrn>
        <taxonrv>Animalia</taxonrv>
        <taxoncl>
          <taxonrn>Phylum</taxonrn>
          <taxonrv>Chordata</taxonrv>
          <taxoncl>
            <taxonrn>Subphylum</taxonrn>
            <taxonrv>Vertebrata</taxonrv>
            <taxoncl>
              <taxonrn>Class</taxonrn>
              <taxonrv>Mammalia</taxonrv>
              <taxoncl>
                <taxonrn>Subclass</taxonrn>
                <taxonrv>Theria</taxonrv>
                <taxoncl>
                  <taxonrn>Infraclass</taxonrn>
                  <taxonrv>Eutheria</taxonrv>
                  <taxoncl>
                    <taxonrn>Order</taxonrn>
                    <taxonrv>Cetacea</taxonrv>
                    <taxoncl>
                      <taxonrn>Suborder</taxonrn>
                      <taxonrv>Odontoceti</taxonrv>
                      <taxoncl>
                        <taxonrn>Family</taxonrn>
                        <taxonrv>Delphinidae</taxonrv>
                        <taxoncl>
                          <taxonrn>Genus</taxonrn>
                          <taxonrv>Lissodelphis</taxonrv>
                          <taxoncl>
                            <taxonrn>Species</taxonrn>
                            <taxonrv>Lissodelphis borealis</taxonrv>
                            <common>o</common>
                            <common>northern right whale dolphin</common>
                            <common>northern right-whale dolphin</common>
                          </taxoncl>
                        </taxoncl>
                      </taxoncl>
                    </taxoncl>
                  </taxoncl>
                </taxoncl>
              </taxoncl>
            </taxoncl>
          </taxoncl>
        </taxoncl>
      </taxoncl>
      <taxoncl>
        <taxonrn>Kingdom</taxonrn>
        <taxonrv>Animalia</taxonrv>
        <taxoncl>
          <taxonrn>Phylum</taxonrn>
          <taxonrv>Chordata</taxonrv>
          <taxoncl>
            <taxonrn>Subphylum</taxonrn>
            <taxonrv>Vertebrata</taxonrv>
            <taxoncl>
              <taxonrn>Class</taxonrn>
              <taxonrv>Mammalia</taxonrv>
              <taxoncl>
                <taxonrn>Subclass</taxonrn>
                <taxonrv>Theria</taxonrv>
                <taxoncl>
                  <taxonrn>Infraclass</taxonrn>
                  <taxonrv>Eutheria</taxonrv>
                  <taxoncl>
                    <taxonrn>Order</taxonrn>
                    <taxonrv>Cetacea</taxonrv>
                    <taxoncl>
                      <taxonrn>Suborder</taxonrn>
                      <taxonrv>Mysticeti</taxonrv>
                      <taxoncl>
                        <taxonrn>Family</taxonrn>
                        <taxonrv>Balaenopteridae</taxonrv>
                        <taxoncl>
                          <taxonrn>Genus</taxonrn>
                          <taxonrv>Megaptera</taxonrv>
                          <taxoncl>
                            <taxonrn>Species</taxonrn>
                            <taxonrv>Megaptera novaeangliae</taxonrv>
                            <common> bosse</common>
                            <common>Ballena jorobada</common>
                            <common>humpback whale</common>
                          </taxoncl>
                        </taxoncl>
                      </taxoncl>
                    </taxoncl>
                  </taxoncl>
                </taxoncl>
              </taxoncl>
            </taxoncl>
          </taxoncl>
        </taxoncl>
      </taxoncl>
      <taxoncl>
        <taxonrn>Kingdom</taxonrn>
        <taxonrv>Animalia</taxonrv>
        <taxoncl>
          <taxonrn>Phylum</taxonrn>
          <taxonrv>Chordata</taxonrv>
          <taxoncl>
            <taxonrn>Subphylum</taxonrn>
            <taxonrv>Vertebrata</taxonrv>
            <taxoncl>
              <taxonrn>Class</taxonrn>
              <taxonrv>Mammalia</taxonrv>
              <taxoncl>
                <taxonrn>Subclass</taxonrn>
                <taxonrv>Theria</taxonrv>
                <taxoncl>
                  <taxonrn>Infraclass</taxonrn>
                  <taxonrv>Eutheria</taxonrv>
                  <taxoncl>
                    <taxonrn>Order</taxonrn>
                    <taxonrv>Cetacea</taxonrv>
                    <taxoncl>
                      <taxonrn>Suborder</taxonrn>
                      <taxonrv>Odontoceti</taxonrv>
                      <taxoncl>
                        <taxonrn>Family</taxonrn>
                        <taxonrv>Ziphiidae</taxonrv>
                        <taxoncl>
                          <taxonrn>Genus</taxonrn>
                          <taxonrv>Mesoplodon</taxonrv>
                          <common>beaked whales</common>
                        </taxoncl>
                      </taxoncl>
                    </taxoncl>
                  </taxoncl>
                </taxoncl>
              </taxoncl>
            </taxoncl>
          </taxoncl>
        </taxoncl>
      </taxoncl>
      <taxoncl>
        <taxonrn>Kingdom</taxonrn>
        <taxonrv>Animalia</taxonrv>
        <taxoncl>
          <taxonrn>Phylum</taxonrn>
          <taxonrv>Chordata</taxonrv>
          <taxoncl>
            <taxonrn>Subphylum</taxonrn>
            <taxonrv>Vertebrata</taxonrv>
            <taxoncl>
              <taxonrn>Class</taxonrn>
              <taxonrv>Mammalia</taxonrv>
              <taxoncl>
                <taxonrn>Subclass</taxonrn>
                <taxonrv>Theria</taxonrv>
                <taxoncl>
                  <taxonrn>Infraclass</taxonrn>
                  <taxonrv>Eutheria</taxonrv>
                  <taxoncl>
                    <taxonrn>Order</taxonrn>
                    <taxonrv>Carnivora</taxonrv>
                    <taxoncl>
                      <taxonrn>Suborder</taxonrn>
                      <taxonrv>Caniformia</taxonrv>
                      <taxoncl>
                        <taxonrn>Family</taxonrn>
                        <taxonrv>Phocidae</taxonrv>
                        <taxoncl>
                          <taxonrn>Genus</taxonrn>
                          <taxonrv>Mirounga</taxonrv>
                          <taxoncl>
                            <taxonrn>Species</taxonrn>
                            <taxonrv>Mirounga angustirostris</taxonrv>
                            <common>o</common>
                            <common>northern elephant seal</common>
                            <common>northern sea elephant</common>
                          </taxoncl>
                        </taxoncl>
                      </taxoncl>
                    </taxoncl>
                  </taxoncl>
                </taxoncl>
              </taxoncl>
            </taxoncl>
          </taxoncl>
        </taxoncl>
      </taxoncl>
      <taxoncl>
        <taxonrn>Kingdom</taxonrn>
        <taxonrv>Animalia</taxonrv>
        <taxoncl>
          <taxonrn>Phylum</taxonrn>
          <taxonrv>Chordata</taxonrv>
          <taxoncl>
            <taxonrn>Subphylum</taxonrn>
            <taxonrv>Vertebrata</taxonrv>
            <taxoncl>
              <taxonrn>Class</taxonrn>
              <taxonrv>Mammalia</taxonrv>
              <taxoncl>
                <taxonrn>Subclass</taxonrn>
                <taxonrv>Theria</taxonrv>
                <taxoncl>
                  <taxonrn>Infraclass</taxonrn>
                  <taxonrv>Eutheria</taxonrv>
                  <taxoncl>
                    <taxonrn>Order</taxonrn>
                    <taxonrv>Cetacea</taxonrv>
                    <taxoncl>
                      <taxonrn>Suborder</taxonrn>
                      <taxonrv>Odontoceti</taxonrv>
                      <taxoncl>
                        <taxonrn>Family</taxonrn>
                        <taxonrv>Delphinidae</taxonrv>
                        <taxoncl>
                          <taxonrn>Genus</taxonrn>
                          <taxonrv>Orcinus</taxonrv>
                          <taxoncl>
                            <taxonrn>Species</taxonrn>
                            <taxonrv>Orcinus orca</taxonrv>
                            <common>paulard</common>
                            <common>n</common>
                            <common>killer whale</common>
                            <common>orca</common>
                          </taxoncl>
                        </taxoncl>
                      </taxoncl>
                    </taxoncl>
                  </taxoncl>
                </taxoncl>
              </taxoncl>
            </taxoncl>
          </taxoncl>
        </taxoncl>
      </taxoncl>
      <taxoncl>
        <taxonrn>Kingdom</taxonrn>
        <taxonrv>Animalia</taxonrv>
        <taxoncl>
          <taxonrn>Phylum</taxonrn>
          <taxonrv>Chordata</taxonrv>
          <taxoncl>
            <taxonrn>Subphylum</taxonrn>
            <taxonrv>Vertebrata</taxonrv>
            <taxoncl>
              <taxonrn>Class</taxonrn>
              <taxonrv>Mammalia</taxonrv>
              <taxoncl>
                <taxonrn>Subclass</taxonrn>
                <taxonrv>Theria</taxonrv>
                <taxoncl>
                  <taxonrn>Infraclass</taxonrn>
                  <taxonrv>Eutheria</taxonrv>
                  <taxoncl>
                    <taxonrn>Order</taxonrn>
                    <taxonrv>Carnivora</taxonrv>
                    <taxoncl>
                      <taxonrn>Suborder</taxonrn>
                      <taxonrv>Caniformia</taxonrv>
                      <taxoncl>
                        <taxonrn>Family</taxonrn>
                        <taxonrv>Phocidae</taxonrv>
                        <taxoncl>
                          <taxonrn>Genus</taxonrn>
                          <taxonrv>Phoca</taxonrv>
                          <taxoncl>
                            <taxonrn>Species</taxonrn>
                            <taxonrv>Phoca vitulina</taxonrv>
                            <common>n</common>
                            <common>harbor seal</common>
                            <common>phoque commun</common>
                          </taxoncl>
                        </taxoncl>
                      </taxoncl>
                    </taxoncl>
                  </taxoncl>
                </taxoncl>
              </taxoncl>
            </taxoncl>
          </taxoncl>
        </taxoncl>
      </taxoncl>
      <taxoncl>
        <taxonrn>Kingdom</taxonrn>
        <taxonrv>Animalia</taxonrv>
        <taxoncl>
          <taxonrn>Phylum</taxonrn>
          <taxonrv>Chordata</taxonrv>
          <taxoncl>
            <taxonrn>Subphylum</taxonrn>
            <taxonrv>Vertebrata</taxonrv>
            <taxoncl>
              <taxonrn>Class</taxonrn>
              <taxonrv>Mammalia</taxonrv>
              <taxoncl>
                <taxonrn>Subclass</taxonrn>
                <taxonrv>Theria</taxonrv>
                <taxoncl>
                  <taxonrn>Infraclass</taxonrn>
                  <taxonrv>Eutheria</taxonrv>
                  <taxoncl>
                    <taxonrn>Order</taxonrn>
                    <taxonrv>Cetacea</taxonrv>
                    <taxoncl>
                      <taxonrn>Suborder</taxonrn>
                      <taxonrv>Odontoceti</taxonrv>
                      <taxoncl>
                        <taxonrn>Family</taxonrn>
                        <taxonrv>Phocoenidae</taxonrv>
                        <taxoncl>
                          <taxonrn>Genus</taxonrn>
                          <taxonrv>Phocoena</taxonrv>
                          <taxoncl>
                            <taxonrn>Species</taxonrn>
                            <taxonrv>Phocoena phocoena</taxonrv>
                            <common>common porpoise</common>
                            <common>harbor porpoise</common>
                            <common>marsouin commun</common>
                          </taxoncl>
                        </taxoncl>
                      </taxoncl>
                    </taxoncl>
                  </taxoncl>
                </taxoncl>
              </taxoncl>
            </taxoncl>
          </taxoncl>
        </taxoncl>
      </taxoncl>
      <taxoncl>
        <taxonrn>Kingdom</taxonrn>
        <taxonrv>Animalia</taxonrv>
        <taxoncl>
          <taxonrn>Phylum</taxonrn>
          <taxonrv>Chordata</taxonrv>
          <taxoncl>
            <taxonrn>Subphylum</taxonrn>
            <taxonrv>Vertebrata</taxonrv>
            <taxoncl>
              <taxonrn>Class</taxonrn>
              <taxonrv>Mammalia</taxonrv>
              <taxoncl>
                <taxonrn>Subclass</taxonrn>
                <taxonrv>Theria</taxonrv>
                <taxoncl>
                  <taxonrn>Infraclass</taxonrn>
                  <taxonrv>Eutheria</taxonrv>
                  <taxoncl>
                    <taxonrn>Order</taxonrn>
                    <taxonrv>Cetacea</taxonrv>
                    <taxoncl>
                      <taxonrn>Suborder</taxonrn>
                      <taxonrv>Odontoceti</taxonrv>
                      <taxoncl>
                        <taxonrn>Family</taxonrn>
                        <taxonrv>Phocoenidae</taxonrv>
                        <common>porpoises</common>
                      </taxoncl>
                    </taxoncl>
                  </taxoncl>
                </taxoncl>
              </taxoncl>
            </taxoncl>
          </taxoncl>
        </taxoncl>
      </taxoncl>
      <taxoncl>
        <taxonrn>Kingdom</taxonrn>
        <taxonrv>Animalia</taxonrv>
        <taxoncl>
          <taxonrn>Phylum</taxonrn>
          <taxonrv>Chordata</taxonrv>
          <taxoncl>
            <taxonrn>Subphylum</taxonrn>
            <taxonrv>Vertebrata</taxonrv>
            <taxoncl>
              <taxonrn>Class</taxonrn>
              <taxonrv>Mammalia</taxonrv>
              <taxoncl>
                <taxonrn>Subclass</taxonrn>
                <taxonrv>Theria</taxonrv>
                <taxoncl>
                  <taxonrn>Infraclass</taxonrn>
                  <taxonrv>Eutheria</taxonrv>
                  <taxoncl>
                    <taxonrn>Order</taxonrn>
                    <taxonrv>Cetacea</taxonrv>
                    <taxoncl>
                      <taxonrn>Suborder</taxonrn>
                      <taxonrv>Odontoceti</taxonrv>
                      <taxoncl>
                        <taxonrn>Family</taxonrn>
                        <taxonrv>Phocoenidae</taxonrv>
                        <taxoncl>
                          <taxonrn>Genus</taxonrn>
                          <taxonrv>Phocoenoides</taxonrv>
                          <taxoncl>
                            <taxonrn>Species</taxonrn>
                            <taxonrv>Phocoenoides dalli</taxonrv>
                            <common>Dall's porpoise</common>
                            <common>Marsopa de Dall</common>
                            <common>True's porpoise</common>
                          </taxoncl>
                        </taxoncl>
                      </taxoncl>
                    </taxoncl>
                  </taxoncl>
                </taxoncl>
              </taxoncl>
            </taxoncl>
          </taxoncl>
        </taxoncl>
      </taxoncl>
      <taxoncl>
        <taxonrn>Kingdom</taxonrn>
        <taxonrv>Animalia</taxonrv>
        <taxoncl>
          <taxonrn>Phylum</taxonrn>
          <taxonrv>Chordata</taxonrv>
          <taxoncl>
            <taxonrn>Subphylum</taxonrn>
            <taxonrv>Vertebrata</taxonrv>
            <taxoncl>
              <taxonrn>Class</taxonrn>
              <taxonrv>Mammalia</taxonrv>
              <taxoncl>
                <taxonrn>Subclass</taxonrn>
                <taxonrv>Theria</taxonrv>
                <taxoncl>
                  <taxonrn>Infraclass</taxonrn>
                  <taxonrv>Eutheria</taxonrv>
                  <taxoncl>
                    <taxonrn>Order</taxonrn>
                    <taxonrv>Cetacea</taxonrv>
                    <taxoncl>
                      <taxonrn>Suborder</taxonrn>
                      <taxonrv>Odontoceti</taxonrv>
                      <taxoncl>
                        <taxonrn>Family</taxonrn>
                        <taxonrv>Physeteridae</taxonrv>
                        <taxoncl>
                          <taxonrn>Genus</taxonrn>
                          <taxonrv>Physeter</taxonrv>
                          <taxoncl>
                            <taxonrn>Species</taxonrn>
                            <taxonrv>Physeter catodon</taxonrv>
                            <common>sperm whale</common>
                          </taxoncl>
                        </taxoncl>
                      </taxoncl>
                    </taxoncl>
                  </taxoncl>
                </taxoncl>
              </taxoncl>
            </taxoncl>
          </taxoncl>
        </taxoncl>
      </taxoncl>
      <taxoncl>
        <taxonrn>Kingdom</taxonrn>
        <taxonrv>Animalia</taxonrv>
        <taxoncl>
          <taxonrn>Phylum</taxonrn>
          <taxonrv>Chordata</taxonrv>
          <taxoncl>
            <taxonrn>Subphylum</taxonrn>
            <taxonrv>Vertebrata</taxonrv>
            <taxoncl>
              <taxonrn>Class</taxonrn>
              <taxonrv>Mammalia</taxonrv>
              <taxoncl>
                <taxonrn>Subclass</taxonrn>
                <taxonrv>Theria</taxonrv>
                <taxoncl>
                  <taxonrn>Infraclass</taxonrn>
                  <taxonrv>Eutheria</taxonrv>
                  <taxoncl>
                    <taxonrn>Order</taxonrn>
                    <taxonrv>Cetacea</taxonrv>
                    <taxoncl>
                      <taxonrn>Suborder</taxonrn>
                      <taxonrv>Odontoceti</taxonrv>
                      <taxoncl>
                        <taxonrn>Family</taxonrn>
                        <taxonrv>Delphinidae</taxonrv>
                        <taxoncl>
                          <taxonrn>Genus</taxonrn>
                          <taxonrv>Pseudorca</taxonrv>
                          <taxoncl>
                            <taxonrn>Species</taxonrn>
                            <taxonrv>Pseudorca crassidens</taxonrv>
                            <common>Orca-falsa</common>
                            <common>false killer whale</common>
                          </taxoncl>
                        </taxoncl>
                      </taxoncl>
                    </taxoncl>
                  </taxoncl>
                </taxoncl>
              </taxoncl>
            </taxoncl>
          </taxoncl>
        </taxoncl>
      </taxoncl>
      <taxoncl>
        <taxonrn>Kingdom</taxonrn>
        <taxonrv>Animalia</taxonrv>
        <taxoncl>
          <taxonrn>Phylum</taxonrn>
          <taxonrv>Chordata</taxonrv>
          <taxoncl>
            <taxonrn>Subphylum</taxonrn>
            <taxonrv>Vertebrata</taxonrv>
            <taxoncl>
              <taxonrn>Class</taxonrn>
              <taxonrv>Mammalia</taxonrv>
              <taxoncl>
                <taxonrn>Subclass</taxonrn>
                <taxonrv>Theria</taxonrv>
                <taxoncl>
                  <taxonrn>Infraclass</taxonrn>
                  <taxonrv>Eutheria</taxonrv>
                  <taxoncl>
                    <taxonrn>Order</taxonrn>
                    <taxonrv>Cetacea</taxonrv>
                    <taxoncl>
                      <taxonrn>Suborder</taxonrn>
                      <taxonrv>Odontoceti</taxonrv>
                      <taxoncl>
                        <taxonrn>Family</taxonrn>
                        <taxonrv>Delphinidae</taxonrv>
                        <taxoncl>
                          <taxonrn>Genus</taxonrn>
                          <taxonrv>Tursiops</taxonrv>
                          <taxoncl>
                            <taxonrn>Species</taxonrn>
                            <taxonrv>Tursiops truncatus</taxonrv>
                            <common>n tonina</common>
                            <common>bottlenose dolphin</common>
                            <common>bottlenosed dolphin</common>
                          </taxoncl>
                        </taxoncl>
                      </taxoncl>
                    </taxoncl>
                  </taxoncl>
                </taxoncl>
              </taxoncl>
            </taxoncl>
          </taxoncl>
        </taxoncl>
      </taxoncl>
      <taxoncl>
        <taxonrn>Kingdom</taxonrn>
        <taxonrv>Animalia</taxonrv>
        <taxoncl>
          <taxonrn>Phylum</taxonrn>
          <taxonrv>Chordata</taxonrv>
          <taxoncl>
            <taxonrn>Subphylum</taxonrn>
            <taxonrv>Vertebrata</taxonrv>
            <taxoncl>
              <taxonrn>Class</taxonrn>
              <taxonrv>Mammalia</taxonrv>
              <taxoncl>
                <taxonrn>Subclass</taxonrn>
                <taxonrv>Theria</taxonrv>
                <taxoncl>
                  <taxonrn>Infraclass</taxonrn>
                  <taxonrv>Eutheria</taxonrv>
                  <taxoncl>
                    <taxonrn>Order</taxonrn>
                    <taxonrv>Carnivora</taxonrv>
                    <taxoncl>
                      <taxonrn>Suborder</taxonrn>
                      <taxonrv>Caniformia</taxonrv>
                      <taxoncl>
                        <taxonrn>Family</taxonrn>
                        <taxonrv>Otariidae</taxonrv>
                        <taxoncl>
                          <taxonrn>Genus</taxonrn>
                          <taxonrv>Zalophus</taxonrv>
                          <taxoncl>
                            <taxonrn>Species</taxonrn>
                            <taxonrv>Zalophus californianus</taxonrv>
                            <common>California sea lion</common>
                            <common>California sealion</common>
                            <common>Lobo-marino californiano</common>
                          </taxoncl>
                        </taxoncl>
                      </taxoncl>
                    </taxoncl>
                  </taxoncl>
                </taxoncl>
              </taxoncl>
            </taxoncl>
          </taxoncl>
        </taxoncl>
      </taxoncl>
      <taxoncl>
        <taxonrn>Kingdom</taxonrn>
        <taxonrv>Animalia</taxonrv>
        <taxoncl>
          <taxonrn>Phylum</taxonrn>
          <taxonrv>Chordata</taxonrv>
          <taxoncl>
            <taxonrn>Subphylum</taxonrn>
            <taxonrv>Vertebrata</taxonrv>
            <taxoncl>
              <taxonrn>Class</taxonrn>
              <taxonrv>Mammalia</taxonrv>
              <taxoncl>
                <taxonrn>Subclass</taxonrn>
                <taxonrv>Theria</taxonrv>
                <taxoncl>
                  <taxonrn>Infraclass</taxonrn>
                  <taxonrv>Eutheria</taxonrv>
                  <taxoncl>
                    <taxonrn>Order</taxonrn>
                    <taxonrv>Cetacea</taxonrv>
                    <taxoncl>
                      <taxonrn>Suborder</taxonrn>
                      <taxonrv>Odontoceti</taxonrv>
                      <taxoncl>
                        <taxonrn>Family</taxonrn>
                        <taxonrv>Ziphiidae</taxonrv>
                        <common>beaked whales</common>
                      </taxoncl>
                    </taxoncl>
                  </taxoncl>
                </taxoncl>
              </taxoncl>
            </taxoncl>
          </taxoncl>
        </taxoncl>
      </taxoncl>
      <taxoncl>
        <taxonrn>Kingdom</taxonrn>
        <taxonrv>Animalia</taxonrv>
        <taxoncl>
          <taxonrn>Phylum</taxonrn>
          <taxonrv>Chordata</taxonrv>
          <taxoncl>
            <taxonrn>Subphylum</taxonrn>
            <taxonrv>Vertebrata</taxonrv>
            <taxoncl>
              <taxonrn>Class</taxonrn>
              <taxonrv>Mammalia</taxonrv>
              <taxoncl>
                <taxonrn>Subclass</taxonrn>
                <taxonrv>Theria</taxonrv>
                <taxoncl>
                  <taxonrn>Infraclass</taxonrn>
                  <taxonrv>Eutheria</taxonrv>
                  <taxoncl>
                    <taxonrn>Order</taxonrn>
                    <taxonrv>Cetacea</taxonrv>
                    <taxoncl>
                      <taxonrn>Suborder</taxonrn>
                      <taxonrv>Odontoceti</taxonrv>
                      <taxoncl>
                        <taxonrn>Family</taxonrn>
                        <taxonrv>Ziphiidae</taxonrv>
                        <taxoncl>
                          <taxonrn>Genus</taxonrn>
                          <taxonrv>Ziphius</taxonrv>
                          <taxoncl>
                            <taxonrn>Species</taxonrn>
                            <taxonrv>Ziphius cavirostris</taxonrv>
                            <common>Ballena-picuda de Couvier</common>
                            <common>Cuvier's beaked whale</common>
                            <common>goose-beaked whale</common>
                            <common>goosebeak whale</common>
                          </taxoncl>
                        </taxoncl>
                      </taxoncl>
                    </taxoncl>
                  </taxoncl>
                </taxoncl>
              </taxoncl>
            </taxoncl>
          </taxoncl>
        </taxoncl>
      </taxoncl>
    </taxonomy>
  <native>Relational database</native><crossref><citeinfo><origin>Halpin, P.N., A.J. Read, E. Fujioka, B.D. Best, B. Donnelly, L.J. Hazen, C. Kot, K. Urian, E. LaBrecque, A. Dimatteo, J. Cleary, C. Good, L.B. Crowder, and K.D. Hyrenbach</origin><pubdate>2009</pubdate><title>OBIS-SEAMAP: The world data center for marine mammal, sea bird, and sea turtle distributions</title><geoform>vector digital data</geoform><serinfo><sername>Oceanography</sername><issue>22(2):104-115</issue></serinfo><onlink>http://www.tos.org/oceanography/article/obis-seamap-the-world-data-center-for-marine-mammal-sea-bird-and-sea-turtle</onlink></citeinfo></crossref></idinfo>
  <metainfo>
    <metc><cntinfo>
        <cntorgp>
          <cntper>OBIS-SEAMAP</cntper>
          <cntorg>Nicholas School of Environment, Duke Univ.</cntorg>
        </cntorgp>
        <cntpos/>
        <cntaddr>
          <addrtype>mailing and physical address</addrtype>
          <address>LSRC A328</address>
          <city>Durham</city>
          <state>NC</state>
          <postal>27708</postal>
          <country>USA</country>
        </cntaddr>
        <cntvoice>919-613-8021</cntvoice>
        <cntemail>efujioka@duke.edu</cntemail>
      <cntperp><cntper>Ei Fujioka</cntper><cntorg>Duke University</cntorg></cntperp></cntinfo></metc>
    <metextns>
      <onlink>http://www.nbii.gov/</onlink>
      <metprof>Biological Data Profile</metprof>
    </metextns>
  <metd>20160912</metd><metrd>20160912</metrd></metainfo>
  <dataqual>
    <posacc>
      <horizpa>
        <horizpar/>
      </horizpa>
      <vertacc>
        <vertaccr/>
      </vertacc>
    </posacc>
  <attracc><attraccr/></attracc><complete>All observation records are included.</complete><logic>Permissible values for date and time and coordinates were validated by the data provider and the OBIS-SEAMAP data manager. Species identification by the data provider was matched with Integrated Taxonomic Information System.</logic><lineage><procstep><procdesc>Data were put through the OBIS-SEAMAP data registration steps.</procdesc><procdate>20120731</procdate></procstep></lineage></dataqual>
<distinfo><distrib><cntinfo><cntorgp><cntper>OBIS-SEAMAP</cntper><cntorg>Nicholas School of Environment, Duke Univ.</cntorg></cntorgp><cntpos/><cntaddr><addrtype>mailing and physical address</addrtype><address>A328, LSRC</address><city>Durham</city><state>NC</state><postal>27708</postal><country>USA</country></cntaddr><cntvoice>919-613-8021</cntvoice><cntemail>seamap-contact@duke.edu</cntemail><cntefax/></cntinfo></distrib><distliab>Not to hold OBIS-SEAMAP liable for errors in the data. While we have made every effort to ensure the quality of the database, we cannot guarantee the accuracy of these datasets.&#xD;
Also please refer to Use Constraints.</distliab><stdorder><fees>Free</fees><ordering>Go to the OBIS-SEAMAP web site</ordering><digform><digtinfo><formname>zip</formname><filedec>zipped shapefile</filedec></digtinfo><digtopt><onlinopt><computer><networka><networkr>http://seamap.env.duke.edu/dataset/353</networkr></networka></computer></onlinopt></digtopt></digform></stdorder><resdesc>OBIS-SEAMAP Dataset ID 353</resdesc></distinfo><spref><horizsys><cordsysn><geogcsn>GCS_WGS_1984</geogcsn></cordsysn><geograph><geogunit>Decimal degrees</geogunit><latres>0.0001</latres><longres>0.0001</longres></geograph><geodetic><horizdn>D_WGS_1984</horizdn><ellips>WGS_1984</ellips><semiaxis>6378137.000000</semiaxis><denflat>298.257224</denflat></geodetic></horizsys></spref><eainfo><overview><eadetcit>Cascadia Research Collective</eadetcit><eaover/></overview><detailed><enttyp><enttypl>Biogeographic data</enttypl><enttypd>Biogeographic data</enttypd><enttypds>Not applicable</enttypds></enttyp><attr><attrlabl>resgroup</attrlabl><attrdef>definition not provided</attrdef><attrdefs>Data provider</attrdefs><attrdomv><udom>definition not provided</udom></attrdomv></attr><attr><attrlabl>date</attrlabl><attrdef>definition not provided</attrdef><attrdefs>Data provider</attrdefs><attrdomv><udom>definition not provided</udom></attrdomv></attr><attr><attrlabl>time</attrlabl><attrdef>definition not provided</attrdef><attrdefs>Data provider</attrdefs><attrdomv><udom>definition not provided</udom></attrdomv></attr><attr><attrlabl>lat</attrlabl><attrdef>definition not provided</attrdef><attrdefs>Data provider</attrdefs><attrdomv><udom>definition not provided</udom></attrdomv></attr><attr><attrlabl>long</attrlabl><attrdef>definition not provided</attrdef><attrdefs>Data provider</attrdefs><attrdomv><udom>definition not provided</udom></attrdomv></attr><attr><attrlabl>vessel</attrlabl><attrdef>definition not provided</attrdef><attrdefs>Data provider</attrdefs><attrdomv><udom>definition not provided</udom></attrdomv></attr><attr><attrlabl>sighting</attrlabl><attrdef>definition not provided</attrdef><attrdefs>Data provider</attrdefs><attrdomv><udom>definition not provided</udom></attrdomv></attr><attr><attrlabl>species</attrlabl><attrdef>definition not provided</attrdef><attrdefs>Data provider</attrdefs><attrdomv><udom>definition not provided</udom></attrdomv></attr><attr><attrlabl>count</attrlabl><attrdef>definition not provided</attrdef><attrdefs>Data provider</attrdefs><attrdomv><udom>definition not provided</udom></attrdomv></attr><attr><attrlabl>calves</attrlabl><attrdef>definition not provided</attrdef><attrdefs>Data provider</attrdefs><attrdomv><udom>definition not provided</udom></attrdomv></attr><attr><attrlabl>comments</attrlabl><attrdef>definition not provided</attrdef><attrdefs>Data provider</attrdefs><attrdomv><udom>definition not provided</udom></attrdomv></attr><attr><attrlabl>behave</attrlabl><attrdef>definition not provided</attrdef><attrdefs>Data provider</attrdefs><attrdomv><udom>definition not provided</udom></attrdomv></attr><attr><attrlabl>tsn</attrlabl><attrdef>definition not provided</attrdef><attrdefs>Data provider</attrdefs><attrdomv><udom>definition not provided</udom></attrdomv></attr><attr><attrlabl>scientific</attrlabl><attrdef>definition not provided</attrdef><attrdefs>Data provider</attrdefs><attrdomv><udom>definition not provided</udom></attrdomv></attr><attr><attrlabl>common</attrlabl><attrdef>definition not provided</attrdef><attrdefs>Data provider</attrdefs><attrdomv><udom>definition not provided</udom></attrdomv></attr><attr><attrlabl>geom</attrlabl><attrdef>definition not provided</attrdef><attrdefs>Data provider</attrdefs><attrdomv><udom>definition not provided</udom></attrdomv></attr><attr><attrlabl>oid</attrlabl><attrdef>definition not provided</attrdef><attrdefs>Data provider</attrdefs><attrdomv><udom>definition not provided</udom></attrdomv></attr></detailed></eainfo></metadata>
