<?xml version="1.0" encoding="UTF-8"?>
<!DOCTYPE xml>
<metadata xml:lang="en">
<idinfo>
	<citation>
		<citeinfo>
		<origin>Engelhaupt, A</origin><pubdate>2020</pubdate><title>VACAPES Offshore Study Area Observations</title><geoform>vector digital data</geoform><serinfo><sername>OBIS-SEAMAP</sername><issue>2066</issue></serinfo><pubinfo><pubplace>http://seamap.env.duke.edu/dataset/2066</pubplace><publish>OBIS-SEAMAP</publish></pubinfo><onlink>http://seamap.env.duke.edu/dataset/2066</onlink></citeinfo>
	</citation><descript>
	<abstract>The data in this dataset represent animal sightings and boat tracks during &#13;
offshore surveys beginning in April 2015 through December 2021 off the coast &#13;
of Virginia.&#13;
Seventy days of offshore surveys were completed between 04/12/2015 – &#13;
10/24/2021. Work was performed under HDR task orders TO 03, TO 54, TO 35, &#13;
TO18F4082, and TO20F4031 (IDIQ contract award N62470-15-D-8006, NAVFAC &#13;
LANT).</abstract><purpose>Please contact data provider</purpose><supplinf>2023-11-07: Sightings in Jan ~ Oct 2022 were appended.&#13;
&#13;
Survey tracklines (aggregated over time) are available online and included &#13;
in a downloadable zip file (shapefile format).&#13;
&#13;
Additional references&#13;
&lt;a &#13;
href="https://www.navymarinespeciesmonitoring.us/files/2415/2649/4756&#13;
/Engelhaupt_et_al._2018_-_VACAPES_Offshore_Cetacean_Study_2017_-&#13;
_Final.pdf" target="_blank"&gt;Engelhaupt, A., J.M. Aschettino, and D. &#13;
Engelhaupt. 2018. VACAPES Outer Continental Shelf Cetacean Study, &#13;
Virginia Beach, Virginia: 2017 Annual Progress Report. Prepared for U.S. &#13;
Fleet Forces Command. Submitted to Naval Facilities Engineering &#13;
Command Atlantic, Norfolk, Virginia, under Contract No. N62470-15-8006, &#13;
Task Order 35, issued to HDR Inc., Virginia Beach, Virginia. May 2018.&lt;/a&gt;&#13;
&#13;
&lt;a &#13;
href="https://www.navymarinespeciesmonitoring.us/files/3815/0464/6883&#13;
/Engelhaupt_et_al._2017_-_VACAPES_Offshore_Cetacean_Study_2016_-&#13;
_FINAL.pdf" target="_blank"&gt;Engelhaupt, A., J.M. Aschettino, and D. &#13;
Engelhaupt. 2017. VACAPES Outer Continental Shelf Cetacean Study, &#13;
Virginia Beach, Virginia: 2016 Annual Progress Report. Prepared for U.S. &#13;
Fleet Forces Command. Submitted to Naval Facilities Engineering &#13;
Command Atlantic, Norfolk, Virginia, under Contract Nos. N62470-10-3011, &#13;
Task Orders 03 and 54, and N62470-15-8006, Task Order 35, issued to HDR &#13;
Inc., Virginia Beach, Virgina.&lt;/a&gt;</supplinf></descript><timeperd><timeinfo><rngdates><begdate>20150412</begdate><enddate>20221026</enddate></rngdates></timeinfo><current>ground condition</current></timeperd><status><progress>Complete</progress><update>None planned</update></status><spdom><descgeog>North Atlantic</descgeog><bounding><westbc>-75.8866222</westbc><eastbc>-74.114773</eastbc><northbc>37.431587</northbc><southbc>36.211853</southbc></bounding>
	</spdom><keywords><theme><themekt>None</themekt><themekey>VACAPES Vessel</themekey><themekey>Navy project</themekey><themekey>Marine Animal Survey</themekey><themekey>Marine Biology</themekey><themekey>Marine mammals</themekey><themekey>Sea turtles</themekey><themekey>Visual Sighting</themekey><themekey>Vessel</themekey></theme><place><placekt>None</placekt><placekey>North Atlantic</placekey></place></keywords><taxonomy><keywtax><taxonkt>Taxon covered</taxonkt><taxonkey>Marine mammals</taxonkey><taxonkey>Sea turtles</taxonkey></keywtax><taxonsys><classsys><classcit><citeinfo><origin>Integrated Taxonomic Information System</origin><pubdate>Unknown</pubdate><title>Integrated Taxonomic Information System</title><geoform>Not applicable</geoform><othercit>Downloaded April, 2004</othercit><onlink>http://www.itis.usda.gov/</onlink></citeinfo></classcit></classsys><ider><cntinfo><cntperp><cntper>Refer to the contact information of the dataset</cntper><cntorg>Refer to the contact information of the dataset</cntorg></cntperp><cntaddr><addrtype>mailing and physical address</addrtype><address>Refer to the contact information of the dataset</address><city>Refer to the contact information of the dataset</city><state>Refer to the contact information of the dataset</state><postal>Refer to the contact information of the dataset</postal><country>Refer to the contact information of the dataset</country></cntaddr><cntvoice>Not provided</cntvoice></cntinfo></ider><taxonpro>Identified by observers or researchers conducting the survey</taxonpro></taxonsys><taxoncl><taxonrn>Kingdom</taxonrn><taxonrv>Animalia</taxonrv><taxoncl><taxonrn>Phylum</taxonrn><taxonrv>Chordata</taxonrv><taxoncl><taxonrn>Subphylum</taxonrn><taxonrv>Vertebrata</taxonrv><taxoncl><taxonrn>Class</taxonrn><taxonrv>Mammalia</taxonrv><taxoncl><taxonrn>Subclass</taxonrn><taxonrv>Theria</taxonrv><taxoncl><taxonrn>Infraclass</taxonrn><taxonrv>Eutheria</taxonrv><taxoncl><taxonrn>Order</taxonrn><taxonrv>Cetacea</taxonrv><taxoncl><taxonrn>Suborder</taxonrn><taxonrv>Mysticeti</taxonrv><taxoncl><taxonrn>Family</taxonrn><taxonrv>Balaenopteridae</taxonrv><taxoncl><taxonrn>Genus</taxonrn><taxonrv>Balaenoptera</taxonrv><taxoncl><taxonrn>Species</taxonrn><taxonrv>Balaenoptera acutorostrata</taxonrv></taxoncl><taxoncl><taxonrn>Species</taxonrn><taxonrv>Balaenoptera borealis</taxonrv></taxoncl><taxoncl><taxonrn>Species</taxonrn><taxonrv>Balaenoptera musculus</taxonrv></taxoncl><taxoncl><taxonrn>Species</taxonrn><taxonrv>Balaenoptera physalus</taxonrv></taxoncl></taxoncl><taxoncl><taxonrn>Genus</taxonrn><taxonrv>Megaptera</taxonrv><taxoncl><taxonrn>Species</taxonrn><taxonrv>Megaptera novaeangliae</taxonrv></taxoncl></taxoncl></taxoncl><taxoncl><taxonrn>Family</taxonrn><taxonrv>Balaenidae</taxonrv><taxoncl><taxonrn>Genus</taxonrn><taxonrv>Eubalaena</taxonrv><taxoncl><taxonrn>Species</taxonrn><taxonrv>Eubalaena glacialis</taxonrv></taxoncl></taxoncl></taxoncl></taxoncl><taxoncl><taxonrn>Suborder</taxonrn><taxonrv>Odontoceti</taxonrv><taxoncl><taxonrn>Family</taxonrn><taxonrv>Delphinidae</taxonrv><taxoncl><taxonrn>Genus</taxonrn><taxonrv>Delphinus</taxonrv><taxoncl><taxonrn>Species</taxonrn><taxonrv>Delphinus delphis</taxonrv></taxoncl></taxoncl><taxoncl><taxonrn>Genus</taxonrn><taxonrv>Globicephala</taxonrv><taxoncl><taxonrn>Species</taxonrn><taxonrv>Globicephala macrorhynchus</taxonrv></taxoncl><taxoncl><taxonrn>Species</taxonrn><taxonrv>Globicephala melas</taxonrv></taxoncl></taxoncl><taxoncl><taxonrn>Genus</taxonrn><taxonrv>Grampus</taxonrv><taxoncl><taxonrn>Species</taxonrn><taxonrv>Grampus griseus</taxonrv></taxoncl></taxoncl><taxoncl><taxonrn>Genus</taxonrn><taxonrv>Stenella</taxonrv><taxoncl><taxonrn>Species</taxonrn><taxonrv>Stenella coeruleoalba</taxonrv></taxoncl><taxoncl><taxonrn>Species</taxonrn><taxonrv>Stenella frontalis</taxonrv></taxoncl></taxoncl><taxoncl><taxonrn>Genus</taxonrn><taxonrv>Tursiops</taxonrv><taxoncl><taxonrn>Species</taxonrn><taxonrv>Tursiops truncatus</taxonrv></taxoncl></taxoncl></taxoncl><taxoncl><taxonrn>Family</taxonrn><taxonrv>Kogiidae</taxonrv><taxoncl><taxonrn>Genus</taxonrn><taxonrv>Kogia</taxonrv><taxoncl><taxonrn>Species</taxonrn><taxonrv>Kogia breviceps</taxonrv></taxoncl><taxoncl><taxonrn>Species</taxonrn><taxonrv>Kogia sima</taxonrv></taxoncl></taxoncl></taxoncl><taxoncl><taxonrn>Family</taxonrn><taxonrv>Hyperoodontidae</taxonrv><taxoncl><taxonrn>Genus</taxonrn><taxonrv>Mesoplodon</taxonrv><taxoncl><taxonrn>Species</taxonrn><taxonrv>Mesoplodon bidens</taxonrv></taxoncl><taxoncl><taxonrn>Species</taxonrn><taxonrv>Mesoplodon mirus</taxonrv></taxoncl></taxoncl><taxoncl><taxonrn>Genus</taxonrn><taxonrv>Ziphius</taxonrv><taxoncl><taxonrn>Species</taxonrn><taxonrv>Ziphius cavirostris</taxonrv></taxoncl></taxoncl></taxoncl><taxoncl><taxonrn>Family</taxonrn><taxonrv>Phocoenidae</taxonrv><taxoncl><taxonrn>Genus</taxonrn><taxonrv>Phocoena</taxonrv><taxoncl><taxonrn>Species</taxonrn><taxonrv>Phocoena phocoena</taxonrv></taxoncl></taxoncl></taxoncl><taxoncl><taxonrn>Family</taxonrn><taxonrv>Physeteridae</taxonrv><taxoncl><taxonrn>Genus</taxonrn><taxonrv>Physeter</taxonrv><taxoncl><taxonrn>Species</taxonrn><taxonrv>Physeter macrocephalus</taxonrv></taxoncl></taxoncl></taxoncl></taxoncl></taxoncl></taxoncl></taxoncl></taxoncl><taxoncl><taxonrn>Class</taxonrn><taxonrv>Reptilia</taxonrv><taxoncl><taxonrn>Order</taxonrn><taxonrv>Testudines</taxonrv><taxoncl><taxonrn>Suborder</taxonrn><taxonrv>Cryptodira</taxonrv><taxoncl><taxonrn>Superfamily</taxonrn><taxonrv>Chelonioidea</taxonrv><taxoncl><taxonrn>Family</taxonrn><taxonrv>Cheloniidae</taxonrv><taxoncl><taxonrn>Subfamily</taxonrn><taxonrv>Carettinae</taxonrv><taxoncl><taxonrn>Genus</taxonrn><taxonrv>Caretta</taxonrv><taxoncl><taxonrn>Species</taxonrn><taxonrv>Caretta caretta</taxonrv></taxoncl></taxoncl></taxoncl></taxoncl><taxoncl><taxonrn>Family</taxonrn><taxonrv>Dermochelyidae</taxonrv><taxoncl><taxonrn>Genus</taxonrn><taxonrv>Dermochelys</taxonrv><taxoncl><taxonrn>Species</taxonrn><taxonrv>Dermochelys coriacea</taxonrv></taxoncl></taxoncl></taxoncl></taxoncl></taxoncl></taxoncl></taxoncl></taxoncl></taxoncl></taxoncl></taxonomy>
	<accconst>Open public unless otherwise noted. See Use Constraints for &#13;
details.</accconst>
	<useconst>1. Not to use data obtained from OBIS-SEAMAP in any &#13;
publication, product, or commercial application without &#13;
proper attribution to the original data provider(s) and &#13;
OBIS-SEAMAP unless the datasets are explicitly shown under &#13;
the CC0 policy. Citations or credits are suggested as &#13;
attribution. If the data you downloaded come from multiple &#13;
datasets, a citation or credit to each of the datasets is &#13;
required.&#13;
&#13;
Suggested citation for this dataset:&#13;
&#13;
Engelhaupt, A. 2020. VACAPES Offshore Study Area Observations. Data &#13;
downloaded from OBIS-SEAMAP (http://seamap.env.duke.edu/dataset/2066) on &#13;
yyyy-mm-dd.&#13;
&#13;
Suggested citation for OBIS-SEAMAP:&#13;
&#13;
Halpin, P.N., A.J. Read, E. Fujioka, B.D. Best, B. &#13;
Donnelly, L.J. Hazen, C. Kot, K. Urian, E. LaBrecque, A. &#13;
Dimatteo, J. Cleary, C. Good, L.B. Crowder, and K.D. &#13;
Hyrenbach. 2009. OBIS-SEAMAP: The world data center for &#13;
marine mammal, sea bird, and sea turtle distributions. &#13;
Oceanography 22(2):104-115&#13;
&#13;
2. To forward the citation of any publication / report &#13;
that made use of the data / tools provided by OBIS-SEAMAP &#13;
for inclusion in our list of references.&#13;
&#13;
3. Not to hold OBIS-SEAMAP or the original data providers &#13;
liable for errors in the data. While we have made every &#13;
effort to ensure the quality of the database, we cannot &#13;
guarantee the accuracy of these datasets. &#13;
&#13;
4. The burden for determining fitness for use of the &#13;
downloaded data for any analyses lies entirely with the &#13;
user. OBIS-SEAMAP or the original data providers do not &#13;
support outcomes of your analyses that used the data you &#13;
downloaded from OBIS-SEAMAP.&#13;
&#13;
5. To consider inclusion of the accompanying transect &#13;
(effort) dataset if available into the methodology of your &#13;
analyses.&#13;
&#13;
6. Not to redistribute the data you downloaded from OBIS-&#13;
SEAMAP through any media without contect from OBIS-SEAMAP &#13;
and the original data providers unless the datasets are &#13;
explicitly shown under the CC0 policy.</useconst>
	<ptcontac>
		<cntinfo>
			<cntperp><cntper>Amy Engelhaupt; Dan Engelhaupt</cntper><cntorg>HDR Inc.; HDR, Inc.</cntorg></cntperp>
			<cntaddr>
				<addrtype>mailing and physical address</addrtype>
			<address>1209 Independence Blvd&#13;
Suite 108; 249 Central Park Avenue </address><city>Virginia Beach; Virginia Beach</city><state>VA; VA</state><postal>23455; 23462-3099 </postal><country>USA; USA</country></cntaddr>
		<cntvoice>757-390-0771; 757-385-6484</cntvoice><cntemail>amyengelhaupt@gmail.com; Daniel.Engelhaupt@hdrinc.com</cntemail></cntinfo>
	</ptcontac><datacred>The U.S. Navy Marine Species Monitoring Program</datacred>
	<native>Relational database</native>
	<crossref><citeinfo><origin>Engelhaupt, A., J.M. Aschettino, D. Engelhaupt, M. Richlen, and M. Cotter</origin><pubdate>2021</pubdate><title>VACAPES Outer Continental Shelf Cetacean Study, Virginia Beach, Virginia: 2020 Annual Progress Report</title><geoform>vector digital data</geoform><serinfo><sername>Prepared for U.S. Fleet Forces Command. Submitted to Naval Facilities Engineering Systems Command Atlantic, Norfolk, Virginia, under Contract No. N62470-15-8006, Task Order 19F4068, issued to HDR Inc., Virginia Beach, Virginia. February 2021</sername></serinfo><onlink>https://www.navymarinespeciesmonitoring.us/files/9616/2066/8805/Engelhaupt_et_al._2021_-_OCS_VACAPES_2020_FINAL.pdf</onlink></citeinfo></crossref><crossref><citeinfo><origin>Engelhaupt, A., J.M. Aschettino, D. Engelhaupt, M. Richlen, and M. Cotter</origin><pubdate>2020</pubdate><title>VACAPES Outer Continental Shelf Cetacean Study, Virginia Beach, Virginia: 2019 Annual Progress Report</title><geoform>vector digital data</geoform><serinfo><sername>Prepared for U.S. Fleet Forces Command. Submitted to Naval Facilities Engineering Command Atlantic, Norfolk, Virginia, under Contract No. N62470-15-8006, Task Orders 18F4082 and 19F4068, issued to HDR Inc., Virginia Beach, Virginia. April 2020</sername></serinfo><onlink>https://www.navymarinespeciesmonitoring.us/files/5415/8698/1777/Engelhaupt_et_al._2020_-_VACAPES_OCS_2019.pdf</onlink></citeinfo></crossref><crossref><citeinfo><origin>Engelhaupt, A., J.M. Aschettino, D. Engelhaupt, A. DiMatteo, M. Richlen, and M. Cotter</origin><pubdate>2019</pubdate><title>VACAPES Outer Continental Shelf Cetacean Study, Virginia Beach, Virginia: 2018 Annual Progress Report</title><geoform>vector digital data</geoform><serinfo><sername>Prepared for U.S. Fleet Forces Command. Submitted to Naval Facilities Engineering Command Atlantic, Norfolk, Virginia, under Contract No. N62470-15-8006, Task Order 18F4082, issued to HDR Inc., Virginia Beach, Virginia. July 2019</sername></serinfo><onlink>https://www.navymarinespeciesmonitoring.us/files/1715/6383/0929/Engelhaupt_et_al._2019_-_VACAPES_OCS_2018.pdf</onlink></citeinfo></crossref><crossref><citeinfo><origin>Halpin, P.N., A.J. Read, E. Fujioka, B.D. Best, B. Donnelly, L.J. Hazen, C. Kot, K. Urian, E. LaBrecque, A. Dimatteo, J. Cleary, C. Good, L.B. Crowder, and K.D. Hyrenbach</origin><pubdate>2009</pubdate><title>OBIS-SEAMAP: The world data center for marine mammal, sea bird, and sea turtle distributions</title><geoform>vector digital data</geoform><serinfo><sername>Oceanography</sername><issue>22(2):104-115</issue></serinfo><onlink>http://www.tos.org/oceanography/article/obis-seamap-the-world-data-center-for-marine-mammal-sea-bird-and-sea-turtle</onlink></citeinfo></crossref></idinfo>
	<dataqual>
		<attracc>
			<attraccr>All attributes were measured and recorded during &#13;
the survey and validated by the data provider.</attraccr></attracc>
		<logic>Permissible values for date and time and &#13;
coordinates were validated by the data provider &#13;
and the OBIS-SEAMAP data manager. Species &#13;
identification by the data provider was matched &#13;
with Integrated Taxonomic Information System.</logic>
		<complete>All observation records are included.</complete><lineage><procstep><procdesc>Data were put through the OBIS-SEAMAP data registration steps.</procdesc><procdate>20231107</procdate></procstep></lineage></dataqual><spdoinfo><direct>Point</direct></spdoinfo><spref><horizsys><geograph>
				<latres>1e-06</latres><longres>1e-06</longres><geogunit>Decimal degrees</geogunit></geograph>
			<geodetic><horizdn>D_WGS_1984</horizdn><ellips>WGS_1984</ellips>
				<semiaxis>6378137.000000</semiaxis><denflat>298.257224</denflat></geodetic></horizsys></spref>

<eainfo><detailed><enttyp><enttypl>Biogeographic data</enttypl><enttypd>Biogeographic data</enttypd><enttypds>Not applicable</enttypds></enttyp><attr><attrlabl>oid</attrlabl><attrdef>Unique ID number (generated by OBIS-SEAMAP)</attrdef><attrdefs>Data provider</attrdefs><attrdomv><udom>Unique ID number (generated by OBIS-SEAMAP)</udom></attrdomv></attr><attr><attrlabl>bearingabs</attrlabl><attrdef>definition not provided</attrdef><attrdefs>Data provider</attrdefs><attrdomv><rdom><rdommin>111</rdommin><rdommax>211</rdommax></rdom></attrdomv></attr><attr><attrlabl>behavior</attrlabl><attrdef>Behavior</attrdef><attrdefs>Data provider</attrdefs><attrdomv><udom>Behavior</udom></attrdomv></attr><attr><attrlabl>behaviorevent</attrlabl><attrdef>Behavior event</attrdef><attrdefs>Data provider</attrdefs><attrdomv><udom>Behavior event</udom></attrdomv></attr><attr><attrlabl>countcalves</attrlabl><attrdef>Number of calves</attrdef><attrdefs>Data provider</attrdefs><attrdomv><rdom><rdommin>0</rdommin><rdommax>30</rdommax></rdom></attrdomv></attr><attr><attrlabl>countjuveniles</attrlabl><attrdef>Number of juvelines</attrdef><attrdefs>Data provider</attrdefs><attrdomv><rdom><rdommin>0</rdommin><rdommax>30</rdommax></rdom></attrdomv></attr><attr><attrlabl>counttotbest</attrlabl><attrdef>Best estimate of number of animals</attrdef><attrdefs>Data provider</attrdefs><attrdomv><rdom><rdommin>0</rdommin><rdommax>1000</rdommax></rdom></attrdomv></attr><attr><attrlabl>counttotmax</attrlabl><attrdef>Maximum estimate of number of animals</attrdef><attrdefs>Data provider</attrdefs><attrdomv><rdom><rdommin>1</rdommin><rdommax>1200</rdommax></rdom></attrdomv></attr><attr><attrlabl>counttotmin</attrlabl><attrdef>Minimum estimate of number of animals</attrdef><attrdefs>Data provider</attrdefs><attrdomv><rdom><rdommin>1</rdommin><rdommax>800</rdommax></rdom></attrdomv></attr><attr><attrlabl>depthsounding</attrlabl><attrdef>Depth as determined in situ via sounding in meters</attrdef><attrdefs>Data provider</attrdefs><attrdomv><rdom><rdommin>0.000000000</rdommin><rdommax>4500.000000000</rdommax></rdom></attrdomv></attr><attr><attrlabl>distsight</attrlabl><attrdef>The radial distance to the animal</attrdef><attrdefs>Data provider</attrdefs><attrdomv><rdom><rdommin>2</rdommin><rdommax>7000</rdommax></rdom></attrdomv></attr><attr><attrlabl>headingplatmagnetic</attrlabl><attrdef>Heading</attrdef><attrdefs>Data provider</attrdefs><attrdomv><rdom><rdommin>1.485275320</rdommin><rdommax>358.890000000</rdommax></rdom></attrdomv></attr><attr><attrlabl>headingplattrue</attrlabl><attrdef>Heading</attrdef><attrdefs>Data provider</attrdefs><attrdomv><rdom><rdommin>-1.000000000</rdommin><rdommax>359.790000000</rdommax></rdom></attrdomv></attr><attr><attrlabl>latanimal</attrlabl><attrdef>Latitude of animals in decimal degrees</attrdef><attrdefs>Data provider</attrdefs><attrdomv><rdom><rdommin>36.2118530</rdommin><rdommax>37.4315870</rdommax></rdom></attrdomv></attr><attr><attrlabl>latplatform</attrlabl><attrdef>Latitude of the platform in decimal degrees</attrdef><attrdefs>Data provider</attrdefs><attrdomv><rdom><rdommin>36.2158320</rdommin><rdommax>37.4258730</rdommax></rdom></attrdomv></attr><attr><attrlabl>longanimal</attrlabl><attrdef>Longitude of animals in decimal degrees</attrdef><attrdefs>Data provider</attrdefs><attrdomv><rdom><rdommin>-75.8866222</rdommin><rdommax>-74.1147730</rdommax></rdom></attrdomv></attr><attr><attrlabl>longplatform</attrlabl><attrdef>Longitude of the platform in decimal degrees</attrdef><attrdefs>Data provider</attrdefs><attrdomv><rdom><rdommin>-75.8876604</rdommin><rdommax>-74.1187130</rdommax></rdom></attrdomv></attr><attr><attrlabl>sightingnotes</attrlabl><attrdef>Sighting notes</attrdef><attrdefs>Data provider</attrdefs><attrdomv><udom>Sighting notes</udom></attrdomv></attr><attr><attrlabl>datetime</attrlabl><attrdef>Date and time of the sighting at local time zone</attrdef><attrdefs>Data provider</attrdefs><attrdomv><rdom><rdommin>2015-04-12 07:51:00</rdommin><rdommax>2022-10-26 17:02:23</rdommax></rdom></attrdomv></attr><attr><attrlabl>surveyid</attrlabl><attrdef>Survey ID</attrdef><attrdefs>Data provider</attrdefs><attrdomv><udom>Survey ID</udom></attrdomv></attr><attr><attrlabl>spcsnmsci</attrlabl><attrdef>Scientific name</attrdef><attrdefs>Data provider</attrdefs><attrdomv><udom>Scientific name</udom></attrdomv></attr><attr><attrlabl>spcsnmcom</attrlabl><attrdef>Common name</attrdef><attrdefs>Data provider</attrdefs><attrdomv><udom>Common name</udom></attrdomv></attr><attr><attrlabl>sp_tsn</attrlabl><attrdef>Taxonomic Serial Number added by OBIS-SEAMAP</attrdef><attrdefs>Data provider</attrdefs><attrdomv><rdom><rdommin>173828</rdommin><rdommax>948946</rdommax></rdom></attrdomv></attr><attr><attrlabl>sightingnumber</attrlabl><attrdef>Sighting Number</attrdef><attrdefs>Data provider</attrdefs><attrdomv><rdom><rdommin>1</rdommin><rdommax>44</rdommax></rdom></attrdomv></attr><attr><attrlabl>bearing</attrlabl><attrdef>Bearing</attrdef><attrdefs>Data provider</attrdefs><attrdomv><rdom><rdommin>0</rdommin><rdommax>930</rdommax></rdom></attrdomv></attr><attr><attrlabl>datetimeutc</attrlabl><attrdef>Date and time of the sighting at UTC</attrdef><attrdefs>Data provider</attrdefs><attrdomv><rdom><rdommin>2015-04-12 11:51:00</rdommin><rdommax>2022-10-26 21:02:23</rdommax></rdom></attrdomv></attr><attr><attrlabl>observationtype</attrlabl><attrdef>Sighting, Re-sighting, or Focal point</attrdef><attrdefs>Data provider</attrdefs><attrdomv><udom>Sighting, Re-sighting, or Focal point</udom></attrdomv></attr><attr><attrlabl>birds</attrlabl><attrdef>(blank in 2015-2018 data)</attrdef><attrdefs>Data provider</attrdefs><attrdomv><udom>(blank in 2015-2018 data)</udom></attrdomv></attr><attr><attrlabl>countfemales</attrlabl><attrdef>Number of males (blank)</attrdef><attrdefs>Data provider</attrdefs><attrdomv><udom>Number of males (blank)</udom></attrdomv></attr><attr><attrlabl>countmales</attrlabl><attrdef>Number of females (blank in 2015-2018 data)</attrdef><attrdefs>Data provider</attrdefs><attrdomv><rdom><rdommin>0</rdommin><rdommax>20</rdommax></rdom></attrdomv></attr><attr><attrlabl>countvescargo</attrlabl><attrdef>(blank)</attrdef><attrdefs>Data provider</attrdefs><attrdomv><rdom><rdommin>0</rdommin><rdommax>0</rdommax></rdom></attrdomv></attr><attr><attrlabl>countvesferries</attrlabl><attrdef>(blank)</attrdef><attrdefs>Data provider</attrdefs><attrdomv><udom>(blank)</udom></attrdomv></attr><attr><attrlabl>countvesfishing</attrlabl><attrdef>(blank)</attrdef><attrdefs>Data provider</attrdefs><attrdomv><rdom><rdommin>0</rdommin><rdommax>1</rdommax></rdom></attrdomv></attr><attr><attrlabl>countvesmilitary</attrlabl><attrdef>(blank in 2015-2018 data)</attrdef><attrdefs>Data provider</attrdefs><attrdomv><rdom><rdommin>0</rdommin><rdommax>1</rdommax></rdom></attrdomv></attr><attr><attrlabl>countvesmotoryachts</attrlabl><attrdef>(blank)</attrdef><attrdefs>Data provider</attrdefs><attrdomv><udom>(blank)</udom></attrdomv></attr><attr><attrlabl>countvessailing</attrlabl><attrdef>(blank)</attrdef><attrdefs>Data provider</attrdefs><attrdomv><udom>(blank)</udom></attrdomv></attr><attr><attrlabl>countvesother</attrlabl><attrdef>(blank)</attrdef><attrdefs>Data provider</attrdefs><attrdomv><udom>(blank)</udom></attrdomv></attr><attr><attrlabl>cue</attrlabl><attrdef>(blank in 2015-2018 data)</attrdef><attrdefs>Data provider</attrdefs><attrdomv><udom>(blank in 2015-2018 data)</udom></attrdomv></attr><attr><attrlabl>groupid</attrlabl><attrdef>(blank in 2015-2018 data)</attrdef><attrdefs>Data provider</attrdefs><attrdomv><rdom><rdommin>0</rdommin><rdommax>1</rdommax></rdom></attrdomv></attr><attr><attrlabl>headinganimal</attrlabl><attrdef>(blank in 2015-2018 data)</attrdef><attrdefs>Data provider</attrdefs><attrdomv><rdom><rdommin>90</rdommin><rdommax>90</rdommax></rdom></attrdomv></attr><attr><attrlabl>ordnance</attrlabl><attrdef>(blank in 2015-2018 data)</attrdef><attrdefs>Data provider</attrdefs><attrdomv><udom>(blank in 2015-2018 data)</udom></attrdomv></attr><attr><attrlabl>sightingmulti</attrlabl><attrdef>(blank in 2015-2018 data)</attrdef><attrdefs>Data provider</attrdefs><attrdomv><udom>(blank in 2015-2018 data)</udom></attrdomv></attr><attr><attrlabl>sightingtimeend</attrlabl><attrdef>(blank in 2015-2018 data)</attrdef><attrdefs>Data provider</attrdefs><attrdomv><rdom><rdommin>2019-01-04 14:35:00</rdommin><rdommax>2021-03-10 20:41:00</rdommax></rdom></attrdomv></attr><attr><attrlabl>vertangleorreticle</attrlabl><attrdef>(blank in 2015-2018 data)</attrdef><attrdefs>Data provider</attrdefs><attrdomv><rdom><rdommin>4</rdommin><rdommax>400</rdommax></rdom></attrdomv></attr><attr><attrlabl>opticstype</attrlabl><attrdef>(blank in 2015-2018 data)</attrdef><attrdefs>Data provider</attrdefs><attrdomv><udom>(blank in 2015-2018 data)</udom></attrdomv></attr><attr><attrlabl>platformelevation</attrlabl><attrdef>(blank in 2015-2018 data)</attrdef><attrdefs>Data provider</attrdefs><attrdomv><rdom><rdommin>0.000000000</rdommin><rdommax>305.000000000</rdommax></rdom></attrdomv></attr><attr><attrlabl>distsighttype</attrlabl><attrdef>(blank in 2015-2018 data)</attrdef><attrdefs>Data provider</attrdefs><attrdomv><udom>(blank in 2015-2018 data)</udom></attrdomv></attr><attr><attrlabl>geom</attrlabl><attrdef>Geometry field added by OBIS-SEAMAP</attrdef><attrdefs>Data provider</attrdefs><attrdomv><udom>Geometry field added by OBIS-SEAMAP</udom></attrdomv></attr></detailed><overview><eaover>This section explains attributes included in the &#13;
original dataset.&#13;
OBIS-SEAMAP restricts the attributes available &#13;
to the public to date/time, lat/lon and species &#13;
names/counts only.&#13;
Should you need other attributes described here, &#13;
you are encouraged to contact the data provider.</eaover><eadetcit>HDR Environmental, Operations and Construction, Inc.</eadetcit></overview>
	</eainfo><distinfo>
	<distrib>
		<cntinfo>
			<cntorgp>
				<cntorg>Nicholas School of Environment, Duke Univ.</cntorg>
				<cntper>OBIS-SEAMAP</cntper>
			</cntorgp>
			<cntaddr>
				<addrtype>mailing and physical address</addrtype>
				<address>A328, LSRC</address><city>Durham</city><state>NC</state><postal>27708</postal><country>USA</country>
			</cntaddr>
			<cntvoice>919-613-8021</cntvoice>
			<cntemail>seamap-contact@duke.edu</cntemail>
		</cntinfo>
	</distrib><resdesc>OBIS-SEAMAP Dataset ID 2066</resdesc><distliab>Not to hold OBIS-SEAMAP liable for errors in the data. While &#13;
we have made every effort to ensure the quality of the &#13;
database, we cannot guarantee the accuracy of these &#13;
datasets.&#13;
Also please refer to Use Constraints.</distliab>
	<stdorder>
		<digform>
			<digtinfo>
				<formname>CSV and ESRI shapefile</formname></digtinfo>
			<digtopt>
				<onlinopt>
					<computer>
						<networka>
							<networkr>OBIS-SEAMAP</networkr>
						</networka>
					</computer>
				</onlinopt>
			</digtopt>
		</digform>
		<fees>Free</fees>
		<ordering>Go to the OBIS-SEAMAP web site.</ordering>
	</stdorder>
	

	
</distinfo><metainfo>
	<metd>20231107</metd><metrd>20231107</metrd><metc>
		<cntinfo><cntperp>
	<cntper>Ei Fujioka</cntper>
	<cntorg>Nicholas School, Duke University</cntorg></cntperp><cntaddr><addrtype>mailing and physical address</addrtype><address>A328, LSRC</address><city>Durham</city><state>NC</state><postal>27708</postal><country>USA</country></cntaddr>
			<cntvoice>919-613-8021</cntvoice>
			<cntemail>seamap-contact@duke.edu</cntemail>
			</cntinfo>
	</metc><metstdn>FGDC Content Standards for Digital Geospatial Metadata</metstdn><metstdv>FGDC-STD-001-1998</metstdv><mettc>local time</mettc>
	
	
	
	
	<metextns><onlink>http://www.nbii.gov/</onlink><metprof>Biological Data Profile</metprof></metextns>
	
	</metainfo>
	
</metadata>
