<?xml version="1.0" encoding="UTF-8"?>
<metadata xml:lang="en">
<Esri>
	<MetaID>{999A9551-D701-4CF5-9373-131D3DD8D969}</MetaID>
	<CreaDate>20050512</CreaDate>
	<CreaTime>19291400</CreaTime>
	<SyncOnce>FALSE</SyncOnce>
	<SyncDate>20060710</SyncDate>
	<SyncTime>17161900</SyncTime>
	<ModDate>20060815</ModDate>
	<ModTime>12091700</ModTime>
</Esri>
<idinfo>
	<keywords><theme><themekt>None</themekt><themekey>Vessels</themekey><themekey>Sightings</themekey></theme><place><placekt>None</placekt><placekey>Pacific</placekey></place></keywords>
	<native Sync="TRUE">Relational database</native>
	<descript>
	<langdata Sync="TRUE">en</langdata>
	<abstract>During 23 June through 1 August 2010, the 22nd Rim of the Pacific (RIMPAC 2010)&#13;
exercise was conducted in the Hawaii Range Complex (HRC). RIMPAC is a biennial,&#13;
multinational exercise designed to strengthen regional partnerships and improve&#13;
interoperability. It is an exercise designed to bring multinational military assets together&#13;
to train towards bettering the Navy’s capabilities. Anti-submarine warfare (ASW) was the&#13;
exercise's main feature.&#13;
As part of compliance requirements with the Marine Mammal Protection Act (MMPA) of&#13;
1972 and the Endangered Species Act (ESA) of 1973, the Navy developed the HRC&#13;
Monitoring Plan to provide marine mammal and sea turtle monitoring (DoN 2008). In&#13;
order to effectively meet the goals outlined in this Plan, it was determined that one&#13;
example of training events recommended for monitoring should contain one or more&#13;
surface combatants conducting ASW during a regularly scheduled training event.&#13;
Research elements of that Plan include visual surveys and passive acoustic monitoring.&lt;br/&gt;&#13;
&#13;
The monitoring effort for RIMPAC 2010 consisted of the following:&lt;br/&gt;&#13;
- Vessel-based line transect surveys to assess the diversity, distribution, and&#13;
behavior of target species (e.g., marine mammals and sea turtles)&lt;br/&gt;&#13;
- Installation of one shallow- and one deep-water passive acoustic monitors (PAMs)&#13;
in waters off Ni'ihau.</abstract><purpose>not provided</purpose><supplinf>[2017-10-12] Data fields are changed so that they follow the other Navy datasets.&#13;
&#13;
This dataset includes the data from the vessel-based line transect surveys.&#13;
&#13;
The sighting of short-finned pilot whales and spinner dolphins on 7/19/10 was an aggregation of the two species and recorded as a single record. This sighting was split into each species in this dataset.</supplinf></descript>
	<citation>
		<citeinfo><origin>Spontak, D. and T. Mcconchie</origin><pubdate>2013</pubdate><title>HRC RIMPAC Small Vessel-Based Monitoring Surveys July 2010</title><onlink>http://seamap.env.duke.edu/dataset/920</onlink><serinfo><sername>OBIS-SEAMAP</sername><issue>920</issue></serinfo><pubinfo><pubplace>http://seamap.env.duke.edu/dataset/920</pubplace><publish>OBIS-SEAMAP</publish></pubinfo><geoform>vector digital data</geoform></citeinfo>
	</citation>
	<timeperd><current>ground condition</current><timeinfo><rngdates><begdate>20100719</begdate><enddate>20100724</enddate></rngdates></timeinfo></timeperd>
	<status><progress>Complete</progress><update>None planned</update></status>
	<spdom><bounding><westbc>-159.91433</westbc><eastbc>-159.59017</eastbc><northbc>21.9035</northbc><southbc>21.713</southbc></bounding><lboundng><leftbc Sync="TRUE">-159.9143333</leftbc><rightbc Sync="TRUE">-159.5901667</rightbc><bottombc Sync="TRUE">21.713</bottombc><topbc Sync="TRUE">21.9035</topbc></lboundng><descgeog>Pacific</descgeog></spdom>
	<accconst>Open public unless otherwise noted. See Use Constraints for details.</accconst>
	<useconst>1. Not to use data obtained from OBIS-SEAMAP in any publication, product, or commercial application without proper attribution to the original data provider(s) and OBIS-SEAMAP unless the datasets are explicitly shown under the CC0 policy. Citations or credits are suggested as attribution. If the data you downloaded come from multiple datasets, a citation or credit to each of the datasets is required.&#13;
&#13;
Suggested citation for this dataset:&#13;
&#13;
Spontak, D. and T. Mcconchie. 2013. HRC RIMPAC Small Vessel-Based Monitoring Surveys July 2010. Data downloaded from OBIS-SEAMAP (http://seamap.env.duke.edu/dataset/920) on yyyy-mm-dd.&#13;
&#13;
Suggested citation for OBIS-SEAMAP:&#13;
&#13;
Halpin, P.N., A.J. Read, E. Fujioka, B.D. Best, B. Donnelly, L.J. Hazen, C. Kot, K. Urian, E. LaBrecque, A. Dimatteo, J. Cleary, C. Good, L.B. Crowder, and K.D. Hyrenbach. 2009. OBIS-SEAMAP: The world data center for marine mammal, sea bird, and sea turtle distributions. Oceanography 22(2):104-115&#13;
&#13;
2. To forward the citation of any publication / report that made use of the data / tools provided by OBIS-SEAMAP for inclusion in our list of references.&#13;
&#13;
3. Not to hold OBIS-SEAMAP or the original data providers liable for errors in the data. While we have made every effort to ensure the quality of the database, we cannot guarantee the accuracy of these datasets. &#13;
&#13;
4. The burden for determining fitness for use of the downloaded data for any analyses lies entirely with the user. OBIS-SEAMAP or the original data providers do not support outcomes of your analyses that used the data you downloaded from OBIS-SEAMAP.&#13;
&#13;
5. To consider inclusion of the accompanying transect (effort) dataset if available into the methodology of your analyses.&#13;
&#13;
6. Not to redistribute the data you downloaded from OBIS-SEAMAP through any media without contect from OBIS-SEAMAP and the original data providers unless the datasets are explicitly shown under the CC0 policy.</useconst>
	<natvform Sync="TRUE">Shapefile</natvform>
	
	<ptcontac>
		<cntinfo>
			<cntperp><cntper>Cathy Bacon; Kristen Ampela</cntper><cntorg>HDR Environmental, Operations and Construction, Inc.; HDR Environmental, Operations and Construction, Inc.</cntorg></cntperp>
			<cntaddr>
				<addrtype>mailing and physical address</addrtype>
			<address>n/a; 8690 Balboa Avenue Suite 200</address><city>n/a; San Diego</city><state>n/a; CA</state><postal>n/a; 92123</postal><country>United States; USA</country></cntaddr>
		<cntpos/><cntvoice>6823511490; 858-712-8261</cntvoice><cntemail>catherine.bacon@hdrinc.com; Kristen.Ampela@hdrinc.com</cntemail><cntfax/></cntinfo>
	</ptcontac>
<taxonomy><keywtax><taxonkt>Taxon covered</taxonkt><taxonkey>Marine mammals</taxonkey></keywtax><taxonsys><classsys><classcit><citeinfo><origin>Integrated Taxonomic Information System</origin><pubdate>Unknown</pubdate><title>Integrated Taxonomic Information System</title><geoform>Not applicable</geoform><othercit>Downloaded April, 2004</othercit><onlink>http://www.itis.usda.gov/</onlink></citeinfo></classcit></classsys><ider><cntinfo><cntperp><cntper>Refer to the contact information of the dataset</cntper><cntorg>Refer to the contact information of the dataset</cntorg></cntperp><cntaddr><addrtype>mailing and physical address</addrtype><address>Refer to the contact information of the dataset</address><city>Refer to the contact information of the dataset</city><state>Refer to the contact information of the dataset</state><postal>Refer to the contact information of the dataset</postal><country>Refer to the contact information of the dataset</country></cntaddr><cntvoice>Not provided</cntvoice></cntinfo></ider><taxonpro>Identified by observers or researchers conducting the survey</taxonpro></taxonsys><taxoncl><taxonrn>Kingdom</taxonrn><taxonrv>Animalia</taxonrv><taxoncl><taxonrn>Phylum</taxonrn><taxonrv>Chordata</taxonrv><taxoncl><taxonrn>Subphylum</taxonrn><taxonrv>Vertebrata</taxonrv><taxoncl><taxonrn>Class</taxonrn><taxonrv>Mammalia</taxonrv><taxoncl><taxonrn>Subclass</taxonrn><taxonrv>Theria</taxonrv><taxoncl><taxonrn>Infraclass</taxonrn><taxonrv>Eutheria</taxonrv><taxoncl><taxonrn>Order</taxonrn><taxonrv>Cetacea</taxonrv><taxoncl><taxonrn>Suborder</taxonrn><taxonrv>Odontoceti</taxonrv><taxoncl><taxonrn>Family</taxonrn><taxonrv>Delphinidae</taxonrv><taxoncl><taxonrn>Genus</taxonrn><taxonrv>Globicephala</taxonrv><taxoncl><taxonrn>Species</taxonrn><taxonrv>Globicephala macrorhynchus</taxonrv></taxoncl></taxoncl><taxoncl><taxonrn>Genus</taxonrn><taxonrv>Stenella</taxonrv><taxoncl><taxonrn>Species</taxonrn><taxonrv>Stenella longirostris</taxonrv></taxoncl></taxoncl><taxoncl><taxonrn>Genus</taxonrn><taxonrv>Steno</taxonrv><taxoncl><taxonrn>Species</taxonrn><taxonrv>Steno bredanensis</taxonrv></taxoncl></taxoncl></taxoncl></taxoncl></taxoncl><taxoncl><taxonrn>Order</taxonrn><taxonrv>Carnivora</taxonrv><taxoncl><taxonrn>Suborder</taxonrn><taxonrv>Caniformia</taxonrv><taxoncl><taxonrn>Family</taxonrn><taxonrv>Phocidae</taxonrv><taxoncl><taxonrn>Genus</taxonrn><taxonrv>Monachus</taxonrv><taxoncl><taxonrn>Species</taxonrn><taxonrv>Monachus schauinslandi</taxonrv></taxoncl></taxoncl></taxoncl></taxoncl></taxoncl></taxoncl></taxoncl></taxoncl></taxoncl></taxoncl></taxoncl></taxonomy><datacred>The U.S. Navy Marine Species Monitoring Program</datacred><crossref><citeinfo><origin>HDR</origin><pubdate>2010</pubdate><title>Passive Acoustic Monitor Deployment And Small Vessel-Based Monitoring Surveys, 17-15 July 2010 Final Report</title><geoform>vector digital data</geoform><serinfo><sername>2010 Annual Range Complex Monitoring Report for Hawaii and Southern California</sername><issue>15 September 2010</issue></serinfo><onlink>http://seamap.env.duke.edu/downloads/resources/hdr/B-2010-HRC-SOCAL-annual-monitoring-report_HRC-Appendix-E.pdf</onlink></citeinfo></crossref><crossref><citeinfo><origin>Halpin, P.N., A.J. Read, E. Fujioka, B.D. Best, B. Donnelly, L.J. Hazen, C. Kot, K. Urian, E. LaBrecque, A. Dimatteo, J. Cleary, C. Good, L.B. Crowder, and K.D. Hyrenbach</origin><pubdate>2009</pubdate><title>OBIS-SEAMAP: The world data center for marine mammal, sea bird, and sea turtle distributions</title><geoform>vector digital data</geoform><serinfo><sername>Oceanography</sername><issue>22(2):104-115</issue></serinfo><onlink>http://www.tos.org/oceanography/article/obis-seamap-the-world-data-center-for-marine-mammal-sea-bird-and-sea-turtle</onlink></citeinfo></crossref></idinfo>

<metainfo>
	<langmeta Sync="TRUE">en</langmeta>
	<metstdn Sync="TRUE">FGDC Content Standards for Digital Geospatial Metadata</metstdn>
	<metstdv Sync="TRUE">FGDC-STD-001-1998</metstdv>
	<mettc Sync="TRUE">local time</mettc>
	<metc>
		<cntinfo>
			<cntorgp>
			<cntper>Ei Fujioka</cntper>
			<cntorg>Nicholas School of Environment, Duke University</cntorg>
			</cntorgp>
			<cntaddr><addrtype>mailing and physical address</addrtype><city>Durham</city><state>NC</state><postal>27708</postal><address>A328, LSRC</address><country>USA</country></cntaddr>
			<cntvoice>919-613-8021</cntvoice>
			<cntemail>seamap-contact@duke.edu</cntemail>
		<cntperp><cntper>Ei Fujioka</cntper><cntorg>Duke University</cntorg></cntperp><cntpos/></cntinfo>
	</metc>
	<metextns><onlink>http://www.nbii.gov/</onlink><metprof>Biological Data Profile</metprof></metextns><metextns><onlink Sync="TRUE">http://www.esri.com/metadata/esriprof80.html</onlink><metprof Sync="TRUE">ESRI Metadata Profile</metprof></metextns>
	<metd>20171012</metd>
<metrd>20171012</metrd></metainfo>

<mdLang><languageCode Sync="TRUE" value="en"/></mdLang>
<mdStanName Sync="TRUE">ISO 19115 Geographic Information - Metadata</mdStanName><mdStanVer Sync="TRUE">DIS_ESRI1.0</mdStanVer><mdChar><CharSetCd Sync="TRUE" value="004"/></mdChar><mdHrLv><ScopeCd Sync="TRUE" value="005"/></mdHrLv><mdHrLvName Sync="TRUE">dataset</mdHrLvName>

<distinfo>
	<resdesc Sync="TRUE">OBIS-SEAMAP Dataset ID 920</resdesc>
	<stdorder>
		<digform>
			<digtinfo>
				<transize Sync="TRUE">0.021</transize>
				<dssize Sync="TRUE">0.021</dssize>
			</digtinfo>
			<digtopt>
				<onlinopt>
					<computer>
						<networka>
							<networkr>OBIS-SEAMAP</networkr>
						</networka>
					</computer>
				</onlinopt>
			</digtopt>
		</digform>
		<fees>Free</fees>
		<ordering>Go to the OBIS-SEAMAP web site and click on [Datasets] tab appearing on upper left.</ordering>
	</stdorder>
	<distrib>
		<cntinfo>
			<cntorgp>
				<cntorg>Nicholas School of Environment, Duke Univ.</cntorg>
				<cntper>OBIS-SEAMAP</cntper>
			</cntorgp>
			<cntaddr>
				<addrtype>mailing and physical address</addrtype>
				<city>Durham</city><state>NC</state><country>USA</country><address>A328, LSRC</address><postal>27708</postal>
			</cntaddr>
			<cntvoice>919-613-8021</cntvoice>
			<cntemail>seamap-contact@duke.edu</cntemail>
		<cntpos/><cntefax/></cntinfo>
	</distrib>

	<distliab>Not to hold OBIS-SEAMAP liable for errors in the data. While we have made every effort to ensure the quality of the database, we cannot guarantee the accuracy of these datasets.&#13;
Also please refer to Use Constraints.</distliab>
</distinfo>

	<distInfo>
		<distributor><distorTran>
				<onLineSrc><orDesc Sync="TRUE">002</orDesc>
					<protocol Sync="TRUE">Local Area Network</protocol>
				</onLineSrc>
				<transSize Sync="TRUE">0.021</transSize></distorTran>
			<distorFormat><formatName Sync="TRUE">Shapefile</formatName></distorFormat>
		</distributor></distInfo>
	<spdoinfo><direct Sync="TRUE">Vector</direct><ptvctinf>
		</ptvctinf></spdoinfo>
	<spref><horizsys><cordsysn><geogcsn>GCS_WGS_1984</geogcsn></cordsysn><geograph><geogunit>Decimal degrees</geogunit><latres>1e-06</latres><longres>1e-06</longres></geograph><geodetic><horizdn>D_WGS_1984</horizdn><ellips>WGS_1984</ellips><semiaxis>6378137.000000</semiaxis><denflat>298.257224</denflat></geodetic></horizsys></spref><refSysInfo><RefSystem><refSysID><identCode Sync="TRUE">GCS_WGS_1984</identCode></refSysID></RefSystem></refSysInfo><spatRepInfo><VectSpatRep><topLvl><TopoLevCd Sync="TRUE" value="001"/></topLvl>
		</VectSpatRep>
	</spatRepInfo><eainfo><overview><eaover>This section explains attributes included in the original dataset.&#13;
OBIS-SEAMAP restricts the attributes available to the public to date/time, lat/lon and species names/counts only.&#13;
Should you need other attributes described here, you are encouraged to contact the data provider.</eaover><eadetcit>HDR Environmental, Operations and Construction, Inc.</eadetcit></overview><detailed><enttyp><enttypl>Biogeographic data</enttypl><enttypd>Biogeographic data</enttypd><enttypds>Not applicable</enttypds></enttyp><attr><attrlabl>oid</attrlabl><attrdef>Unique ID number (generated by OBIS-SEAMAP)</attrdef><attrdefs>Data provider</attrdefs><attrdomv><rdom><rdommin>1</rdommin><rdommax>10</rdommax></rdom></attrdomv></attr><attr><attrlabl>objectid</attrlabl><attrdef>Internal ID</attrdef><attrdefs>Data provider</attrdefs><attrdomv><rdom><rdommin>587</rdommin><rdommax>596</rdommax></rdom></attrdomv></attr><attr><attrlabl>altitudem</attrlabl><attrdef>Altitude in meters</attrdef><attrdefs>Data provider</attrdefs><attrdomv><udom>Altitude in meters</udom></attrdomv></attr><attr><attrlabl>angle</attrlabl><attrdef>Angle (blank)</attrdef><attrdefs>Data provider</attrdefs><attrdomv><udom>Angle (blank)</udom></attrdomv></attr><attr><attrlabl>animalheading</attrlabl><attrdef>(blank)</attrdef><attrdefs>Data provider</attrdefs><attrdomv><udom>(blank)</udom></attrdomv></attr><attr><attrlabl>animallatitude</attrlabl><attrdef>(blank)</attrdef><attrdefs>Data provider</attrdefs><attrdomv><udom>(blank)</udom></attrdomv></attr><attr><attrlabl>animallongitude</attrlabl><attrdef>(blank)</attrdef><attrdefs>Data provider</attrdefs><attrdomv><udom>(blank)</udom></attrdomv></attr><attr><attrlabl>bearing</attrlabl><attrdef>Bearing</attrdef><attrdefs>Data provider</attrdefs><attrdomv><udom>Bearing</udom></attrdomv></attr><attr><attrlabl>beaufortscale</attrlabl><attrdef>Beaufort sea scale</attrdef><attrdefs>Data provider</attrdefs><attrdomv><rdom><rdommin>2</rdommin><rdommax>4</rdommax></rdom></attrdomv></attr><attr><attrlabl>behavioralevent</attrlabl><attrdef>(blank)</attrdef><attrdefs>Data provider</attrdefs><attrdomv><udom>(blank)</udom></attrdomv></attr><attr><attrlabl>calvespercent</attrlabl><attrdef>(blank)</attrdef><attrdefs>Data provider</attrdefs><attrdomv><udom>(blank)</udom></attrdomv></attr><attr><attrlabl>calvestotal</attrlabl><attrdef>(blank)</attrdef><attrdefs>Data provider</attrdefs><attrdomv><rdom><rdommin>0.00</rdommin><rdommax>2.50</rdommax></rdom></attrdomv></attr><attr><attrlabl>contract</attrlabl><attrdef>(blank)</attrdef><attrdefs>Data provider</attrdefs><attrdomv><udom>(blank)</udom></attrdomv></attr><attr><attrlabl>obs_date</attrlabl><attrdef>Date of the sighting (local time zone)</attrdef><attrdefs>Data provider</attrdefs><attrdomv><rdom><rdommin>2010-07-19</rdommin><rdommax>2010-07-24</rdommax></rdom></attrdomv></attr><attr><attrlabl>efforttype</attrlabl><attrdef>Effort type (ON or OFF)</attrdef><attrdefs>Data provider</attrdefs><attrdomv><udom>Effort type (ON or OFF)</udom></attrdomv></attr><attr><attrlabl>groupbest</attrlabl><attrdef>Best estimate of group size</attrdef><attrdefs>Data provider</attrdefs><attrdomv><rdom><rdommin>1</rdommin><rdommax>64</rdommax></rdom></attrdomv></attr><attr><attrlabl>grouphigh</attrlabl><attrdef>High estimate of group size</attrdef><attrdefs>Data provider</attrdefs><attrdomv><rdom><rdommin>1</rdommin><rdommax>86</rdommax></rdom></attrdomv></attr><attr><attrlabl>groupid</attrlabl><attrdef>(blank)</attrdef><attrdefs>Data provider</attrdefs><attrdomv><udom>(blank)</udom></attrdomv></attr><attr><attrlabl>grouplow</attrlabl><attrdef>Low estimate of group size</attrdef><attrdefs>Data provider</attrdefs><attrdomv><rdom><rdommin>1</rdommin><rdommax>49</rdommax></rdom></attrdomv></attr><attr><attrlabl>island</attrlabl><attrdef>(blank)</attrdef><attrdefs>Data provider</attrdefs><attrdomv><udom>(blank)</udom></attrdomv></attr><attr><attrlabl>legnumber</attrlabl><attrdef>(blank)</attrdef><attrdefs>Data provider</attrdefs><attrdomv><udom>(blank)</udom></attrdomv></attr><attr><attrlabl>legtype</attrlabl><attrdef>Leg type</attrdef><attrdefs>Data provider</attrdefs><attrdomv><udom>Leg type</udom></attrdomv></attr><attr><attrlabl>notes</attrlabl><attrdef>Notes</attrdef><attrdefs>Data provider</attrdefs><attrdomv><udom>Notes</udom></attrdomv></attr><attr><attrlabl>numberreacted</attrlabl><attrdef>(blank)</attrdef><attrdefs>Data provider</attrdefs><attrdomv><udom>(blank)</udom></attrdomv></attr><attr><attrlabl>observer</attrlabl><attrdef>Observer ID</attrdef><attrdefs>Data provider</attrdefs><attrdomv><udom>Observer ID</udom></attrdomv></attr><attr><attrlabl>observerport</attrlabl><attrdef>(blank)</attrdef><attrdefs>Data provider</attrdefs><attrdomv><udom>(blank)</udom></attrdomv></attr><attr><attrlabl>observerstarboard</attrlabl><attrdef>(blank)</attrdef><attrdefs>Data provider</attrdefs><attrdomv><udom>(blank)</udom></attrdomv></attr><attr><attrlabl>pctime</attrlabl><attrdef>(blank)</attrdef><attrdefs>Data provider</attrdefs><attrdomv><udom>(blank)</udom></attrdomv></attr><attr><attrlabl>percentcloudcover</attrlabl><attrdef>(blank)</attrdef><attrdefs>Data provider</attrdefs><attrdomv><udom>(blank)</udom></attrdomv></attr><attr><attrlabl>photoframes</attrlabl><attrdef>(blank)</attrdef><attrdefs>Data provider</attrdefs><attrdomv><udom>(blank)</udom></attrdomv></attr><attr><attrlabl>photos</attrlabl><attrdef>(blank)</attrdef><attrdefs>Data provider</attrdefs><attrdomv><udom>(blank)</udom></attrdomv></attr><attr><attrlabl>platform</attrlabl><attrdef>Platform (always Vessel)</attrdef><attrdefs>Data provider</attrdefs><attrdomv><udom>Platform (always Vessel)</udom></attrdomv></attr><attr><attrlabl>platformded</attrlabl><attrdef>(blank)</attrdef><attrdefs>Data provider</attrdefs><attrdomv><udom>(blank)</udom></attrdomv></attr><attr><attrlabl>platformheadingmagnetic</attrlabl><attrdef>(blank)</attrdef><attrdefs>Data provider</attrdefs><attrdomv><udom>(blank)</udom></attrdomv></attr><attr><attrlabl>platformheadingtrue</attrlabl><attrdef>(blank)</attrdef><attrdefs>Data provider</attrdefs><attrdomv><udom>(blank)</udom></attrdomv></attr><attr><attrlabl>platformlatitude</attrlabl><attrdef>Latitude in decimal degrees</attrdef><attrdefs>Data provider</attrdefs><attrdomv><rdom><rdommin>21.7130000</rdommin><rdommax>21.9035000</rdommax></rdom></attrdomv></attr><attr><attrlabl>platformlongitude</attrlabl><attrdef>Longitude in decimal degrees</attrdef><attrdefs>Data provider</attrdefs><attrdomv><rdom><rdommin>-159.9143300</rdommin><rdommax>-159.5901700</rdommax></rdom></attrdomv></attr><attr><attrlabl>range</attrlabl><attrdef>definition not provided</attrdef><attrdefs>Data provider</attrdefs><attrdomv><udom>definition not provided</udom></attrdomv></attr><attr><attrlabl>reaction</attrlabl><attrdef>(blank)</attrdef><attrdefs>Data provider</attrdefs><attrdomv><udom>(blank)</udom></attrdomv></attr><attr><attrlabl>reticle</attrlabl><attrdef>Reticle</attrdef><attrdefs>Data provider</attrdefs><attrdomv><udom>Reticle</udom></attrdomv></attr><attr><attrlabl>sightability</attrlabl><attrdef>(blank)</attrdef><attrdefs>Data provider</attrdefs><attrdomv><udom>(blank)</udom></attrdomv></attr><attr><attrlabl>sightingnumber</attrlabl><attrdef>Sighting number</attrdef><attrdefs>Data provider</attrdefs><attrdomv><udom>Sighting number</udom></attrdomv></attr><attr><attrlabl>sightingtype</attrlabl><attrdef>Sighting type (always Standard)</attrdef><attrdefs>Data provider</attrdefs><attrdomv><udom>Sighting type (always Standard)</udom></attrdomv></attr><attr><attrlabl>species</attrlabl><attrdef>Species name recorded</attrdef><attrdefs>Data provider</attrdefs><attrdomv><udom>Species name recorded</udom></attrdomv></attr><attr><attrlabl>speciescode</attrlabl><attrdef>Species code by provider</attrdef><attrdefs>Data provider</attrdefs><attrdomv><udom>Species code by provider</udom></attrdomv></attr><attr><attrlabl>speciescodebw</attrlabl><attrdef>(blank)</attrdef><attrdefs>Data provider</attrdefs><attrdomv><udom>(blank)</udom></attrdomv></attr><attr><attrlabl>speciescomname</attrlabl><attrdef>Species common name</attrdef><attrdefs>Data provider</attrdefs><attrdomv><udom>Species common name</udom></attrdomv></attr><attr><attrlabl>sp_tsn</attrlabl><attrdef>Taxonomic Serial Number added by OBIS-SEAMAP</attrdef><attrdefs>Data provider</attrdefs><attrdomv><rdom><rdommin>179913</rdommin><rdommax>180661</rdommax></rdom></attrdomv></attr><attr><attrlabl>specieshauledout</attrlabl><attrdef>(blank)</attrdef><attrdefs>Data provider</attrdefs><attrdomv><udom>(blank)</udom></attrdomv></attr><attr><attrlabl>speciespossresight</attrlabl><attrdef>(blank)</attrdef><attrdefs>Data provider</attrdefs><attrdomv><udom>(blank)</udom></attrdomv></attr><attr><attrlabl>speciessciname</attrlabl><attrdef>Species scientific name</attrdef><attrdefs>Data provider</attrdefs><attrdomv><udom>Species scientific name</udom></attrdomv></attr><attr><attrlabl>surveycat</attrlabl><attrdef>(blank)</attrdef><attrdefs>Data provider</attrdefs><attrdomv><udom>(blank)</udom></attrdomv></attr><attr><attrlabl>surveyid</attrlabl><attrdef>Survey ID</attrdef><attrdefs>Data provider</attrdefs><attrdomv><udom>Survey ID</udom></attrdomv></attr><attr><attrlabl>surveylink</attrlabl><attrdef>definition not provided</attrdef><attrdefs>Data provider</attrdefs><attrdomv><udom>definition not provided</udom></attrdomv></attr><attr><attrlabl>surveytype</attrlabl><attrdef>Survey type</attrdef><attrdefs>Data provider</attrdefs><attrdomv><udom>Survey type</udom></attrdomv></attr><attr><attrlabl>swell</attrlabl><attrdef>swell height</attrdef><attrdefs>Data provider</attrdefs><attrdomv><udom>swell height</udom></attrdomv></attr><attr><attrlabl>obs_time</attrlabl><attrdef>Time of the sighting (local time zone)</attrdef><attrdefs>Data provider</attrdefs><attrdomv><rdom><rdommin>06:23:53</rdommin><rdommax>13:28:26</rdommax></rdom></attrdomv></attr><attr><attrlabl>timeend</attrlabl><attrdef>(blank)</attrdef><attrdefs>Data provider</attrdefs><attrdomv><udom>(blank)</udom></attrdomv></attr><attr><attrlabl>timestamp_</attrlabl><attrdef>(blank)</attrdef><attrdefs>Data provider</attrdefs><attrdomv><udom>(blank)</udom></attrdomv></attr><attr><attrlabl>video</attrlabl><attrdef>(blank)</attrdef><attrdefs>Data provider</attrdefs><attrdomv><udom>(blank)</udom></attrdomv></attr><attr><attrlabl>depth</attrlabl><attrdef>Botom depth in meters</attrdef><attrdefs>Data provider</attrdefs><attrdomv><rdom><rdommin>10.1729680</rdommin><rdommax>2367.0218620</rdommax></rdom></attrdomv></attr><attr><attrlabl>recordno</attrlabl><attrdef>Record Number</attrdef><attrdefs>Data provider</attrdefs><attrdomv><rdom><rdommin>587</rdommin><rdommax>596</rdommax></rdom></attrdomv></attr><attr><attrlabl>separator</attrlabl><attrdef>(blank)</attrdef><attrdefs>Data provider</attrdefs><attrdomv><udom>(blank)</udom></attrdomv></attr><attr><attrlabl>aspect</attrlabl><attrdef>Aspect (blank)</attrdef><attrdefs>Data provider</attrdefs><attrdomv><udom>Aspect (blank)</udom></attrdomv></attr><attr><attrlabl>binoculars</attrlabl><attrdef>(blank)</attrdef><attrdefs>Data provider</attrdefs><attrdomv><udom>(blank)</udom></attrdomv></attr><attr><attrlabl>cargoships</attrlabl><attrdef>(blank)</attrdef><attrdefs>Data provider</attrdefs><attrdomv><udom>(blank)</udom></attrdomv></attr><attr><attrlabl>confidence</attrlabl><attrdef>(blank)</attrdef><attrdefs>Data provider</attrdefs><attrdomv><udom>(blank)</udom></attrdomv></attr><attr><attrlabl>conversionfactor</attrlabl><attrdef>(blank)</attrdef><attrdefs>Data provider</attrdefs><attrdomv><udom>(blank)</udom></attrdomv></attr><attr><attrlabl>crc_number</attrlabl><attrdef>(blank)</attrdef><attrdefs>Data provider</attrdefs><attrdomv><udom>(blank)</udom></attrdomv></attr><attr><attrlabl>cue</attrlabl><attrdef>(blank)</attrdef><attrdefs>Data provider</attrdefs><attrdomv><udom>(blank)</udom></attrdomv></attr><attr><attrlabl>endlatitude</attrlabl><attrdef>(blank)</attrdef><attrdefs>Data provider</attrdefs><attrdomv><udom>(blank)</udom></attrdomv></attr><attr><attrlabl>endlongitude</attrlabl><attrdef>(blank)</attrdef><attrdefs>Data provider</attrdefs><attrdomv><udom>(blank)</udom></attrdomv></attr><attr><attrlabl>eventnumber</attrlabl><attrdef>(blank)</attrdef><attrdefs>Data provider</attrdefs><attrdomv><udom>(blank)</udom></attrdomv></attr><attr><attrlabl>females</attrlabl><attrdef>(blank)</attrdef><attrdefs>Data provider</attrdefs><attrdomv><udom>(blank)</udom></attrdomv></attr><attr><attrlabl>ferries</attrlabl><attrdef>(blank)</attrdef><attrdefs>Data provider</attrdefs><attrdomv><udom>(blank)</udom></attrdomv></attr><attr><attrlabl>fishingboats</attrlabl><attrdef>(blank)</attrdef><attrdefs>Data provider</attrdefs><attrdomv><udom>(blank)</udom></attrdomv></attr><attr><attrlabl>glare</attrlabl><attrdef>(blank)</attrdef><attrdefs>Data provider</attrdefs><attrdomv><udom>(blank)</udom></attrdomv></attr><attr><attrlabl>glareleft</attrlabl><attrdef>(blank)</attrdef><attrdefs>Data provider</attrdefs><attrdomv><udom>(blank)</udom></attrdomv></attr><attr><attrlabl>glaremaxangle</attrlabl><attrdef>(blank)</attrdef><attrdefs>Data provider</attrdefs><attrdomv><udom>(blank)</udom></attrdomv></attr><attr><attrlabl>glareminangle</attrlabl><attrdef>(blank)</attrdef><attrdefs>Data provider</attrdefs><attrdomv><udom>(blank)</udom></attrdomv></attr><attr><attrlabl>glareright</attrlabl><attrdef>(blank)</attrdef><attrdefs>Data provider</attrdefs><attrdomv><udom>(blank)</udom></attrdomv></attr><attr><attrlabl>groupcohesion</attrlabl><attrdef>(blank)</attrdef><attrdefs>Data provider</attrdefs><attrdomv><udom>(blank)</udom></attrdomv></attr><attr><attrlabl>initialbehavior</attrlabl><attrdef>(blank)</attrdef><attrdefs>Data provider</attrdefs><attrdomv><udom>(blank)</udom></attrdomv></attr><attr><attrlabl>juveniles</attrlabl><attrdef>(blank)</attrdef><attrdefs>Data provider</attrdefs><attrdomv><udom>(blank)</udom></attrdomv></attr><attr><attrlabl>males</attrlabl><attrdef>(blank)</attrdef><attrdefs>Data provider</attrdefs><attrdomv><udom>(blank)</udom></attrdomv></attr><attr><attrlabl>militaryvessels</attrlabl><attrdef>(blank)</attrdef><attrdefs>Data provider</attrdefs><attrdomv><udom>(blank)</udom></attrdomv></attr><attr><attrlabl>maxdispersion</attrlabl><attrdef>(blank)</attrdef><attrdefs>Data provider</attrdefs><attrdomv><udom>(blank)</udom></attrdomv></attr><attr><attrlabl>mindispersion</attrlabl><attrdef>(blank)</attrdef><attrdefs>Data provider</attrdefs><attrdomv><udom>(blank)</udom></attrdomv></attr><attr><attrlabl>mixedgroup</attrlabl><attrdef>(blank)</attrdef><attrdefs>Data provider</attrdefs><attrdomv><udom>(blank)</udom></attrdomv></attr><attr><attrlabl>mixedwithsighting</attrlabl><attrdef>(blank)</attrdef><attrdefs>Data provider</attrdefs><attrdomv><udom>(blank)</udom></attrdomv></attr><attr><attrlabl>mixedwithspecies</attrlabl><attrdef>(blank)</attrdef><attrdefs>Data provider</attrdefs><attrdomv><udom>(blank)</udom></attrdomv></attr><attr><attrlabl>motoryachts</attrlabl><attrdef>definition not provided</attrdef><attrdefs>Data provider</attrdefs><attrdomv><udom>definition not provided</udom></attrdomv></attr><attr><attrlabl>newborns</attrlabl><attrdef>definition not provided</attrdef><attrdefs>Data provider</attrdefs><attrdomv><udom>definition not provided</udom></attrdomv></attr><attr><attrlabl>numofanimalsmixed</attrlabl><attrdef>definition not provided</attrdef><attrdefs>Data provider</attrdefs><attrdomv><udom>definition not provided</udom></attrdomv></attr><attr><attrlabl>observeraft</attrlabl><attrdef>(blank)</attrdef><attrdefs>Data provider</attrdefs><attrdomv><udom>(blank)</udom></attrdomv></attr><attr><attrlabl>observerforward</attrlabl><attrdef>(blank)</attrdef><attrdefs>Data provider</attrdefs><attrdomv><udom>(blank)</udom></attrdomv></attr><attr><attrlabl>percentspecies</attrlabl><attrdef>definition not provided</attrdef><attrdefs>Data provider</attrdefs><attrdomv><udom>definition not provided</udom></attrdomv></attr><attr><attrlabl>reactiontype</attrlabl><attrdef>definition not provided</attrdef><attrdefs>Data provider</attrdefs><attrdomv><udom>definition not provided</udom></attrdomv></attr><attr><attrlabl>recorder</attrlabl><attrdef>Recorder ID</attrdef><attrdefs>Data provider</attrdefs><attrdomv><udom>Recorder ID</udom></attrdomv></attr><attr><attrlabl>sailingboats</attrlabl><attrdef>definition not provided</attrdef><attrdefs>Data provider</attrdefs><attrdomv><udom>definition not provided</udom></attrdomv></attr><attr><attrlabl>speed</attrlabl><attrdef>definition not provided</attrdef><attrdefs>Data provider</attrdefs><attrdomv><udom>definition not provided</udom></attrdomv></attr><attr><attrlabl>subgroups</attrlabl><attrdef>Group code</attrdef><attrdefs>Data provider</attrdefs><attrdomv><udom>Group code</udom></attrdomv></attr><attr><attrlabl>surveynumber</attrlabl><attrdef>definition not provided</attrdef><attrdefs>Data provider</attrdefs><attrdomv><udom>definition not provided</udom></attrdomv></attr><attr><attrlabl>surveysegmentid</attrlabl><attrdef>definition not provided</attrdef><attrdefs>Data provider</attrdefs><attrdomv><udom>definition not provided</udom></attrdomv></attr><attr><attrlabl>surveysegmentno</attrlabl><attrdef>definition not provided</attrdef><attrdefs>Data provider</attrdefs><attrdomv><udom>definition not provided</udom></attrdomv></attr><attr><attrlabl>unidadults</attrlabl><attrdef>definition not provided</attrdef><attrdefs>Data provider</attrdefs><attrdomv><udom>definition not provided</udom></attrdomv></attr><attr><attrlabl>unknowntype</attrlabl><attrdef>definition not provided</attrdef><attrdefs>Data provider</attrdefs><attrdomv><udom>definition not provided</udom></attrdomv></attr><attr><attrlabl>visibility</attrlabl><attrdef>Visibility</attrdef><attrdefs>Data provider</attrdefs><attrdomv><udom>Visibility</udom></attrdomv></attr><attr><attrlabl>visibilityleft</attrlabl><attrdef>Visibility code of the left side</attrdef><attrdefs>Data provider</attrdefs><attrdomv><udom>Visibility code of the left side</udom></attrdomv></attr><attr><attrlabl>visibilityright</attrlabl><attrdef>Visibility code of the right side</attrdef><attrdefs>Data provider</attrdefs><attrdomv><udom>Visibility code of the right side</udom></attrdomv></attr><attr><attrlabl>weather</attrlabl><attrdef>definition not provided</attrdef><attrdefs>Data provider</attrdefs><attrdomv><udom>definition not provided</udom></attrdomv></attr><attr><attrlabl>winddirection</attrlabl><attrdef>(blank)</attrdef><attrdefs>Data provider</attrdefs><attrdomv><udom>(blank)</udom></attrdomv></attr><attr><attrlabl>windspeed</attrlabl><attrdef>(blank)</attrdef><attrdefs>Data provider</attrdefs><attrdomv><udom>(blank)</udom></attrdomv></attr><attr><attrlabl>time_text</attrlabl><attrdef>definition not provided</attrdef><attrdefs>Data provider</attrdefs><attrdomv><udom>definition not provided</udom></attrdomv></attr><attr><attrlabl>date_text</attrlabl><attrdef>definition not provided</attrdef><attrdefs>Data provider</attrdefs><attrdomv><rdom><rdommin>2010-07-19</rdommin><rdommax>2010-07-24</rdommax></rdom></attrdomv></attr><attr><attrlabl>geom</attrlabl><attrdef>Geometry field added by OBIS-SEAMAP</attrdef><attrdefs>Data provider</attrdefs><attrdomv><rdom><rdommin>0101000020E61000000EF8FC3042FD63C02DB29DEFA7E63540</rdommin><rdommax>0101000020E6100000E5D022DBF9F263C0BE9F1A2FDDE43540</rdommax></rdom></attrdomv></attr></detailed></eainfo><mdDateSt Sync="TRUE">20060815</mdDateSt>
	<dataqual><posacc><horizpa><horizpar/></horizpa><vertacc><vertaccr/></vertacc></posacc><attracc><attraccr/></attracc><complete>All observation records are included.</complete><logic>not applicable</logic><lineage><procstep><procdesc>Data were put through the OBIS-SEAMAP data registration steps.</procdesc><procdate>20171012</procdate></procstep></lineage></dataqual>
</metadata>
