<?xml version="1.0"?>
<metadata>
  <idinfo>
    <descript>
      <abstract>This dataset includes unclassified incidental sightings of cetaceans from the United Kingdom Royal Navy ships. The dataset is global in coverage.</abstract>
      <purpose>The Royal Navy often operates in remote areas and the purpose of collecting this sort of data is to contribute to a better scientific understanding of cetacean distributions, breeding areas, migration routes, etc. By ensuring that Royal Navy personnel keep watch for cetaceans helps them to comply with current risk mitigation measures.</purpose>
      <supplinf>12/07/06: Observations for &lt;i&gt;Lagenorhynchus acutus&lt;/i&gt; (180443: Atlantic white-sided dolphin) that are located in the Southern Hemisphere were replaced with &lt;i&gt;Lagenorhynchus &lt;/i&gt;(180441: white-side dolphin)</supplinf>
    </descript>
    <citation>
      <citeinfo><origin>Maughan, B. and K. Arnold</origin><pubdate>2010</pubdate><title>UK Royal Navy Marine Mammal Observations</title><onlink>http://seamap.env.duke.edu/dataset/64</onlink><serinfo><sername>OBIS-SEAMAP</sername><issue>64</issue></serinfo><pubinfo><pubplace>http://seamap.env.duke.edu/dataset/64</pubplace><publish>OBIS-SEAMAP</publish></pubinfo></citeinfo>
    </citation>
    <timeperd>
      <current>ground condition</current>
      <timeinfo>
        <rngdates>
          <begdate>1947-10-21</begdate>
          <enddate>2003-03-31</enddate>
        </rngdates>
      </timeinfo>
    </timeperd>
    <status>
      <progress>Complete</progress>
      <update>Continually</update>
    </status>
    <spdom><bounding><westbc>0.08</westbc><eastbc>359.86</eastbc><northbc>70.33</northbc><southbc>-74.65</southbc></bounding><lboundng><leftbc>0.08</leftbc><rightbc>359.86</rightbc><topbc>70.33</topbc><bottombc>-74.65</bottombc></lboundng></spdom>
    <keywords><place><placekey/></place><theme><themekey/></theme><theme><themekt>Platform</themekt><themekey>Vessels</themekey><themekey>Sightings</themekey></theme></keywords>
    <accconst>Open public unless otherwise noted. See Use Constraints for details.</accconst>
    <useconst>1. Not to use data obtained from OBIS-SEAMAP in any publication, product, or commercial application without proper attribution to the original data provider(s) and OBIS-SEAMAP unless the datasets are explicitly shown under the CC0 policy. Citations or credits are suggested as attribution. If the data you downloaded come from multiple datasets, a citation or credit to each of the datasets is required.

Suggested citation for this dataset

Maughan, B. and K. Arnold. 2010. UK Royal Navy Marine Mammal Observations. Data downloaded from OBIS-SEAMAP (http://seamap.env.duke.edu/dataset/64) on yyyy-mm-dd.

Suggested citation for OBIS-SEAMAP:

Halpin, P.N., A.J. Read, E. Fujioka, B.D. Best, B. Donnelly, L.J. Hazen, C. Kot, K. Urian, E. LaBrecque, A. Dimatteo, J. Cleary, C. Good, L.B. Crowder, and K.D. Hyrenbach. 2009. OBIS-SEAMAP: The world data center for marine mammal, sea bird, and sea turtle distributions. Oceanography 22(2):104-115

2. To forward the citation of any publication / report that made use of the data / tools provided by OBIS-SEAMAP for inclusion in our list of references.

3. Not to hold OBIS-SEAMAP or the original data providers liable for errors in the data. While we have made every effort to ensure the quality of the database, we cannot guarantee the accuracy of these datasets. 

4. The burden for determining fitness for use of the downloaded data for any analyses lies entirely with the user. OBIS-SEAMAP or the original data providers do not support outcomes of your analyses that used the data you downloaded from OBIS-SEAMAP.

5. To consider inclusion of the accompanying transect (effort) dataset if available into the methodology of your analyses.

6. Not to redistribute the data you downloaded from OBIS-SEAMAP through any media without contect from OBIS-SEAMAP and the original data providers unless the datasets are explicitly shown under the CC0 policy.</useconst>
    <natvform>Shapefile</natvform>
    <ptcontac>
      <cntinfo>
        <cntperp>
          <cntper>Kate Arnold</cntper>
          <cntorg/>
        </cntperp>
        <cntpos/>
        <cntaddr>
          <addrtype>mailing and physical address</addrtype>
          <address>Maritime Environment Information Centre, UK Hydrographic Office</address>
          <city>Taunton</city>
          <state>Somerset</state>
          <postal>TA1 2DN</postal>
          <country>England</country>
        </cntaddr>
        <cntvoice>01823 337900</cntvoice>
        <cntemail/>
      <cntfax/></cntinfo>
    </ptcontac>
    <datacred>United Kingdom Royal Navy</datacred>
    <taxonomy><taxonsys><classsys><classcit><citeinfo><origin>Integrated Taxonomic Information System</origin><title>Integrated Taxonomic Information System</title><onlink>http://www.itis.usda.gov/</onlink><othercit>Downloaded April, 2004</othercit></citeinfo></classcit></classsys><ider><cntinfo><cntorgp><cntorg>Refer to the contact information of the dataset</cntorg></cntorgp></cntinfo></ider></taxonsys><taxoncl><taxonrn>Kingdom</taxonrn><taxonrv>Animalia</taxonrv><taxontsn>202423</taxontsn><taxoncl><taxonrn>Phylum</taxonrn><taxonrv>Chordata</taxonrv><taxontsn>158852</taxontsn><taxoncl><taxonrn>Subphylum</taxonrn><taxonrv>Vertebrata</taxonrv><taxontsn>331030</taxontsn><taxoncl><taxonrn>Class</taxonrn><taxonrv>Mammalia</taxonrv><taxontsn>179913</taxontsn><taxoncl><taxonrn>Subclass</taxonrn><taxonrv>Theria</taxonrv><taxontsn>179916</taxontsn><taxoncl><taxonrn>Infraclass</taxonrn><taxonrv>Eutheria</taxonrv><taxontsn>179925</taxontsn><taxoncl><taxonrn>Order</taxonrn><taxonrv>Cetacea</taxonrv><taxontsn>180403</taxontsn><taxoncl><taxonrn>Suborder</taxonrn><taxonrv>Mysticeti</taxonrv><taxontsn>552298</taxontsn><taxoncl><taxonrn>Family</taxonrn><taxonrv>Balaenopteridae</taxonrv><taxontsn>180522</taxontsn><taxoncl><taxonrn>Genus</taxonrn><taxonrv>Balaenoptera</taxonrv><taxontsn>180523</taxontsn><taxoncl><taxonrn>Species</taxonrn><taxonrv>Balaenoptera acutorostrata</taxonrv><taxontsn>180524</taxontsn></taxoncl><taxoncl><taxonrn>Species</taxonrn><taxonrv>Balaenoptera borealis</taxonrv><taxontsn>180526</taxontsn></taxoncl><taxoncl><taxonrn>Species</taxonrn><taxonrv>Balaenoptera brydei</taxonrv><taxontsn>612597</taxontsn></taxoncl><taxoncl><taxonrn>Species</taxonrn><taxonrv>Balaenoptera musculus</taxonrv><taxontsn>180528</taxontsn><taxoncl><taxonrn>Subspecies</taxonrn><taxonrv>Balaenoptera musculus brevicauda</taxonrv><taxontsn>612605</taxontsn></taxoncl></taxoncl><taxoncl><taxonrn>Species</taxonrn><taxonrv>Balaenoptera physalus</taxonrv><taxontsn>180527</taxontsn></taxoncl></taxoncl><taxoncl><taxonrn>Genus</taxonrn><taxonrv>Megaptera</taxonrv><taxontsn>180529</taxontsn><taxoncl><taxonrn>Species</taxonrn><taxonrv>Megaptera novaeangliae</taxonrv><taxontsn>180530</taxontsn></taxoncl></taxoncl></taxoncl><taxoncl><taxonrn>Family</taxonrn><taxonrv>Neobalaenidae</taxonrv><taxontsn>552323</taxontsn><taxoncl><taxonrn>Genus</taxonrn><taxonrv>Caperea</taxonrv><taxontsn>180534</taxontsn><taxoncl><taxonrn>Species</taxonrn><taxonrv>Caperea marginata</taxonrv><taxontsn>180535</taxontsn></taxoncl></taxoncl></taxoncl><taxoncl><taxonrn>Family</taxonrn><taxonrv>Eschrichtiidae</taxonrv><taxontsn>180519</taxontsn><taxoncl><taxonrn>Genus</taxonrn><taxonrv>Eschrichtius</taxonrv><taxontsn>180520</taxontsn><taxoncl><taxonrn>Species</taxonrn><taxonrv>Eschrichtius robustus</taxonrv><taxontsn>180521</taxontsn></taxoncl></taxoncl></taxoncl><taxoncl><taxonrn>Family</taxonrn><taxonrv>Balaenidae</taxonrv><taxontsn>180531</taxontsn><taxoncl><taxonrn>Genus</taxonrn><taxonrv>Eubalaena</taxonrv><taxontsn>180536</taxontsn><taxoncl><taxonrn>Species</taxonrn><taxonrv>Eubalaena australis</taxonrv><taxontsn>552771</taxontsn></taxoncl></taxoncl></taxoncl></taxoncl><taxoncl><taxonrn>Suborder</taxonrn><taxonrv>Odontoceti</taxonrv><taxontsn>180404</taxontsn><taxoncl><taxonrn>Family</taxonrn><taxonrv>Delphinidae</taxonrv><taxontsn>180415</taxontsn><taxoncl><taxonrn>Genus</taxonrn><taxonrv>Cephalorhynchus</taxonrv><taxontsn>180448</taxontsn><taxoncl><taxonrn>Species</taxonrn><taxonrv>Cephalorhynchus commersonii</taxonrv><taxontsn>180449</taxontsn></taxoncl></taxoncl><taxoncl><taxonrn>Genus</taxonrn><taxonrv>Delphinus</taxonrv><taxontsn>180437</taxontsn><taxoncl><taxonrn>Species</taxonrn><taxonrv>Delphinus delphis</taxonrv><taxontsn>180438</taxontsn></taxoncl></taxoncl><taxoncl><taxonrn>Genus</taxonrn><taxonrv>Globicephala</taxonrv><taxontsn>180464</taxontsn><taxoncl><taxonrn>Species</taxonrn><taxonrv>Globicephala macrorhynchus</taxonrv><taxontsn>180466</taxontsn></taxoncl><taxoncl><taxonrn>Species</taxonrn><taxonrv>Globicephala melas</taxonrv><taxontsn>552461</taxontsn></taxoncl></taxoncl><taxoncl><taxonrn>Genus</taxonrn><taxonrv>Grampus</taxonrv><taxontsn>180456</taxontsn><taxoncl><taxonrn>Species</taxonrn><taxonrv>Grampus griseus</taxonrv><taxontsn>180457</taxontsn></taxoncl></taxoncl><taxoncl><taxonrn>Genus</taxonrn><taxonrv>Lagenorhynchus</taxonrv><taxontsn>180441</taxontsn><taxoncl><taxonrn>Species</taxonrn><taxonrv>Lagenorhynchus acutus</taxonrv><taxontsn>180443</taxontsn></taxoncl><taxoncl><taxonrn>Species</taxonrn><taxonrv>Lagenorhynchus albirostris</taxonrv><taxontsn>180442</taxontsn></taxoncl><taxoncl><taxonrn>Species</taxonrn><taxonrv>Lagenorhynchus australis</taxonrv><taxontsn>180446</taxontsn></taxoncl><taxoncl><taxonrn>Species</taxonrn><taxonrv>Lagenorhynchus cruciger</taxonrv><taxontsn>180447</taxontsn></taxoncl><taxoncl><taxonrn>Species</taxonrn><taxonrv>Lagenorhynchus obscurus</taxonrv><taxontsn>180445</taxontsn></taxoncl></taxoncl><taxoncl><taxonrn>Genus</taxonrn><taxonrv>Orcinus</taxonrv><taxontsn>180468</taxontsn><taxoncl><taxonrn>Species</taxonrn><taxonrv>Orcinus orca</taxonrv><taxontsn>180469</taxontsn></taxoncl></taxoncl><taxoncl><taxonrn>Genus</taxonrn><taxonrv>Pseudorca</taxonrv><taxontsn>180462</taxontsn><taxoncl><taxonrn>Species</taxonrn><taxonrv>Pseudorca crassidens</taxonrv><taxontsn>180463</taxontsn></taxoncl></taxoncl><taxoncl><taxonrn>Genus</taxonrn><taxonrv>Sousa</taxonrv><taxontsn>180418</taxontsn><taxoncl><taxonrn>Species</taxonrn><taxonrv>Sousa chinensis</taxonrv><taxontsn>180419</taxontsn></taxoncl></taxoncl><taxoncl><taxonrn>Genus</taxonrn><taxonrv>Stenella</taxonrv><taxontsn>180428</taxontsn><taxoncl><taxonrn>Species</taxonrn><taxonrv>Stenella attenuata</taxonrv><taxontsn>180430</taxontsn></taxoncl><taxoncl><taxonrn>Species</taxonrn><taxonrv>Stenella clymene</taxonrv><taxontsn>180435</taxontsn></taxoncl><taxoncl><taxonrn>Species</taxonrn><taxonrv>Stenella coeruleoalba</taxonrv><taxontsn>180434</taxontsn></taxoncl><taxoncl><taxonrn>Species</taxonrn><taxonrv>Stenella frontalis</taxonrv><taxontsn>552460</taxontsn></taxoncl><taxoncl><taxonrn>Species</taxonrn><taxonrv>Stenella longirostris</taxonrv><taxontsn>180429</taxontsn></taxoncl></taxoncl><taxoncl><taxonrn>Genus</taxonrn><taxonrv>Tursiops</taxonrv><taxontsn>180425</taxontsn><taxoncl><taxonrn>Species</taxonrn><taxonrv>Tursiops truncatus</taxonrv><taxontsn>180426</taxontsn></taxoncl></taxoncl></taxoncl><taxoncl><taxonrn>Family</taxonrn><taxonrv>Hyperoodontidae</taxonrv><taxontsn>770799</taxontsn><taxoncl><taxonrn>Genus</taxonrn><taxonrv>Hyperoodon</taxonrv><taxontsn>180503</taxontsn><taxoncl><taxonrn>Species</taxonrn><taxonrv>Hyperoodon planifrons</taxonrv><taxontsn>180505</taxontsn></taxoncl></taxoncl><taxoncl><taxonrn>Genus</taxonrn><taxonrv>Mesoplodon</taxonrv><taxontsn>180506</taxontsn></taxoncl><taxoncl><taxonrn>Genus</taxonrn><taxonrv>Ziphius</taxonrv><taxontsn>180497</taxontsn><taxoncl><taxonrn>Species</taxonrn><taxonrv>Ziphius cavirostris</taxonrv><taxontsn>180498</taxontsn></taxoncl></taxoncl></taxoncl><taxoncl><taxonrn>Family</taxonrn><taxonrv>Kogiidae</taxonrv><taxontsn>621144</taxontsn><taxoncl><taxonrn>Genus</taxonrn><taxonrv>Kogia</taxonrv><taxontsn>180490</taxontsn><taxoncl><taxonrn>Species</taxonrn><taxonrv>Kogia breviceps</taxonrv><taxontsn>180491</taxontsn></taxoncl></taxoncl></taxoncl><taxoncl><taxonrn>Family</taxonrn><taxonrv>Phocoenidae</taxonrv><taxontsn>552307</taxontsn><taxoncl><taxonrn>Genus</taxonrn><taxonrv>Phocoena</taxonrv><taxontsn>180472</taxontsn><taxoncl><taxonrn>Species</taxonrn><taxonrv>Phocoena phocoena</taxonrv><taxontsn>180473</taxontsn></taxoncl></taxoncl></taxoncl><taxoncl><taxonrn>Family</taxonrn><taxonrv>Physeteridae</taxonrv><taxontsn>180486</taxontsn><taxoncl><taxonrn>Genus</taxonrn><taxonrv>Physeter</taxonrv><taxontsn>180487</taxontsn><taxoncl><taxonrn>Species</taxonrn><taxonrv>Physeter macrocephalus</taxonrv><taxontsn>180488</taxontsn></taxoncl></taxoncl></taxoncl></taxoncl></taxoncl></taxoncl></taxoncl></taxoncl></taxoncl></taxoncl></taxoncl></taxonomy>
  <crossref><citeinfo><origin>Maughan, Ben</origin><pubdate>2003</pubdate><title>United Kingdom Royal Navy Cetacean Sightings</title><onlink/></citeinfo></crossref><crossref><citeinfo><origin>Halpin, P.N., A.J. Read, E. Fujioka, B.D. Best, B. Donnelly, L.J. Hazen, C. Kot, K. Urian, E. LaBrecque, A. Dimatteo, J. Cleary, C. Good, L.B. Crowder, and K.D. Hyrenbach</origin><pubdate>2009</pubdate><title>OBIS-SEAMAP: The world data center for marine mammal, sea bird, and sea turtle distributions</title><serinfo><sername>Oceanography</sername><issue>22(2):104-115</issue></serinfo><onlink>http://www.tos.org/oceanography/article/obis-seamap-the-world-data-center-for-marine-mammal-sea-bird-and-sea-turtle</onlink></citeinfo></crossref></idinfo>
  <metainfo>
    <metc><cntinfo><cntperp><cntper>Benjamin Best</cntper><cntorg>Duke University</cntorg></cntperp><cntpos/><cntaddr><addrtype>mailing and physical address</addrtype><address>A321 LSRC, Box 90328</address><city>Durham</city><state>NC</state><postal>27708</postal><country>USA</country></cntaddr><cntvoice>919-613-8021</cntvoice><cntemail>bbest@duke.edu</cntemail></cntinfo></metc>
    <metextns>
      <onlink>http://www.nbii.gov/</onlink>
      <metprof>Biological Data Profile</metprof>
    </metextns>
  <metd>2010-04-12</metd></metainfo>
  <dataqual>
    <posacc>
      <horizpa>
        <horizpar/>
      </horizpa>
      <vertacc>
        <vertaccr/>
      </vertacc>
    </posacc>
  <attracc><attraccr/></attracc><complete/></dataqual>
<distinfo><distrib><cntinfo><cntorgp><cntper>OBIS-SEAMAP</cntper><cntorg>Nicholas School of Environment, Duke University</cntorg></cntorgp><cntpos/><cntaddr><addrtype>mailing and physical address</addrtype><address>A328, LSRC</address><city>Durham</city><state>NC</state><postal>27708</postal><country>USA</country></cntaddr><cntvoice>919-613-8021</cntvoice><cntemail>seamap-contact@duke.edu</cntemail></cntinfo></distrib><distliab>Not to hold OBIS-SEAMAP liable for errors in the data. While we have made every effort to ensure the quality of the database, we cannot guarantee the accuracy of these datasets.&#xD;
Also please refer to Use Constraints.</distliab><stdorder><fees>Free</fees><ordering>Go to the OBIS-SEAMAP web site</ordering><digform><digtinfo><formname>zip</formname><filedec>zipped shapefile</filedec></digtinfo><digtopt><onlinopt><computer><networka><networkr>http://seamap.env.duke.edu/dataset/64</networkr></networka></computer></onlinopt></digtopt></digform></stdorder></distinfo><spref><horizsys><cordsysn><geogcsn>GCS_WGS_1984</geogcsn></cordsysn><geograph><geogunit>Decimal degrees</geogunit><latres>0.000167</latres><longres>0.000167</longres></geograph><geodetic><horizdn>D_WGS_1984</horizdn><ellips>WGS_1984</ellips><semiaxis>6378137.000000</semiaxis><denflat>298.257224</denflat></geodetic></horizsys></spref><eainfo><overview><eadetcit>UK Royal Navy</eadetcit><eaover/></overview><detailed><attr><attrlabl>DATE</attrlabl><attrdef/></attr><attr><attrlabl>GMT</attrlabl><attrdef/></attr><attr><attrlabl>TIME</attrlabl><attrdef/></attr><attr><attrlabl>TIMEZONE</attrlabl><attrdef/></attr><attr><attrlabl>COUNT</attrlabl><attrdef/></attr><attr><attrlabl>COUNT_QUALITY</attrlabl><attrdef/></attr><attr><attrlabl>SPECIES</attrlabl><attrdef/></attr><attr><attrlabl>I_D_QUALITY</attrlabl><attrdef/></attr><attr><attrlabl>HEADING</attrlabl><attrdef/></attr><attr><attrlabl>SPEED__KNOTS</attrlabl><attrdef/></attr><attr><attrlabl>SIZE</attrlabl><attrdef/></attr><attr><attrlabl>LONGITUDE</attrlabl><attrdef/></attr><attr><attrlabl>LATITUDE</attrlabl><attrdef/></attr><attr><attrlabl>SHIP</attrlabl><attrdef/></attr><attr><attrlabl>COMMENTS</attrlabl><attrdef/></attr><attr><attrlabl>oid</attrlabl><attrdef/></attr></detailed></eainfo></metadata>
