<?xml version="1.0"?>
<metadata>
  <idinfo>
    <taxonomy><keywtax><taxonkt>Taxon covered</taxonkt><taxonkey>Marine mammals, seabirds, sea turtles</taxonkey></keywtax><taxonsys><classsys><classcit><citeinfo><origin>Integrated Taxonomic Information System</origin><pubdate>Unknown</pubdate><title>Integrated Taxonomic Information System</title><geoform>Not applicable</geoform><othercit>Downloaded April, 2004</othercit><onlink>http://www.itis.usda.gov/</onlink></citeinfo></classcit></classsys><ider><cntinfo><cntperp><cntper>Refer to the contact information of the dataset</cntper><cntorg>Refer to the contact information of the dataset</cntorg></cntperp><cntaddr><addrtype>mailing and physical address</addrtype><address>Refer to the contact information of the dataset</address><city>Refer to the contact information of the dataset</city><state>Refer to the contact information of the dataset</state><postal>Refer to the contact information of the dataset</postal><country>Refer to the contact information of the dataset</country></cntaddr><cntvoice>Not provided</cntvoice></cntinfo></ider><taxonpro>Identified by observers or researchers conducting the survey</taxonpro></taxonsys><taxoncl><taxonrn>Kingdom</taxonrn><taxonrv>Animalia</taxonrv><taxoncl><taxonrn>Phylum</taxonrn><taxonrv>Chordata</taxonrv><taxoncl><taxonrn>Subphylum</taxonrn><taxonrv>Vertebrata</taxonrv><taxoncl><taxonrn>Class</taxonrn><taxonrv>Reptilia</taxonrv><taxoncl><taxonrn>Order</taxonrn><taxonrv>Testudines</taxonrv><taxoncl><taxonrn>Family</taxonrn><taxonrv>Cheloniidae</taxonrv><taxoncl><taxonrn>Genus</taxonrn><taxonrv>Caretta</taxonrv><taxoncl><taxonrn>Species</taxonrn><taxonrv>Caretta caretta</taxonrv></taxoncl></taxoncl></taxoncl><taxoncl><taxonrn>Family</taxonrn><taxonrv>Dermochelyidae</taxonrv><taxoncl><taxonrn>Genus</taxonrn><taxonrv>Dermochelys</taxonrv><taxoncl><taxonrn>Species</taxonrn><taxonrv>Dermochelys coriacea</taxonrv></taxoncl></taxoncl></taxoncl></taxoncl></taxoncl><taxoncl><taxonrn>Class</taxonrn><taxonrv>Mammalia</taxonrv><taxoncl><taxonrn>Subclass</taxonrn><taxonrv>Theria</taxonrv><taxoncl><taxonrn>Infraclass</taxonrn><taxonrv>Eutheria</taxonrv><taxoncl><taxonrn>Order</taxonrn><taxonrv>Cetacea</taxonrv><taxoncl><taxonrn>Suborder</taxonrn><taxonrv>Odontoceti</taxonrv><taxoncl><taxonrn>Family</taxonrn><taxonrv>Delphinidae</taxonrv><taxoncl><taxonrn>Genus</taxonrn><taxonrv>Delphinus</taxonrv><taxoncl><taxonrn>Species</taxonrn><taxonrv>Delphinus delphis</taxonrv></taxoncl></taxoncl><taxoncl><taxonrn>Genus</taxonrn><taxonrv>Globicephala</taxonrv><taxoncl><taxonrn>Species</taxonrn><taxonrv>Globicephala macrorhynchus</taxonrv></taxoncl></taxoncl><taxoncl><taxonrn>Genus</taxonrn><taxonrv>Stenella</taxonrv><taxoncl><taxonrn>Species</taxonrn><taxonrv>Stenella frontalis</taxonrv></taxoncl></taxoncl><taxoncl><taxonrn>Genus</taxonrn><taxonrv>Tursiops</taxonrv><taxoncl><taxonrn>Species</taxonrn><taxonrv>Tursiops truncatus</taxonrv></taxoncl></taxoncl></taxoncl><taxoncl><taxonrn>Family</taxonrn><taxonrv>Physeteridae</taxonrv><taxoncl><taxonrn>Genus</taxonrn><taxonrv>Physeter</taxonrv><taxoncl><taxonrn>Species</taxonrn><taxonrv>Physeter macrocephalus</taxonrv></taxoncl></taxoncl></taxoncl></taxoncl><taxoncl><taxonrn>Suborder</taxonrn><taxonrv>Mysticeti</taxonrv><taxoncl><taxonrn>Family</taxonrn><taxonrv>Balaenidae</taxonrv><taxoncl><taxonrn>Genus</taxonrn><taxonrv>Eubalaena</taxonrv><taxoncl><taxonrn>Species</taxonrn><taxonrv>Eubalaena glacialis</taxonrv></taxoncl></taxoncl></taxoncl><taxoncl><taxonrn>Family</taxonrn><taxonrv>Balaenopteridae</taxonrv><taxoncl><taxonrn>Genus</taxonrn><taxonrv>Megaptera</taxonrv><taxoncl><taxonrn>Species</taxonrn><taxonrv>Megaptera novaeangliae</taxonrv></taxoncl></taxoncl></taxoncl></taxoncl></taxoncl></taxoncl></taxoncl></taxoncl></taxoncl><taxoncl><taxonrn>Class</taxonrn><taxonrv>Mammalia</taxonrv><taxoncl><taxonrn>Subclass</taxonrn><taxonrv>Theria</taxonrv><taxoncl><taxonrn>Infraclass</taxonrn><taxonrv>Eutheria</taxonrv><taxoncl><taxonrn>Order</taxonrn><taxonrv>Cetacea</taxonrv><taxoncl><taxonrn>Suborder</taxonrn><taxonrv>Odontoceti</taxonrv><taxoncl><taxonrn>Family</taxonrn><taxonrv>Ziphiidae</taxonrv><taxoncl><taxonrn>Family</taxonrn><taxonrv>Ziphiidae</taxonrv></taxoncl></taxoncl></taxoncl></taxoncl></taxoncl></taxoncl></taxoncl></taxoncl></taxoncl></taxonomy>
  <datacred>William McLellan, University of North Carolina Wilmington</datacred><descript><abstract>These surveys were designed to monitor North Atlantic right whales (&lt;i&gt;Eubalaena glacialis&lt;/i&gt;) in the south Atlantic Bight and mid-Atlantic, from the North Carolina (NC)-South Carolina (SC) border, north across the Chesapeake Bay mouth, to the southern tip of Cape Charles, Virginia, United States. The contract period began in January 2008 with surveys flown from February to June 2008.&lt;br&gt;&lt;br&gt;&#xD;
A total of 14 North Atlantic right whales were observed during this aerial survey period, with 12 of the 14 whales sighted between the SC-NC border to Cape Hatteras, NC. Two of the 14 right whales observed were just north of Cape Hatteras, NC. In addition to right whales, two other endangered large whale species were observed. Two humpback whales (&lt;i&gt;Megaptera novaeangliae&lt;/i&gt;) in two separate sightings during early March, and 20 sperm whales (&lt;i&gt;Physeter macrocephalus&lt;/i&gt;) in 12 separate sightings were observed during these aerial surveys. Unidentified beaked whales (Family Ziphiidae), short-finned pilot whales (&lt;i&gt;Globicephala macrorhynchus&lt;/i&gt;), common dolphins (&lt;i&gt;Delphinus delphis&lt;/i&gt;), spotted dolphins (&lt;i&gt;Stenella frontalis&lt;/i&gt;), bottlenose dolphins (&lt;i&gt;Tursiops truncatus&lt;/i&gt;), and unidentified delphinids (Family Delphinidae) were also observed during the aerial survey period. An unconfirmed beaked whale was observed in early February, and a confirmed beaked whale (species ID is still being debated) was observed in mid-June, both offshore near Cape Hatteras, NC. The threatened loggerhead sea turtle &lt;i&gt;Caretta caretta&lt;/i&gt; (1,455 individuals in 937 sightings), the endangered leatherback sea turtle &lt;i&gt;Dermochelys coriacea&lt;/i&gt; (4 individuals in 4 sightings), and unidentified sea turtles (615 individuals in 187 sightings) were also observed in this study.</abstract><purpose>not provided</purpose><supplinf>[UPDATE] Group size for a sighting (Row ID: 748, 04/11/08 12:29:00, Loggerhead) was corrected to 6.</supplinf></descript><citation><citeinfo><origin>University of North Carolina Wilmington</origin><pubdate>20111111</pubdate><title>UNCW Right Whale Aerial Surveys 2008</title><ftname>seamap464</ftname><geoform>vector digital data</geoform><serinfo><sername>OBIS-SEAMAP</sername><issue>Latest</issue></serinfo><pubinfo><pubplace>http://seamap.env.duke.edu/dataset/464</pubplace><publish>OBIS-SEAMAP</publish></pubinfo><onlink>http://www.uncwil.edu/bio/</onlink><onlink>http://seamap.env.duke.edu/datasets/detail/464</onlink><edition/></citeinfo></citation><timeperd><current>ground condition</current><timeinfo><rngdates><begdate>20080202</begdate><enddate>20080614</enddate></rngdates></timeinfo></timeperd><status><progress>Complete</progress><update>None planned</update></status><spdom><bounding><westbc>-78.352004</westbc><eastbc>-74.856911</eastbc><northbc>37.070541</northbc><southbc>33.398109</southbc></bounding><lboundng><leftbc>-78.352004</leftbc><rightbc>-74.856911</rightbc><topbc>37.070541</topbc><bottombc>33.398109</bottombc></lboundng></spdom><keywords><theme><themekt>Platform</themekt><themekey>Aircraft</themekey><themekey>Sightings</themekey></theme></keywords><accconst>Open public unless otherwise noted. See Use Constraints for details.</accconst><useconst>1. Not to use data obtained from OBIS-SEAMAP in any publication, product, or commercial application without proper attribution to the original data provider(s) and OBIS-SEAMAP unless the datasets are explicitly shown under the CC0 policy. Citations or credits are suggested as attribution. If the data you downloaded come from multiple datasets, a citation or credit to each of the datasets is required.

Suggested citation for this dataset:

McLellan, W. 2013. UNCW Right Whale Aerial Surveys 2008. Data downloaded from OBIS-SEAMAP (http://seamap.env.duke.edu/dataset/464) on yyyy-mm-dd.

Suggested citation for OBIS-SEAMAP:

Halpin, P.N., A.J. Read, E. Fujioka, B.D. Best, B. Donnelly, L.J. Hazen, C. Kot, K. Urian, E. LaBrecque, A. Dimatteo, J. Cleary, C. Good, L.B. Crowder, and K.D. Hyrenbach. 2009. OBIS-SEAMAP: The world data center for marine mammal, sea bird, and sea turtle distributions. Oceanography 22(2):104-115

2. To forward the citation of any publication / report that made use of the data / tools provided by OBIS-SEAMAP for inclusion in our list of references.

3. Not to hold OBIS-SEAMAP or the original data providers liable for errors in the data. While we have made every effort to ensure the quality of the database, we cannot guarantee the accuracy of these datasets. 

4. The burden for determining fitness for use of the downloaded data for any analyses lies entirely with the user. OBIS-SEAMAP or the original data providers do not support outcomes of your analyses that used the data you downloaded from OBIS-SEAMAP.

5. To consider inclusion of the accompanying transect (effort) dataset if available into the methodology of your analyses.

6. Not to redistribute the data you downloaded from OBIS-SEAMAP through any media without contect from OBIS-SEAMAP and the original data providers unless the datasets are explicitly shown under the CC0 policy.</useconst><natvform>Shapefile</natvform><ptcontac><cntinfo><cntperp><cntper>William McLellan</cntper><cntorg>University of North Carolina, Wilmington</cntorg></cntperp><cntpos/><cntaddr><addrtype>mailing and physical address</addrtype><address>Biology &amp; Marine Biology</address><city>Wilmington</city><state>NC</state><postal>28403</postal><country>USA</country></cntaddr><cntvoice>910-962-7266</cntvoice><cntemail>mclellanw@uncw.edu</cntemail><cntfax>910-962-4066</cntfax></cntinfo></ptcontac><native>Relational database</native><crossref><citeinfo><origin>Halpin, P.N., A.J. Read, E. Fujioka, B.D. Best, B. Donnelly, L.J. Hazen, C. Kot, K. Urian, E. LaBrecque, A. Dimatteo, J. Cleary, C. Good, L.B. Crowder, and K.D. Hyrenbach</origin><pubdate>2009</pubdate><title>OBIS-SEAMAP: The world data center for marine mammal, sea bird, and sea turtle distributions</title><geoform>vector digital data</geoform><serinfo><sername>Oceanography</sername><issue>22(2):104-115</issue></serinfo><onlink>http://www.tos.org/oceanography/article/obis-seamap-the-world-data-center-for-marine-mammal-sea-bird-and-sea-turtle</onlink></citeinfo></crossref></idinfo>
<distinfo><distrib><cntinfo><cntorgp><cntper>OBIS-SEAMAP</cntper><cntorg>Nicholas School of Environment, Duke Univ.</cntorg></cntorgp><cntpos/><cntaddr><addrtype>mailing and physical address</addrtype><address>A328, LSRC</address><city>Durham</city><state>NC</state><postal>27708</postal><country>USA</country></cntaddr><cntvoice>919-613-8021</cntvoice><cntemail>seamap-contact@duke.edu</cntemail></cntinfo></distrib><distliab>Not to hold OBIS-SEAMAP liable for errors in the data. While we have made every effort to ensure the quality of the database, we cannot guarantee the accuracy of these datasets.&#xD;
Also please refer to Use Constraints.</distliab><stdorder><fees>Free</fees><ordering>Go to the OBIS-SEAMAP web site</ordering><digform><digtinfo><formname>zip</formname><filedec>zipped shapefile</filedec></digtinfo><digtopt><onlinopt><computer><networka><networkr>http://seamap.env.duke.edu/dataset/464</networkr></networka></computer></onlinopt></digtopt></digform></stdorder><resdesc>OBIS-SEAMAP Dataset ID 464</resdesc></distinfo><metainfo><metc><cntinfo><cntperp><cntper>Ei Fujioka</cntper><cntorg>Duke University</cntorg></cntperp><cntpos/><cntaddr><addrtype>mailing and physical address</addrtype><address>LSRC A328</address><city>Durham</city><state>NC</state><country>USA</country><postal>27708</postal></cntaddr><cntemail>efujioka@duke.edu</cntemail><cntvoice>919-613-8021</cntvoice></cntinfo></metc><metextns><onlink>http://www.nbii.gov/</onlink><metprof>Biological Data Profile</metprof></metextns><metd>2010-08-25</metd><metrd>20131218</metrd></metainfo><dataqual><posacc><horizpa><horizpar/></horizpa><vertacc><vertaccr/></vertacc></posacc><attracc><attraccr/></attracc><complete>No report provided</complete><logic>not applicable</logic><lineage><procstep><procdesc>not provided</procdesc><procdate>Unknown</procdate></procstep></lineage></dataqual><eainfo><overview><eadetcit>University of North Carolina Wilmington</eadetcit><eaover>This section explains attributes included in the original dataset.&#xD;
OBIS-SEAMAP restricts the attributes available to the public to date/time, lat/lon and species names/counts only.&#xD;
Should you need other attributes described here, you are encouraged to contact the data provider.</eaover></overview><detailed><attr><attrlabl>id</attrlabl><attrdef>definition not provided</attrdef><attrdefs>data provider</attrdefs><attrdomv><rdom><rdommin>Not defined</rdommin><rdommax>Not defined</rdommax></rdom></attrdomv><begdatea>20080202</begdatea><enddatea>20080614</enddatea></attr><attr><attrlabl>date</attrlabl><attrdef>Date of observation</attrdef><attrdefs>data provider</attrdefs><attrdomv><rdom><rdommin>Not defined</rdommin><rdommax>Not defined</rdommax></rdom></attrdomv><begdatea>20080202</begdatea><enddatea>20080614</enddatea></attr><attr><attrlabl>latitude</attrlabl><attrdef>Latitude of observation</attrdef><attrdefs>data provider</attrdefs><attrdomv><rdom><rdommin>Not defined</rdommin><rdommax>Not defined</rdommax></rdom></attrdomv><begdatea>20080202</begdatea><enddatea>20080614</enddatea></attr><attr><attrlabl>time</attrlabl><attrdef>The original data did not record seconds</attrdef><attrdefs>data provider</attrdefs><attrdomv><rdom><rdommin>Not defined</rdommin><rdommax>Not defined</rdommax></rdom></attrdomv><begdatea>20080202</begdatea><enddatea>20080614</enddatea></attr><attr><attrlabl>waypt</attrlabl><attrdef>Waypoint #</attrdef><attrdefs>data provider</attrdefs><attrdomv><rdom><rdommin>Not defined</rdommin><rdommax>Not defined</rdommax></rdom></attrdomv><begdatea>20080202</begdatea><enddatea>20080614</enddatea></attr><attr><attrlabl>longitude</attrlabl><attrdef>Longitude of observation</attrdef><attrdefs>data provider</attrdefs><attrdomv><rdom><rdommin>Not defined</rdommin><rdommax>Not defined</rdommax></rdom></attrdomv><begdatea>20080202</begdatea><enddatea>20080614</enddatea></attr><attr><attrlabl>event</attrlabl><attrdef>Event ID</attrdef><attrdefs>data provider</attrdefs><attrdomv><rdom><rdommin>Not defined</rdommin><rdommax>Not defined</rdommax></rdom></attrdomv><begdatea>20080202</begdatea><enddatea>20080614</enddatea></attr><attr><attrlabl>heading</attrlabl><attrdef>Heading</attrdef><attrdefs>data provider</attrdefs><attrdomv><rdom><rdommin>Not defined</rdommin><rdommax>Not defined</rdommax></rdom></attrdomv><begdatea>20080202</begdatea><enddatea>20080614</enddatea></attr><attr><attrlabl>track</attrlabl><attrdef>Track #</attrdef><attrdefs>data provider</attrdefs><attrdomv><rdom><rdommin>Not defined</rdommin><rdommax>Not defined</rdommax></rdom></attrdomv><begdatea>20080202</begdatea><enddatea>20080614</enddatea></attr><attr><attrlabl>obsrv</attrlabl><attrdef>Observer #</attrdef><attrdefs>data provider</attrdefs><attrdomv><rdom><rdommin>Not defined</rdommin><rdommax>Not defined</rdommax></rdom></attrdomv><begdatea>20080202</begdatea><enddatea>20080614</enddatea></attr><attr><attrlabl>alt</attrlabl><attrdef>Alt(ft)</attrdef><attrdefs>data provider</attrdefs><attrdomv><rdom><rdommin>Not defined</rdommin><rdommax>Not defined</rdommax></rdom></attrdomv><begdatea>20080202</begdatea><enddatea>20080614</enddatea></attr><attr><attrlabl>visibility</attrlabl><attrdef>Visibility</attrdef><attrdefs>data provider</attrdefs><attrdomv><rdom><rdommin>Not defined</rdommin><rdommax>Not defined</rdommax></rdom></attrdomv><begdatea>20080202</begdatea><enddatea>20080614</enddatea></attr><attr><attrlabl>bss</attrlabl><attrdef>Baufort sea state</attrdef><attrdefs>data provider</attrdefs><attrdomv><rdom><rdommin>Not defined</rdommin><rdommax>Not defined</rdommax></rdom></attrdomv><begdatea>20080202</begdatea><enddatea>20080614</enddatea></attr><attr><attrlabl>cloud</attrlabl><attrdef>Cloud cover</attrdef><attrdefs>data provider</attrdefs><attrdomv><rdom><rdommin>Not defined</rdommin><rdommax>Not defined</rdommax></rdom></attrdomv><begdatea>20080202</begdatea><enddatea>20080614</enddatea></attr><attr><attrlabl>angle</attrlabl><attrdef>Angle</attrdef><attrdefs>data provider</attrdefs><attrdomv><rdom><rdommin>Not defined</rdommin><rdommax>Not defined</rdommax></rdom></attrdomv><begdatea>20080202</begdatea><enddatea>20080614</enddatea></attr><attr><attrlabl>glare_l</attrlabl><attrdef>Glare left</attrdef><attrdefs>data provider</attrdefs><attrdomv><rdom><rdommin>Not defined</rdommin><rdommax>Not defined</rdommax></rdom></attrdomv><begdatea>20080202</begdatea><enddatea>20080614</enddatea></attr><attr><attrlabl>glare_r</attrlabl><attrdef>Glare right</attrdef><attrdefs>data provider</attrdefs><attrdomv><rdom><rdommin>Not defined</rdommin><rdommax>Not defined</rdommax></rdom></attrdomv><begdatea>20080202</begdatea><enddatea>20080614</enddatea></attr><attr><attrlabl>cue</attrlabl><attrdef>Sighting cue</attrdef><attrdefs>data provider</attrdefs><attrdomv><rdom><rdommin>Not defined</rdommin><rdommax>Not defined</rdommax></rdom></attrdomv><begdatea>20080202</begdatea><enddatea>20080614</enddatea></attr><attr><attrlabl>species</attrlabl><attrdef>Species observed</attrdef><attrdefs>data provider</attrdefs><attrdomv><rdom><rdommin>Not defined</rdommin><rdommax>Not defined</rdommax></rdom></attrdomv><begdatea>20080202</begdatea><enddatea>20080614</enddatea></attr><attr><attrlabl>common</attrlabl><attrdef>Common name</attrdef><attrdefs>data provider</attrdefs><attrdomv><rdom><rdommin>Not defined</rdommin><rdommax>Not defined</rdommax></rdom></attrdomv><begdatea>20080202</begdatea><enddatea>20080614</enddatea></attr><attr><attrlabl>tsn</attrlabl><attrdef>ITIS Taxonomic Serial Number</attrdef><attrdefs>data provider</attrdefs><attrdomv><rdom><rdommin>Not defined</rdommin><rdommax>Not defined</rdommax></rdom></attrdomv><begdatea>20080202</begdatea><enddatea>20080614</enddatea></attr><attr><attrlabl>scientific</attrlabl><attrdef>Scientific name</attrdef><attrdefs>data provider</attrdefs><attrdomv><rdom><rdommin>Not defined</rdommin><rdommax>Not defined</rdommax></rdom></attrdomv><begdatea>20080202</begdatea><enddatea>20080614</enddatea></attr><attr><attrlabl>group_</attrlabl><attrdef>OBIS-SEAMAP defined taxa group</attrdef><attrdefs>data provider</attrdefs><attrdomv><rdom><rdommin>Not defined</rdommin><rdommax>Not defined</rdommax></rdom></attrdomv><begdatea>20080202</begdatea><enddatea>20080614</enddatea></attr><attr><attrlabl>rank</attrlabl><attrdef>Taxonomic rank</attrdef><attrdefs>data provider</attrdefs><attrdomv><rdom><rdommin>Not defined</rdommin><rdommax>Not defined</rdommax></rdom></attrdomv><begdatea>20080202</begdatea><enddatea>20080614</enddatea></attr><attr><attrlabl>reliability</attrlabl><attrdef>Reliability of the species identification</attrdef><attrdefs>data provider</attrdefs><attrdomv><rdom><rdommin>Not defined</rdommin><rdommax>Not defined</rdommax></rdom></attrdomv><begdatea>20080202</begdatea><enddatea>20080614</enddatea></attr><attr><attrlabl>obs_min</attrlabl><attrdef>Min #</attrdef><attrdefs>data provider</attrdefs><attrdomv><rdom><rdommin>Not defined</rdommin><rdommax>Not defined</rdommax></rdom></attrdomv><begdatea>20080202</begdatea><enddatea>20080614</enddatea></attr><attr><attrlabl>obs_max</attrlabl><attrdef>Max #</attrdef><attrdefs>data provider</attrdefs><attrdomv><rdom><rdommin>Not defined</rdommin><rdommax>Not defined</rdommax></rdom></attrdomv><begdatea>20080202</begdatea><enddatea>20080614</enddatea></attr><attr><attrlabl>obs_count</attrlabl><attrdef>Best Est; OBIS-SEAMAP uses this field as # of animals</attrdef><attrdefs>data provider</attrdefs><attrdomv><rdom><rdommin>Not defined</rdommin><rdommax>Not defined</rdommax></rdom></attrdomv><begdatea>20080202</begdatea><enddatea>20080614</enddatea></attr><attr><attrlabl>calves</attrlabl><attrdef>Calves  Y/N</attrdef><attrdefs>data provider</attrdefs><attrdomv><rdom><rdommin>Not defined</rdommin><rdommax>Not defined</rdommax></rdom></attrdomv><begdatea>20080202</begdatea><enddatea>20080614</enddatea></attr><attr><attrlabl>avoid</attrlabl><attrdef>Avoid  Y/N</attrdef><attrdefs>data provider</attrdefs><attrdomv><rdom><rdommin>Not defined</rdommin><rdommax>Not defined</rdommax></rdom></attrdomv><begdatea>20080202</begdatea><enddatea>20080614</enddatea></attr><attr><attrlabl>pho_vid</attrlabl><attrdef>Pho/Vid (Y/N)</attrdef><attrdefs>data provider</attrdefs><attrdomv><rdom><rdommin>Not defined</rdommin><rdommax>Not defined</rdommax></rdom></attrdomv><begdatea>20080202</begdatea><enddatea>20080614</enddatea></attr><attr><attrlabl>comments</attrlabl><attrdef>Comments</attrdef><attrdefs>data provider</attrdefs><attrdomv><rdom><rdommin>Not defined</rdommin><rdommax>Not defined</rdommax></rdom></attrdomv><begdatea>20080202</begdatea><enddatea>20080614</enddatea></attr><attr><attrlabl>geom</attrlabl><attrdef>definition not provided</attrdef><attrdefs>data provider</attrdefs><attrdomv><rdom><rdommin>Not defined</rdommin><rdommax>Not defined</rdommax></rdom></attrdomv><begdatea>20080202</begdatea><enddatea>20080614</enddatea></attr><enttyp><enttypl>Biogeographic data</enttypl><enttypd>Biogeographic data</enttypd><enttypds>Not applicable</enttypds></enttyp><attr><attrlabl>oid</attrlabl><attrdef>Unique ID number (generated by SEAMAP)</attrdef><attrdefs>data provider</attrdefs><attrdomv><rdom><rdommin>Not defined</rdommin><rdommax>Not defined</rdommax></rdom></attrdomv><begdatea>20080202</begdatea><enddatea>20080614</enddatea></attr><attr><attrlabl>datetime_ini</attrlabl><attrdef>Initial date/time if this record is a follow-up of the already sighted animals</attrdef><attrdefs>data provider</attrdefs><attrdomv><rdom><rdommin>Not defined</rdommin><rdommax>Not defined</rdommax></rdom></attrdomv><begdatea>20080202</begdatea><enddatea>20080614</enddatea></attr><attr><attrlabl>latitude_ini</attrlabl><attrdef>Initial latitude if this record is a follow-up of the already sighted animals</attrdef><attrdefs>data provider</attrdefs><attrdomv><rdom><rdommin>Not defined</rdommin><rdommax>Not defined</rdommax></rdom></attrdomv><begdatea>20080202</begdatea><enddatea>20080614</enddatea></attr><attr><attrlabl>longitude_ini</attrlabl><attrdef>Initial longitude if this record is a follow-up of the already sighted animals</attrdef><attrdefs>data provider</attrdefs><attrdomv><rdom><rdommin>Not defined</rdommin><rdommax>Not defined</rdommax></rdom></attrdomv><begdatea>20080202</begdatea><enddatea>20080614</enddatea></attr></detailed></eainfo><spref><horizsys><cordsysn><geogcsn>GCS_WGS_1984</geogcsn></cordsysn><geograph><geogunit>Decimal degrees</geogunit><latres>1e-06</latres><longres>1e-06</longres></geograph><geodetic><horizdn>D_WGS_1984</horizdn><ellips>WGS_1984</ellips><semiaxis>6378137.000000</semiaxis><denflat>298.257224</denflat></geodetic></horizsys></spref></metadata>
