<?xml version="1.0" encoding="UTF-8"?>
<!DOCTYPE xml>
<metadata xml:lang="en">
<idinfo>
	<citation>
		<citeinfo>
		<origin>Hill, M</origin><pubdate>2023</pubdate><title>PIFSC, Cetacean Survey, MACS 2021, Cruise 2102, NOAA Pacific Islands Fisheries Science Center</title><geoform>vector digital data</geoform><serinfo><sername>OBIS-SEAMAP</sername><issue>2240</issue></serinfo><pubinfo><pubplace>https://seamap.env.duke.edu/dataset/2240</pubplace><publish>OBIS-SEAMAP</publish></pubinfo><onlink>https://seamap.env.duke.edu/dataset/2240</onlink></citeinfo>
	</citation><descript>
	<abstract>In summer 2021, the Pacific Islands Fisheries Science Center conducted a comprehensive line-transect survey for cetaceans and seabirds within the United States exclusive economic zones of Guam and the Commonwealth of the Northern Mariana Islands. MACS 2021 sailed for 59 days at sea aboard the NOAA Ship Oscar Elton Sette in May–July, 2021, and surveyed 8,711.7 km of trackline. There were 77 cetacean sightings of at least 12 species.</abstract><purpose>The Mariana Archipelago Cetacean Survey (MACS) 2021 project was part of the multi-year Pacific Marine Assessment Program for Protected Species (PacMAPPS) plan to conduct surveys and estimate density for cetacean species in regions of joint NOAA Fisheries, Bureau of Ocean Energy Management, and U.S. Navy interest.</purpose><supplinf>[2023-09-06] Some of the sightings got their group sizes estimated incorrectly. These are fixed.&#13;
&#13;
Data were collected under NMFS permit 20311.&#13;
The data included here are the sightings and on-effort tracks recorded within WinCruz survey software and extracted from the QA/QC'd DAS file using the R package swfscDAS (https://smwoodman.github.io/swfscDAS).&#13;
&#13;
Attributes for fields within the trackline files:&#13;
Cruise - see description in attribute table below&#13;
segnum - segment number for continuous on-effort line&#13;
Date - Local date m/dd/yyyy&#13;
TimeStart - Local time at start of on-effort segment&#13;
LatStart - Latitude in decimal degrees at starting point of on-effort segment&#13;
LongStart - Longitude in decimal degrees at starting point of on-effort segment&#13;
TimeEnd - Local time at end of on-effort segment&#13;
LatEnd - Latitude in decimal degrees at end point of on-effort segment&#13;
LongEnd - Longitude in decimal degrees at end point of on-effort segment&#13;
Mode - see description in attribute table below&#13;
EffType - see description in attribute table below&#13;
avgSpdKt - average speed (knots) of the ship over the on-effort segment traveled&#13;
avgBft - average Beaufort Sea State over the on-effort segment&#13;
&#13;
Other data not included here:&#13;
Photos and biopsy samples were collected during some sightings. Acoustic detections were recorded from a towed hydrophone array. Sonobuoys were deployed opportunistically.  Drifting Acoustic Spar Buoy Recorders (DASBRs) were deployed and recovered opportunistically. High-frequency Acoustic Recording Packages (HARPs) were recovered and redeployed off Saipan and Pagan.</supplinf></descript><timeperd><timeinfo><rngdates><begdate>20210509</begdate><enddate>20210713</enddate></rngdates></timeinfo><current>ground condition</current></timeperd><status><progress>Complete</progress><update>None planned</update></status><spdom><descgeog>Guam</descgeog><bounding><westbc>141.6</westbc><eastbc>149.00267</eastbc><northbc>23.02917</northbc><southbc>11.09117</southbc></bounding>
	</spdom><keywords><theme><themekt>None</themekt><themekey>Marine Animal Survey</themekey><themekey>Marine Biology</themekey><themekey>Marine mammals</themekey><themekey>Visual Sighting</themekey><themekey>Vessel</themekey></theme><place><placekt>None</placekt><placekey>Guam</placekey><placekey>Commonwealth of the Northern Mariana Islands</placekey></place></keywords><taxonomy><keywtax><taxonkt>Taxon covered</taxonkt><taxonkey>Marine mammals</taxonkey></keywtax><taxonsys><classsys><classcit><citeinfo><origin>Integrated Taxonomic Information System</origin><pubdate>Unknown</pubdate><title>Integrated Taxonomic Information System</title><geoform>Not applicable</geoform><othercit>Downloaded April, 2004</othercit><onlink>http://www.itis.usda.gov/</onlink></citeinfo></classcit></classsys><ider><cntinfo><cntperp><cntper>Refer to the contact information of the dataset</cntper><cntorg>Refer to the contact information of the dataset</cntorg></cntperp><cntaddr><addrtype>mailing and physical address</addrtype><address>Refer to the contact information of the dataset</address><city>Refer to the contact information of the dataset</city><state>Refer to the contact information of the dataset</state><postal>Refer to the contact information of the dataset</postal><country>Refer to the contact information of the dataset</country></cntaddr><cntvoice>Not provided</cntvoice></cntinfo></ider><taxonpro>Identified by observers or researchers conducting the survey</taxonpro></taxonsys><taxoncl><taxonrn>Kingdom</taxonrn><taxonrv>Animalia</taxonrv><taxoncl><taxonrn>Phylum</taxonrn><taxonrv>Chordata</taxonrv><taxoncl><taxonrn>Subphylum</taxonrn><taxonrv>Vertebrata</taxonrv><taxoncl><taxonrn>Class</taxonrn><taxonrv>Mammalia</taxonrv><taxoncl><taxonrn>Subclass</taxonrn><taxonrv>Theria</taxonrv><taxoncl><taxonrn>Infraclass</taxonrn><taxonrv>Eutheria</taxonrv><taxoncl><taxonrn>Order</taxonrn><taxonrv>Cetacea</taxonrv><taxoncl><taxonrn>Suborder</taxonrn><taxonrv>Mysticeti</taxonrv><taxoncl><taxonrn>Family</taxonrn><taxonrv>Balaenopteridae</taxonrv><taxoncl><taxonrn>Genus</taxonrn><taxonrv>Balaenoptera</taxonrv></taxoncl></taxoncl></taxoncl><taxoncl><taxonrn>Suborder</taxonrn><taxonrv>Odontoceti</taxonrv><taxoncl><taxonrn>Family</taxonrn><taxonrv>Delphinidae</taxonrv><taxoncl><taxonrn>Genus</taxonrn><taxonrv>Feresa</taxonrv><taxoncl><taxonrn>Species</taxonrn><taxonrv>Feresa attenuata</taxonrv></taxoncl></taxoncl><taxoncl><taxonrn>Genus</taxonrn><taxonrv>Globicephala</taxonrv><taxoncl><taxonrn>Species</taxonrn><taxonrv>Globicephala macrorhynchus</taxonrv></taxoncl></taxoncl><taxoncl><taxonrn>Genus</taxonrn><taxonrv>Pseudorca</taxonrv><taxoncl><taxonrn>Species</taxonrn><taxonrv>Pseudorca crassidens</taxonrv></taxoncl></taxoncl><taxoncl><taxonrn>Genus</taxonrn><taxonrv>Stenella</taxonrv><taxoncl><taxonrn>Species</taxonrn><taxonrv>Stenella attenuata</taxonrv></taxoncl><taxoncl><taxonrn>Species</taxonrn><taxonrv>Stenella coeruleoalba</taxonrv></taxoncl><taxoncl><taxonrn>Species</taxonrn><taxonrv>Stenella longirostris</taxonrv></taxoncl></taxoncl><taxoncl><taxonrn>Genus</taxonrn><taxonrv>Steno</taxonrv><taxoncl><taxonrn>Species</taxonrn><taxonrv>Steno bredanensis</taxonrv></taxoncl></taxoncl><taxoncl><taxonrn>Genus</taxonrn><taxonrv>Tursiops</taxonrv><taxoncl><taxonrn>Species</taxonrn><taxonrv>Tursiops truncatus</taxonrv></taxoncl></taxoncl></taxoncl><taxoncl><taxonrn>Family</taxonrn><taxonrv>Hyperoodontidae</taxonrv><taxoncl><taxonrn>Genus</taxonrn><taxonrv>Indopacetus</taxonrv><taxoncl><taxonrn>Species</taxonrn><taxonrv>Indopacetus pacificus</taxonrv></taxoncl></taxoncl><taxoncl><taxonrn>Genus</taxonrn><taxonrv>Mesoplodon</taxonrv></taxoncl><taxoncl><taxonrn>Genus</taxonrn><taxonrv>Ziphius</taxonrv><taxoncl><taxonrn>Species</taxonrn><taxonrv>Ziphius cavirostris</taxonrv></taxoncl></taxoncl></taxoncl><taxoncl><taxonrn>Family</taxonrn><taxonrv>Kogiidae</taxonrv><taxoncl><taxonrn>Genus</taxonrn><taxonrv>Kogia</taxonrv><taxoncl><taxonrn>Species</taxonrn><taxonrv>Kogia sima</taxonrv></taxoncl></taxoncl></taxoncl><taxoncl><taxonrn>Family</taxonrn><taxonrv>Physeteridae</taxonrv><taxoncl><taxonrn>Genus</taxonrn><taxonrv>Physeter</taxonrv><taxoncl><taxonrn>Species</taxonrn><taxonrv>Physeter macrocephalus</taxonrv></taxoncl></taxoncl></taxoncl></taxoncl></taxoncl></taxoncl></taxoncl></taxoncl></taxoncl></taxoncl></taxoncl></taxonomy>
	<accconst>Open public unless otherwise noted. See Use Constraints for details.</accconst>
	<useconst>1. Not to use data obtained from OBIS-SEAMAP in any publication, product, or commercial application without proper attribution to the original data provider(s) and OBIS-SEAMAP unless the datasets are explicitly shown under the CC0 policy. Citations or credits are suggested as attribution. If the data you downloaded come from multiple datasets, a citation or credit to each of the datasets is required.&#13;
&#13;
Suggested citation for this dataset:&#13;
&#13;
Hill, M. 2023. PIFSC, Cetacean Survey, MACS 2021, Cruise 2102, NOAA Pacific Islands Fisheries Science Center. Data downloaded from OBIS-SEAMAP (https://seamap.env.duke.edu/dataset/2240) on yyyy-mm-dd.&#13;
&#13;
Suggested citation for OBIS-SEAMAP:&#13;
&#13;
Halpin, P.N., A.J. Read, E. Fujioka, B.D. Best, B. Donnelly, L.J. Hazen, C. Kot, K. Urian, E. LaBrecque, A. Dimatteo, J. Cleary, C. Good, L.B. Crowder, and K.D. Hyrenbach. 2009. OBIS-SEAMAP: The world data center for marine mammal, sea bird, and sea turtle distributions. Oceanography 22(2):104-115&#13;
&#13;
2. To forward the citation of any publication / report that made use of the data / tools provided by OBIS-SEAMAP for inclusion in our list of references.&#13;
&#13;
3. Not to hold OBIS-SEAMAP or the original data providers liable for errors in the data. While we have made every effort to ensure the quality of the database, we cannot guarantee the accuracy of these datasets. &#13;
&#13;
4. The burden for determining fitness for use of the downloaded data for any analyses lies entirely with the user. OBIS-SEAMAP or the original data providers do not support outcomes of your analyses that used the data you downloaded from OBIS-SEAMAP.&#13;
&#13;
5. To consider inclusion of the accompanying transect (effort) dataset if available into the methodology of your analyses.&#13;
&#13;
6. Not to redistribute the data you downloaded from OBIS-SEAMAP through any media without contect from OBIS-SEAMAP and the original data providers unless the datasets are explicitly shown under the CC0 policy.</useconst>
	<ptcontac>
		<cntinfo>
			<cntperp><cntper>Marie C. Hill</cntper><cntorg>NOAA Pacific Islands Fisheries Science Center</cntorg></cntperp>
			<cntaddr>
				<addrtype>mailing and physical address</addrtype>
			<address>1845 Wasp Blvd.</address><city>Honolulu</city><state>HI</state><postal>96818</postal><country>USA</country></cntaddr>
		<cntvoice>808-725-5710</cntvoice><cntemail>Marie.Hill@noaa.gov</cntemail></cntinfo>
	</ptcontac><datacred>NOAA Pacific Islands Fisheries Science Center</datacred>
	<native>Relational database</native>
	<crossref><citeinfo><origin>Yano KM, Hill MC, Oleson EM, McCullough JLK, and Henry AE.</origin><pubdate>2022</pubdate><title>Cetacean and seabird data collected during the Mariana Archipelago Cetacean Survey (MACS), May–July 2021.</title><geoform>vector digital data</geoform><serinfo><sername>U.S. Department of Commerce, NOAA Technical Memorandum NOAA-TM-NMFS-PIFSC-128</sername><issue>59 p.</issue></serinfo><onlink>https://doi.org/10.25923/7pbh-zq68</onlink></citeinfo></crossref><crossref><citeinfo><origin>Halpin, P.N., A.J. Read, E. Fujioka, B.D. Best, B. Donnelly, L.J. Hazen, C. Kot, K. Urian, E. LaBrecque, A. Dimatteo, J. Cleary, C. Good, L.B. Crowder, and K.D. Hyrenbach</origin><pubdate>2009</pubdate><title>OBIS-SEAMAP: The world data center for marine mammal, sea bird, and sea turtle distributions</title><geoform>vector digital data</geoform><serinfo><sername>Oceanography</sername><issue>22(2):104-115</issue></serinfo><onlink>http://www.tos.org/oceanography/article/obis-seamap-the-world-data-center-for-marine-mammal-sea-bird-and-sea-turtle</onlink></citeinfo></crossref></idinfo>
	<dataqual>
		<attracc>
			<attraccr>All attributes were measured and recorded during the survey and validated by the data provider.</attraccr></attracc>
		<logic>Permissible values for date and time and coordinates were validated by the data provider and the OBIS-SEAMAP data manager. Species identification by the data provider was matched with Integrated Taxonomic Information System.</logic>
		<complete>All observation records are included.</complete><lineage><procstep><procdesc>Data were put through the OBIS-SEAMAP data registration steps.</procdesc><procdate>20230907</procdate></procstep></lineage></dataqual><spdoinfo><direct>Point</direct></spdoinfo><spref><horizsys><geograph>
				<latres>1e-05</latres><longres>1e-05</longres><geogunit>Decimal degrees</geogunit></geograph>
			<geodetic><horizdn>D_WGS_1984</horizdn><ellips>WGS_1984</ellips>
				<semiaxis>6378137.000000</semiaxis><denflat>298.257224</denflat></geodetic></horizsys></spref>

<eainfo><detailed><enttyp><enttypl>Biogeographic data</enttypl><enttypd>Biogeographic data</enttypd><enttypds>Not applicable</enttypds></enttyp><attr><attrlabl>oid</attrlabl><attrdef>Unique ID number (generated by OBIS-SEAMAP)</attrdef><attrdefs>Data provider</attrdefs><attrdomv><udom>Unique ID number (generated by OBIS-SEAMAP)</udom></attrdomv></attr><attr><attrlabl>line</attrlabl><attrdef>Line No.</attrdef><attrdefs>Data provider</attrdefs><attrdomv><rdom><rdommin>1</rdommin><rdommax>78</rdommax></rdom></attrdomv></attr><attr><attrlabl>sightno</attrlabl><attrdef>Sighting No. (continuous numbers incrementing from 1)</attrdef><attrdefs>Data provider</attrdefs><attrdomv><rdom><rdommin>1</rdommin><rdommax>77</rdommax></rdom></attrdomv></attr><attr><attrlabl>datetime</attrlabl><attrdef>Date and time of the sighting at local time zone</attrdef><attrdefs>Data provider</attrdefs><attrdomv><rdom><rdommin>2021-05-09 08:09:19</rdommin><rdommax>2021-07-13 09:54:06</rdommax></rdom></attrdomv></attr><attr><attrlabl>lat</attrlabl><attrdef>Ship Latitude in decimal degrees</attrdef><attrdefs>Data provider</attrdefs><attrdomv><rdom><rdommin>11.091170</rdommin><rdommax>23.029170</rdommax></rdom></attrdomv></attr><attr><attrlabl>lon</attrlabl><attrdef>Ship Longitude in decimal degrees</attrdef><attrdefs>Data provider</attrdefs><attrdomv><rdom><rdommin>141.600000</rdommin><rdommax>149.002670</rdommax></rdom></attrdomv></attr><attr><attrlabl>cruise</attrlabl><attrdef>Cruise No.</attrdef><attrdefs>Data provider</attrdefs><attrdomv><rdom><rdommin>2102</rdommin><rdommax>2102</rdommax></rdom></attrdomv></attr><attr><attrlabl>mode</attrlabl><attrdef>C = closing (observer team went off-effort when a cetacean group was sighted to focus on species identification, group-size estimation, or other data collection); P = passing (search effort was continuous even after a sighting was made; rare - generally occurring only when the ship was required to be somewhere at a specific time)</attrdef><attrdefs>Data provider</attrdefs><attrdomv><udom>C = closing (observer team went off-effort when a cetacean group was sighted to focus on species identification, group-size estimation, or other data collection); P = passing (search effort was continuous even after a sighting was made; rare - generally occurring only when the ship was required to be somewhere at a specific time)</udom></attrdomv></attr><attr><attrlabl>efftype</attrlabl><attrdef>Effort Type: S = standard/systematic (search effort while following predetermined parallel transects); N = Non-standard/non-systematic (search effort during transit between transect lines, to &amp; from port, or circumnavigating islands)</attrdef><attrdefs>Data provider</attrdefs><attrdomv><udom>Effort Type: S = standard/systematic (search effort while following predetermined parallel transects); N = Non-standard/non-systematic (search effort during transit between transect lines, to &amp; from port, or circumnavigating islands)</udom></attrdomv></attr><attr><attrlabl>oneffort</attrlabl><attrdef>Effort status assigned in the field: TRUE = on-effort (the 3-person observer team was on the flying bridge actively searching for cetaceans); FALSE = off-effort (the observer team had suspended active searching; e.g., during another sighting or inclement weather). Depending on analysis assumptions, some on-effort sightings could be considered off-effort (e.g., made by a non-primary observer or past a specified truncation distance). For more information on additional data attributes or considerations, please contact the data provider.</attrdef><attrdefs>Data provider</attrdefs><attrdomv><udom>Effort status assigned in the field: TRUE = on-effort (the 3-person observer team was on the flying bridge actively searching for cetaceans); FALSE = off-effort (the observer team had suspended active searching; e.g., during another sighting or inclement weather). Depending on analysis assumptions, some on-effort sightings could be considered off-effort (e.g., made by a non-primary observer or past a specified truncation distance). For more information on additional data attributes or considerations, please contact the data provider.</udom></attrdomv></attr><attr><attrlabl>nsp</attrlabl><attrdef>Number of cetacean species present during an encounter (sighting)</attrdef><attrdefs>Data provider</attrdefs><attrdomv><rdom><rdommin>1</rdommin><rdommax>2</rdommax></rdom></attrdomv></attr><attr><attrlabl>spcode</attrlabl><attrdef>Numeric species code by provider</attrdef><attrdefs>Data provider</attrdefs><attrdomv><rdom><rdommin>2</rdommin><rdommax>377</rdommax></rdom></attrdomv></attr><attr><attrlabl>sciname</attrlabl><attrdef>Scientific name</attrdef><attrdefs>Data provider</attrdefs><attrdomv><udom>Scientific name</udom></attrdomv></attr><attr><attrlabl>commonname</attrlabl><attrdef>Common name</attrdef><attrdefs>Data provider</attrdefs><attrdomv><udom>Common name</udom></attrdomv></attr><attr><attrlabl>sp_tsn</attrlabl><attrdef>Taxonomic Serial Number added by OBIS-SEAMAP</attrdef><attrdefs>Data provider</attrdefs><attrdomv><rdom><rdommin>180403</rdommin><rdommax>180523</rdommax></rdom></attrdomv></attr><attr><attrlabl>gsspbest</attrlabl><attrdef>Best estimate of species group size (the arithmetic mean of all observers)</attrdef><attrdefs>Data provider</attrdefs><attrdomv><rdom><rdommin>1.000</rdommin><rdommax>55.000</rdommax></rdom></attrdomv></attr><attr><attrlabl>gssphigh</attrlabl><attrdef>High estimate of species group size (the arithmetic mean of all observers)</attrdef><attrdefs>Data provider</attrdefs><attrdomv><rdom><rdommin>1.000</rdommin><rdommax>100.000</rdommax></rdom></attrdomv></attr><attr><attrlabl>gssplow</attrlabl><attrdef>Low estimate of species group size (the arithmetic mean of all observers)</attrdef><attrdefs>Data provider</attrdefs><attrdomv><rdom><rdommin>1.000</rdommin><rdommax>35.000</rdommax></rdom></attrdomv></attr><attr><attrlabl>perpdistkm</attrlabl><attrdef>Perpendicular distance (km) of the sighted group from the trackline</attrdef><attrdefs>Data provider</attrdefs><attrdomv><rdom><rdommin>0.000</rdommin><rdommax>8.210</rdommax></rdom></attrdomv></attr><attr><attrlabl>bft</attrlabl><attrdef>Beaufort sea state</attrdef><attrdefs>Data provider</attrdefs><attrdomv><rdom><rdommin>2</rdommin><rdommax>7</rdommax></rdom></attrdomv></attr><attr><attrlabl>swellhght</attrlabl><attrdef>Swell height (height of predominant swell in feet)</attrdef><attrdefs>Data provider</attrdefs><attrdomv><rdom><rdommin>1</rdommin><rdommax>7</rdommax></rdom></attrdomv></attr><attr><attrlabl>vis</attrlabl><attrdef>Visibility (distance in nautical miles at which a dolphin could be seen surfacing with the water (not sky) as background)</attrdef><attrdefs>Data provider</attrdefs><attrdomv><rdom><rdommin>4.30</rdommin><rdommax>7.00</rdommax></rdom></attrdomv></attr><attr><attrlabl>geom</attrlabl><attrdef>Geometry field added by OBIS-SEAMAP</attrdef><attrdefs>Data provider</attrdefs><attrdomv><udom>Geometry field added by OBIS-SEAMAP</udom></attrdomv></attr></detailed><overview><eaover>This section explains attributes included in the original dataset.&#13;
OBIS-SEAMAP restricts the attributes available to the public to date/time, lat/lon and species names/counts only.&#13;
Should you need other attributes described here, you are encouraged to contact the data provider.</eaover><eadetcit>NOAA Pacific Islands Fisheries Science Center (PIFSC)</eadetcit></overview>
	</eainfo><distinfo>
	<distrib>
		<cntinfo>
			<cntorgp>
				<cntorg>Nicholas School of Environment, Duke Univ.</cntorg>
				<cntper>OBIS-SEAMAP</cntper>
			</cntorgp>
			<cntaddr>
				<addrtype>mailing and physical address</addrtype>
				<address>A328, LSRC</address><city>Durham</city><state>NC</state><postal>27708</postal><country>USA</country>
			</cntaddr>
			<cntvoice>919-613-8021</cntvoice>
			<cntemail>seamap-contact@duke.edu</cntemail>
		</cntinfo>
	</distrib><resdesc>OBIS-SEAMAP Dataset ID 2240</resdesc><distliab>Not to hold OBIS-SEAMAP liable for errors in the data. While we have made every effort to ensure the quality of the database, we cannot guarantee the accuracy of these datasets.&#13;
Also please refer to Use Constraints.</distliab>
	<stdorder>
		<digform>
			<digtinfo>
				<formname>CSV and ESRI shapefile</formname></digtinfo>
			<digtopt>
				<onlinopt>
					<computer>
						<networka>
							<networkr>OBIS-SEAMAP</networkr>
						</networka>
					</computer>
				</onlinopt>
			</digtopt>
		</digform>
		<fees>Free</fees>
		<ordering>Go to the OBIS-SEAMAP web site.</ordering>
	</stdorder>
	

	
</distinfo><metainfo>
	<metd>20230907</metd><metrd>20230907</metrd><metc>
		<cntinfo><cntperp>
	<cntper>Ei Fujioka</cntper>
	<cntorg>Nicholas School, Duke University</cntorg></cntperp><cntaddr><addrtype>mailing and physical address</addrtype><address>A328, LSRC</address><city>Durham</city><state>NC</state><postal>27708</postal><country>USA</country></cntaddr>
			<cntvoice>919-613-8021</cntvoice>
			<cntemail>seamap-contact@duke.edu</cntemail>
			</cntinfo>
	</metc><metstdn>FGDC Content Standards for Digital Geospatial Metadata</metstdn><metstdv>FGDC-STD-001-1998</metstdv><mettc>local time</mettc>
	
	
	
	
	<metextns><onlink>http://www.nbii.gov/</onlink><metprof>Biological Data Profile</metprof></metextns>
	
	</metainfo>
	
</metadata>
