<?xml version="1.0" encoding="UTF-8"?>
<metadata xml:lang="en">
<Esri>
	<MetaID>{999A9551-D701-4CF5-9373-131D3DD8D969}</MetaID>
	<CreaDate>20050512</CreaDate>
	<CreaTime>19291400</CreaTime>
	<SyncOnce>FALSE</SyncOnce>
	<SyncDate>20060710</SyncDate>
	<SyncTime>17161900</SyncTime>
	<ModDate>20060815</ModDate>
	<ModTime>12091700</ModTime>
</Esri>
<idinfo>
	<keywords><theme><themekt>None</themekt><themekey>Vessels</themekey><themekey>Sightings</themekey><themekey>Bottlenose Dolphins</themekey><themekey>Marine Mammals</themekey></theme><place><placekt>None</placekt><placekey>Blackbird Caye</placekey><placekey>Turneffe Atoll</placekey><placekey>Belize</placekey></place></keywords>
	<native Sync="TRUE">Relational database</native>
	<descript>
	<langdata Sync="TRUE">en</langdata>
	<abstract>In 1992 Oceanic Society began a study aimed at documenting the abundance, distribution, and behavioral ecology of bottlenose dolphins (&lt;i&gt;Tursiops truncatus&lt;/i&gt;) in Belize. Our study site is Turneffe Atoll, a non-volcanic carribbean atoll ~40km east of Belize City with more than 200 mangrove cayes and surrounded by fringing coral reef. The atoll encloses a brackish lagoon whose shallow waters are the home to a population of bottlenose dolphins. To date more than a 175 dolphins have been identified in this region through photo-identification methods on surveys and follows. Studies on their abundance and distribution, habitat use, side-fidelity, and social affiliations have been conducted over the years since our work began.&lt;br&gt;&lt;br&gt;&#13;
&#13;
From 1997 to 2001 researchers at OS conducted a study of the population of bottlenose dolphins located at the Drowned Cayes 8 km off the coast of Belize City. The close proximity of these regions suggested the possibility of overlap, yet only 3 were matched to both sites spurring more questions about the home ranges of dolphin populations in Belize. All research is conducted from small boats inside the atoll.</abstract><purpose>Photo-identification methods are used to track sightings of individuals who are recognizable through dorsal fin scarring. Some of our current research goals include the study of social and acoustic behavior in the dolphin population in this atoll conducted from small boats Of particular interest is the subset of the population classified as residents who demonstrate a side fidelity of nearly 20 years.&lt;br&gt;&lt;br&gt;&#13;
Located at the southernmost tip of Blackbird Caye researchers and partners of OS engage in scientific research on various aspects of the ecology and biodiversity of this complex and productive habitat. Some research has included the study of abundance and distribution of American crocodiles (&lt;i&gt;Crocdylus acutus&lt;/i&gt;), sea turtles presence and nesting sites, and monitoring coral reef health. Antillean manatees (&lt;i&gt;Trichechus manatus manatus&lt;/i&gt;) are also encountered in certain regions of Turneffe Atoll. Oceanic Society is partnered with researchers who conduct boat and aerial surveys for manatees.&lt;br&gt;&lt;br&gt;&#13;
Much remains to be understood cetacean abundance and distribution in this region as other cetaceans including Short-finned Pilot whales (&lt;i&gt;Globicephala marcorhyncus&lt;/i&gt;) and  Atlantic-spotted dolphins (&lt;i&gt;Stenella frontalis&lt;/i&gt;) are occasionally sighted beyond just at the bounds of Turneffe Atoll.</purpose></descript>
	<citation>
		<citeinfo><origin>Ramos, E</origin><pubdate>2012</pubdate><title>Oceanic Society's Marine Mammal Sightings in Belize 1992 - 2011</title><onlink>http://seamap.env.duke.edu/dataset/798</onlink><serinfo><sername>OBIS-SEAMAP</sername><issue>798</issue></serinfo><pubinfo><pubplace>http://seamap.env.duke.edu/dataset/798</pubplace><publish>OBIS-SEAMAP</publish></pubinfo></citeinfo>
	</citation>
	<timeperd><current>ground condition</current><timeinfo><rngdates><begdate>20000130</begdate><enddate>20110728</enddate></rngdates></timeinfo></timeperd>
	<status><progress>Complete</progress><update>Annually</update></status>
	<spdom><bounding><westbc>-88.14255</westbc><eastbc>-87.7627</eastbc><northbc>17.612833</northbc><southbc>17.14728</southbc></bounding><lboundng><leftbc Sync="TRUE">-88.14255</leftbc><rightbc Sync="TRUE">-87.267433</rightbc><bottombc Sync="TRUE">17.08185</bottombc><topbc Sync="TRUE">17.612833</topbc></lboundng><descgeog>Blackbird Caye</descgeog></spdom>
	<accconst>Open public unless otherwise noted. See Use Constraints for details.</accconst>
	<useconst>1. Not to use data obtained from OBIS-SEAMAP in any publication, product, or commercial application without proper attribution to the original data provider(s) and OBIS-SEAMAP unless the datasets are explicitly shown under the CC0 policy. Citations or credits are suggested as attribution. If the data you downloaded come from multiple datasets, a citation or credit to each of the datasets is required.&#13;
&#13;
Suggested citation for this dataset:&#13;
&#13;
Ramos, E. 2012. Oceanic Society's Marine Mammal Sightings in Belize 1992 - 2011. Data downloaded from OBIS-SEAMAP (http://seamap.env.duke.edu/dataset/798) on yyyy-mm-dd.&#13;
&#13;
Suggested citation for OBIS-SEAMAP:&#13;
&#13;
Halpin, P.N., A.J. Read, E. Fujioka, B.D. Best, B. Donnelly, L.J. Hazen, C. Kot, K. Urian, E. LaBrecque, A. Dimatteo, J. Cleary, C. Good, L.B. Crowder, and K.D. Hyrenbach. 2009. OBIS-SEAMAP: The world data center for marine mammal, sea bird, and sea turtle distributions. Oceanography 22(2):104-115&#13;
&#13;
2. To forward the citation of any publication / report that made use of the data / tools provided by OBIS-SEAMAP for inclusion in our list of references.&#13;
&#13;
3. Not to hold OBIS-SEAMAP or the original data providers liable for errors in the data. While we have made every effort to ensure the quality of the database, we cannot guarantee the accuracy of these datasets. &#13;
&#13;
4. The burden for determining fitness for use of the downloaded data for any analyses lies entirely with the user. OBIS-SEAMAP or the original data providers do not support outcomes of your analyses that used the data you downloaded from OBIS-SEAMAP.&#13;
&#13;
5. To consider inclusion of the accompanying transect (effort) dataset if available into the methodology of your analyses.&#13;
&#13;
6. Not to redistribute the data you downloaded from OBIS-SEAMAP through any media without contect from OBIS-SEAMAP and the original data providers unless the datasets are explicitly shown under the CC0 policy.</useconst>
	<natvform Sync="TRUE">Shapefile</natvform>
	
	<ptcontac>
		<cntinfo>
			<cntperp><cntper>Eric Ramos</cntper><cntorg>Oceanic Society - Belize Bottlenose Dolphin Project</cntorg></cntperp>
			<cntaddr>
				<addrtype>mailing and physical address</addrtype>
			<address>Oceanic Society Belize Field Station</address><city>Blackbird Caye</city><state>Turneffe Atoll</state><postal/><country>Belize</country></cntaddr>
		<cntpos/><cntemail>eric.angel.ramos@gmail.com</cntemail><cntvoice>(917) 600-2035</cntvoice><cntfax/></cntinfo>
	</ptcontac>
<taxonomy><taxonsys><classsys><classcit><citeinfo><origin>Integrated Taxonomic Information System</origin><title>Integrated Taxonomic Information System</title><onlink>http://www.itis.usda.gov/</onlink><othercit>Downloaded April, 2004</othercit></citeinfo></classcit></classsys><ider><cntinfo><cntorgp><cntorg>Refer to the contact information of the dataset</cntorg></cntorgp></cntinfo></ider></taxonsys></taxonomy><datacred>Oceanic Society, CUNY Hunter College</datacred><crossref><citeinfo><origin>Campbell, G.S., B.A. Bilgre and R.H. Defran.</origin><pubdate>2002</pubdate><title>Bottlenose dolphins (&lt;i&gt;Tursiops truncatus&lt;/i&gt;) in Turneffe Atoll, Belize: Occurrence, site fidelity, group size, and abundance.</title><serinfo><sername>Aquatic Mammals</sername><issue>28(2):170-180.</issue></serinfo><onlink>http://www.oceanicsociety.org/sites/default/files/Campbell,%20Bilgre,%20and%20Defran%202002%20-%20Bottlenose%20dolphins%20(Tursiops%20truncatus)%20in%20Turneffe%20Atoll,%20Belize%20-%20occurence,%20side%20fidelity,%20group%20size,%20and%20abundance.pdf</onlink></citeinfo></crossref><crossref><citeinfo><origin>Dick, D.M. and E.M. Hines</origin><pubdate>2011</pubdate><title>Using distance sampling techniques to estimate bottlenose dolphin (&lt;i&gt;Tursiops truncatus&lt;/i&gt;) abundance at Turneffe Atoll, Belize</title><serinfo><sername>Marine Mammal Science</sername><issue>27:606-621.</issue></serinfo><onlink>http://www.oceanicsociety.org/sites/default/files/images/pdf_files/MMS_EarlyView_Final.pdf</onlink></citeinfo></crossref><crossref><citeinfo><origin>Halpin, P.N., A.J. Read, E. Fujioka, B.D. Best, B. Donnelly, L.J. Hazen, C. Kot, K. Urian, E. LaBrecque, A. Dimatteo, J. Cleary, C. Good, L.B. Crowder, and K.D. Hyrenbach</origin><pubdate>2009</pubdate><title>OBIS-SEAMAP: The world data center for marine mammal, sea bird, and sea turtle distributions</title><serinfo><sername>Oceanography</sername><issue>22(2):104-115</issue></serinfo><onlink>http://www.tos.org/oceanography/article/obis-seamap-the-world-data-center-for-marine-mammal-sea-bird-and-sea-turtle</onlink></citeinfo></crossref></idinfo>

<metainfo>
	<langmeta Sync="TRUE">en</langmeta>
	<metstdn Sync="TRUE">FGDC Content Standards for Digital Geospatial Metadata</metstdn>
	<metstdv Sync="TRUE">FGDC-STD-001-1998</metstdv>
	<mettc Sync="TRUE">local time</mettc>
	<metc>
		<cntinfo>
			<cntorgp>
			<cntper>Ei Fujioka</cntper>
			<cntorg>Nicholas School of Environment, Duke University</cntorg>
			</cntorgp>
			<cntaddr><addrtype>mailing and physical address</addrtype><city>Durham</city><state>NC</state><postal>27708</postal><address>A328, LSRC</address><country>USA</country></cntaddr>
			<cntvoice>919-613-8021</cntvoice>
			<cntemail>seamap-contact@duke.edu</cntemail>
		<cntperp><cntper>Connie Kot</cntper><cntorg>Duke University</cntorg></cntperp><cntpos/></cntinfo>
	</metc>
	<metextns><onlink>http://www.nbii.gov/</onlink><metprof>Biological Data Profile</metprof></metextns><metextns><onlink Sync="TRUE">http://www.esri.com/metadata/esriprof80.html</onlink><metprof Sync="TRUE">ESRI Metadata Profile</metprof></metextns>
	<metd>20160620</metd>
<metrd>20160620</metrd></metainfo>

<mdLang><languageCode Sync="TRUE" value="en"/></mdLang>
<mdStanName Sync="TRUE">ISO 19115 Geographic Information - Metadata</mdStanName><mdStanVer Sync="TRUE">DIS_ESRI1.0</mdStanVer><mdChar><CharSetCd Sync="TRUE" value="004"/></mdChar><mdHrLv><ScopeCd Sync="TRUE" value="005"/></mdHrLv><mdHrLvName Sync="TRUE">dataset</mdHrLvName>

<distinfo>
	<resdesc Sync="TRUE">OBIS-SEAMAP Dataset ID 798</resdesc>
	<stdorder>
		<digform>
			<digtinfo>
				<transize Sync="TRUE">0.021</transize>
				<dssize Sync="TRUE">0.021</dssize>
			</digtinfo>
			<digtopt>
				<onlinopt>
					<computer>
						<networka>
							<networkr>OBIS-SEAMAP</networkr>
						</networka>
					</computer>
				</onlinopt>
			</digtopt>
		</digform>
		<fees>Free</fees>
		<ordering>Go to the OBIS-SEAMAP web site and click on [Datasets] tab appearing on upper left.</ordering>
	</stdorder>
	<distrib>
		<cntinfo>
			<cntorgp>
				<cntorg>Nicholas School of Environment, Duke Univ.</cntorg>
				<cntper>OBIS-SEAMAP</cntper>
			</cntorgp>
			<cntaddr>
				<addrtype>mailing and physical address</addrtype>
				<city>Durham</city><state>NC</state><country>USA</country><address>A328, LSRC</address><postal>27708</postal>
			</cntaddr>
			<cntvoice>919-613-8021</cntvoice>
			<cntemail>seamap-contact@duke.edu</cntemail>
		<cntpos/><cntefax/></cntinfo>
	</distrib>

	<distliab>Not to hold OBIS-SEAMAP liable for errors in the data. While we have made every effort to ensure the quality of the database, we cannot guarantee the accuracy of these datasets.&#13;
Also please refer to Use Constraints.</distliab>
</distinfo>

	<distInfo>
		<distributor><distorTran>
				<onLineSrc><orDesc Sync="TRUE">002</orDesc>
					<protocol Sync="TRUE">Local Area Network</protocol>
				</onLineSrc>
				<transSize Sync="TRUE">0.021</transSize></distorTran>
			<distorFormat><formatName Sync="TRUE">Shapefile</formatName></distorFormat>
		</distributor></distInfo>
	<spdoinfo><direct Sync="TRUE">Vector</direct><ptvctinf>
		</ptvctinf></spdoinfo>
	<spref><horizsys><cordsysn><geogcsn>GCS_WGS_1984</geogcsn></cordsysn><geograph><geogunit>Decimal degrees</geogunit><latres>1e-06</latres><longres>1e-06</longres></geograph><geodetic><horizdn>D_WGS_1984</horizdn><ellips>WGS_1984</ellips><semiaxis>6378137.000000</semiaxis><denflat>298.257224</denflat></geodetic></horizsys></spref><refSysInfo><RefSystem><refSysID><identCode Sync="TRUE">GCS_WGS_1984</identCode></refSysID></RefSystem></refSysInfo><spatRepInfo><VectSpatRep><topLvl><TopoLevCd Sync="TRUE" value="001"/></topLvl>
		</VectSpatRep>
	</spatRepInfo><eainfo><overview><eaover>This section explains attributes included in the original dataset.&#13;
OBIS-SEAMAP restricts the attributes available to the public to date/time, lat/lon and species names/counts only.&#13;
Should you need other attributes described here, you are encouraged to contact the data provider.</eaover><eadetcit>Oceanic Society</eadetcit></overview><detailed><enttyp><enttypl>Biogeographic data</enttypl><enttypd>Biogeographic data</enttypd><enttypds>Not applicable</enttypds></enttyp><attr><attrlabl>oid</attrlabl><attrdef>Unique ID number (generated by OBIS-SEAMAP)</attrdef><attrdefs>Data provider</attrdefs><attrdomv><udom>Unique ID number (generated by OBIS-SEAMAP)</udom></attrdomv></attr><attr><attrlabl>obs_date</attrlabl><attrdef>Date of the location (local time zone)</attrdef><attrdefs>Data provider</attrdefs><attrdomv><rdom><rdommin>2000-01-30</rdommin><rdommax>2011-07-28</rdommax></rdom></attrdomv></attr><attr><attrlabl>obs_time</attrlabl><attrdef>Time of the observation (local time zone)</attrdef><attrdefs>Data provider</attrdefs><attrdomv><rdom><rdommin>02:44:00</rdommin><rdommax>17:15:00</rdommax></rdom></attrdomv></attr><attr><attrlabl>sp_obs</attrlabl><attrdef>Species observed</attrdef><attrdefs>Data provider</attrdefs><attrdomv><udom>Species observed</udom></attrdomv></attr><attr><attrlabl>latitude</attrlabl><attrdef>Latitude in decimal degrees</attrdef><attrdefs>Data provider</attrdefs><attrdomv><rdom><rdommin>17.1472800</rdommin><rdommax>17.6128330</rdommax></rdom></attrdomv></attr><attr><attrlabl>longitude</attrlabl><attrdef>Longitude in decimal degrees</attrdef><attrdefs>Data provider</attrdefs><attrdomv><rdom><rdommin>-88.1425500</rdommin><rdommax>-87.7627000</rdommax></rdom></attrdomv></attr><attr><attrlabl>obs_count</attrlabl><attrdef>Observed count (estimate)</attrdef><attrdefs>Data provider</attrdefs><attrdomv><rdom><rdommin>1</rdommin><rdommax>28</rdommax></rdom></attrdomv></attr><attr><attrlabl>sp_tsn</attrlabl><attrdef>Taxonomic Serial Number added by OBIS-SEAMAP</attrdef><attrdefs>Data provider</attrdefs><attrdomv><codesetd><codesetn>Taxonomic Serial Number added by OBIS-SEAMAP</codesetn><codesets>Data provider</codesets></codesetd></attrdomv></attr><attr><attrlabl>geom</attrlabl><attrdef>Geometry field added by OBIS-SEAMAP</attrdef><attrdefs>Data provider</attrdefs><attrdomv><udom>Geometry field added by OBIS-SEAMAP</udom></attrdomv></attr></detailed></eainfo><mdDateSt Sync="TRUE">20060815</mdDateSt>
	<dataqual><posacc><horizpa><horizpar/></horizpa><vertacc><vertaccr/></vertacc></posacc><attracc><attraccr/></attracc><complete>All observation records are included.</complete><logic>Permissible values for date and time and coordinates were validated by the data provider and the OBIS-SEAMAP data manager. Species identification by the data provider was matched with Integrated Taxonomic Information System.</logic><lineage><procstep><procdesc>Data were put through the OBIS-SEAMAP data registration steps.</procdesc><procdate>20120822</procdate></procstep></lineage></dataqual>
</metadata>
