<?xml version="1.0"?>
<metadata>
  <idinfo>
    <taxonomy><taxonsys><classsys><classcit><citeinfo><origin>Integrated Taxonomic Information System</origin><title>Integrated Taxonomic Information System</title><onlink>http://www.itis.usda.gov/</onlink><othercit>Downloaded April, 2004</othercit></citeinfo></classcit></classsys><ider><cntinfo><cntorgp><cntorg>Refer to the contact information of the dataset</cntorg></cntorgp></cntinfo></ider></taxonsys><taxoncl><taxonrn>Kingdom</taxonrn><taxonrv>Animalia</taxonrv><taxontsn>202423</taxontsn><taxoncl><taxonrn>Phylum</taxonrn><taxonrv>Chordata</taxonrv><taxontsn>158852</taxontsn><taxoncl><taxonrn>Subphylum</taxonrn><taxonrv>Vertebrata</taxonrv><taxontsn>331030</taxontsn><taxoncl><taxonrn>Class</taxonrn><taxonrv>Reptilia</taxonrv><taxontsn>173747</taxontsn><taxoncl><taxonrn>Order</taxonrn><taxonrv>Testudines</taxonrv><taxontsn>173749</taxontsn><taxoncl><taxonrn>Family</taxonrn><taxonrv>Cheloniidae</taxonrv><taxontsn>173828</taxontsn><taxoncl><taxonrn>Genus</taxonrn><taxonrv>Caretta</taxonrv><taxontsn>173829</taxontsn><taxoncl><taxonrn>Species</taxonrn><taxonrv>Caretta caretta</taxonrv><taxontsn>173830</taxontsn></taxoncl></taxoncl></taxoncl></taxoncl></taxoncl><taxoncl><taxonrn>Class</taxonrn><taxonrv>Mammalia</taxonrv><taxontsn>179913</taxontsn><taxoncl><taxonrn>Subclass</taxonrn><taxonrv>Theria</taxonrv><taxontsn>179916</taxontsn><taxoncl><taxonrn>Infraclass</taxonrn><taxonrv>Eutheria</taxonrv><taxontsn>179925</taxontsn><taxoncl><taxonrn>Order</taxonrn><taxonrv>Cetacea</taxonrv><taxontsn>180403</taxontsn><taxoncl><taxonrn>Suborder</taxonrn><taxonrv>Odontoceti</taxonrv><taxontsn>180404</taxontsn><taxoncl><taxonrn>Family</taxonrn><taxonrv>Delphinidae</taxonrv><taxontsn>180415</taxontsn><taxoncl><taxonrn>Genus</taxonrn><taxonrv>Globicephala</taxonrv><taxontsn>180464</taxontsn><taxoncl><taxonrn>Species</taxonrn><taxonrv>Globicephala macrorhynchus</taxonrv><taxontsn>180466</taxontsn></taxoncl></taxoncl><taxoncl><taxonrn>Genus</taxonrn><taxonrv>Tursiops</taxonrv><taxontsn>180425</taxontsn><taxoncl><taxonrn>Species</taxonrn><taxonrv>Tursiops truncatus</taxonrv><taxontsn>180426</taxontsn></taxoncl></taxoncl></taxoncl></taxoncl></taxoncl></taxoncl></taxoncl></taxoncl></taxoncl></taxoncl></taxoncl></taxonomy>
  <datacred>William A. McLellan, University of North Carolina Wilmington</datacred><descript><abstract>Onslow Bay, off the coast of North Carolina, is currently the United States Navy's preferred site for an undersea warfare training range (USWTR). To determine the abundance and distribution of marine mammals and sea turtles within the USWTR, a monitoring program that includes aerial, vessel and passive acoustic survey techniques is currently being undertaken by Duke University, St. Andrews University and the University of North Carolina Wilmington. Surveys were flown in a Cessna 337, at 305 m altitude and 185 km/hr speed, with a pilot, co-pilot and two observers. The survey, consisting of ten 74 km long track-lines spaced 6.5 km apart, creating a 5 km boundary around the USWTR site, was flown 1 - 2 times a month.</abstract><purpose/><supplinf/></descript><citation><citeinfo><origin>McLellan, W</origin><pubdate>2013</pubdate><title>UNCW Aerial Surveys for monitoring of proposed Onslow Bay USWTR site - Right side -</title><onlink>http://seamap.env.duke.edu/dataset/437</onlink><serinfo><sername>OBIS-SEAMAP</sername><issue>437</issue></serinfo><pubinfo><pubplace>http://seamap.env.duke.edu/dataset/437</pubplace><publish>OBIS-SEAMAP</publish></pubinfo></citeinfo></citation><timeperd><current>ground condition</current><timeinfo><rngdates><begdate>2007-06-26</begdate><enddate>2007-12-11</enddate></rngdates></timeinfo></timeperd><status><progress>Complete</progress><update>None planned</update></status><spdom><bounding><westbc>-77.160951</westbc><eastbc>-76.041044</eastbc><northbc>34.210804</northbc><southbc>33.445632</southbc></bounding><lboundng><leftbc>-77.160951</leftbc><rightbc>-76.041044</rightbc><topbc>34.210804</topbc><bottombc>33.445632</bottombc></lboundng></spdom><keywords><theme><themekt>Platform</themekt><themekey>Aircraft</themekey><themekey>Sightings</themekey></theme><theme><themekt>User defined</themekt><themekey>USWTR Monitoring Aerial Surveys</themekey></theme></keywords><accconst>Open public unless otherwise noted. See Use Constraints for details.</accconst><useconst>1. Not to use data obtained from OBIS-SEAMAP in any publication, product, or commercial application without proper attribution to the original data provider(s) and OBIS-SEAMAP unless the datasets are explicitly shown under the CC0 policy. Citations or credits are suggested as attribution. If the data you downloaded come from multiple datasets, a citation or credit to each of the datasets is required.

Suggested citation for this dataset:

McLellan, W. 2013. UNCW Aerial Surveys for monitoring of proposed Onslow Bay USWTR site - Right side -. Data downloaded from OBIS-SEAMAP (http://seamap.env.duke.edu/dataset/437) on yyyy-mm-dd.

Suggested citation for OBIS-SEAMAP:

Halpin, P.N., A.J. Read, E. Fujioka, B.D. Best, B. Donnelly, L.J. Hazen, C. Kot, K. Urian, E. LaBrecque, A. Dimatteo, J. Cleary, C. Good, L.B. Crowder, and K.D. Hyrenbach. 2009. OBIS-SEAMAP: The world data center for marine mammal, sea bird, and sea turtle distributions. Oceanography 22(2):104-115

2. To forward the citation of any publication / report that made use of the data / tools provided by OBIS-SEAMAP for inclusion in our list of references.

3. Not to hold OBIS-SEAMAP or the original data providers liable for errors in the data. While we have made every effort to ensure the quality of the database, we cannot guarantee the accuracy of these datasets. 

4. The burden for determining fitness for use of the downloaded data for any analyses lies entirely with the user. OBIS-SEAMAP or the original data providers do not support outcomes of your analyses that used the data you downloaded from OBIS-SEAMAP.

5. To consider inclusion of the accompanying transect (effort) dataset if available into the methodology of your analyses.

6. Not to redistribute the data you downloaded from OBIS-SEAMAP through any media without contect from OBIS-SEAMAP and the original data providers unless the datasets are explicitly shown under the CC0 policy.</useconst><natvform>Shapefile</natvform><ptcontac><cntinfo><cntperp><cntper>William McLellan</cntper><cntorg>University of North Carolina, Wilmington</cntorg></cntperp><cntpos/><cntaddr><addrtype>mailing and physical address</addrtype><address>Biology &amp; Marine Biology 601 South College Road</address><city>Wilmington</city><state>NC</state><postal>28403</postal><country>USA</country></cntaddr><cntvoice>910-962-7266</cntvoice><cntemail>mclellanw@uncw.edu</cntemail><cntfax>910-962-4066</cntfax></cntinfo></ptcontac><crossref><citeinfo><origin>Halpin, P.N., A.J. Read, E. Fujioka, B.D. Best, B. Donnelly, L.J. Hazen, C. Kot, K. Urian, E. LaBrecque, A. Dimatteo, J. Cleary, C. Good, L.B. Crowder, and K.D. Hyrenbach</origin><pubdate>2009</pubdate><title>OBIS-SEAMAP: The world data center for marine mammal, sea bird, and sea turtle distributions</title><geoform>vector digital data</geoform><serinfo><sername>Oceanography</sername><issue>22(2):104-115</issue></serinfo><onlink>http://www.tos.org/oceanography/article/obis-seamap-the-world-data-center-for-marine-mammal-sea-bird-and-sea-turtle</onlink></citeinfo></crossref></idinfo>
<distinfo><distrib><cntinfo><cntorgp><cntper>OBIS-SEAMAP</cntper><cntorg>Nicholas School of Environment, Duke Univ.</cntorg></cntorgp><cntpos/><cntaddr><addrtype>mailing and physical address</addrtype><address>A328, LSRC</address><city>Durham</city><state>NC</state><postal>27708</postal><country>USA</country></cntaddr><cntvoice>919-613-8021</cntvoice><cntemail>seamap-contact@duke.edu</cntemail><cntefax/></cntinfo></distrib><distliab>Not to hold OBIS-SEAMAP liable for errors in the data. While we have made every effort to ensure the quality of the database, we cannot guarantee the accuracy of these datasets.&#xD;
Also please refer to Use Constraints.</distliab><stdorder><fees>Free</fees><ordering>Go to the OBIS-SEAMAP web site</ordering><digform><digtinfo><formname>zip</formname><filedec>zipped shapefile</filedec></digtinfo><digtopt><onlinopt><computer><networka><networkr>http://seamap.env.duke.edu/dataset/437</networkr></networka></computer></onlinopt></digtopt></digform></stdorder></distinfo><metainfo><metc><cntinfo><cntperp><cntper>Ei Fujioka</cntper><cntorg>Duke University</cntorg></cntperp><cntpos/><cntaddr><addrtype>mailing and physical address</addrtype><address>LSRC A328</address><city>Durham</city><state>NC</state><country>USA</country><postal>27708</postal></cntaddr><cntemail>efujioka@duke.edu</cntemail><cntvoice>919-613-8021</cntvoice></cntinfo></metc><metextns><onlink>http://www.nbii.gov/</onlink><metprof>Biological Data Profile</metprof></metextns><metd>2008-02-28</metd><metrd>2013-03-15</metrd></metainfo><dataqual><posacc><horizpa><horizpar/></horizpa><vertacc><vertaccr/></vertacc></posacc><attracc><attraccr/></attracc><complete/></dataqual><eainfo><overview><eadetcit>University of North Carolina Wilmington</eadetcit><eaover/></overview><detailed><attr><attrlabl>id</attrlabl><attrdef/></attr><attr><attrlabl>date</attrlabl><attrdef>Date of observation</attrdef></attr><attr><attrlabl>time</attrlabl><attrdef>Time of observation</attrdef></attr><attr><attrlabl>waypoint</attrlabl><attrdef/></attr><attr><attrlabl>latitude</attrlabl><attrdef>Latitude of observation</attrdef></attr><attr><attrlabl>longitude</attrlabl><attrdef>Longitude of observation</attrdef></attr><attr><attrlabl>event</attrlabl><attrdef/></attr><attr><attrlabl>heading</attrlabl><attrdef/></attr><attr><attrlabl>track_num</attrlabl><attrdef/></attr><attr><attrlabl>observer</attrlabl><attrdef/></attr><attr><attrlabl>altitude</attrlabl><attrdef/></attr><attr><attrlabl>vizability</attrlabl><attrdef/></attr><attr><attrlabl>bss</attrlabl><attrdef/></attr><attr><attrlabl>cloud</attrlabl><attrdef/></attr><attr><attrlabl>glare_l</attrlabl><attrdef/></attr><attr><attrlabl>glare_r</attrlabl><attrdef/></attr><attr><attrlabl>angle</attrlabl><attrdef/></attr><attr><attrlabl>deg_forwrd</attrlabl><attrdef/></attr><attr><attrlabl>cue</attrlabl><attrdef/></attr><attr><attrlabl>species</attrlabl><attrdef>Species observed</attrdef></attr><attr><attrlabl>common</attrlabl><attrdef/></attr><attr><attrlabl>tsn</attrlabl><attrdef>Species ITIS TSN</attrdef></attr><attr><attrlabl>scientific</attrlabl><attrdef/></attr><attr><attrlabl>group_</attrlabl><attrdef/></attr><attr><attrlabl>rank</attrlabl><attrdef/></attr><attr><attrlabl>reliability</attrlabl><attrdef/></attr><attr><attrlabl>count_min</attrlabl><attrdef/></attr><attr><attrlabl>count_max</attrlabl><attrdef/></attr><attr><attrlabl>obs_count</attrlabl><attrdef>Number of animals observed</attrdef></attr><attr><attrlabl>comments</attrlabl><attrdef/></attr><attr><attrlabl>oid</attrlabl><attrdef>Unique ID number (generated by OBIS-SEAMAP)</attrdef></attr><attr><attrlabl>datetime_ini</attrlabl><attrdef/></attr><attr><attrlabl>latitude_ini</attrlabl><attrdef/></attr><attr><attrlabl>longitude_ini</attrlabl><attrdef/></attr></detailed></eainfo><spref><horizsys><cordsysn><geogcsn>GCS_WGS_1984</geogcsn></cordsysn><geograph><geogunit>Decimal degrees</geogunit><latres>0.000167</latres><longres>0.000167</longres></geograph><geodetic><horizdn>D_WGS_1984</horizdn><ellips>WGS_1984</ellips><semiaxis>6378137.000000</semiaxis><denflat>298.257224</denflat></geodetic></horizsys></spref></metadata>
