<?xml version="1.0" encoding="UTF-8"?>
<metadata xml:lang="en">
<idinfo>
	<citation>
		<citeinfo>
		<origin>Boisseau, O</origin><pubdate>2019</pubdate><title>Sightings from R/V Song of the Whale during the spring 2019 MAPS survey (NMFS permit 14809)</title><geoform>vector digital data</geoform><serinfo><sername>OBIS-SEAMAP</sername><issue>2001</issue></serinfo><pubinfo><pubplace>http://seamap.env.duke.edu/dataset/2001</pubplace><publish>OBIS-SEAMAP</publish></pubinfo><onlink>http://seamap.env.duke.edu/dataset/2001</onlink></citeinfo>
	</citation><descript>
	<abstract>The dataset contains all sightings of cetaceans and other megafuana made during the MAPS spring cruise in Apr/May 2019 (NMFS permit 14809). When conductiong visual effort, two observers were situated either side of R/V Song of the Whale on an observation platform with an approximate eye-height of 5.5 m above sea-level during daylight hours. The observers scanned the trackline and in front of the vessel using naked eye; 7 x 50 binoculars were used to identify species and estimate group size. During periods of bad weather, observers were stationed on deck with an approximate eye-height of 3.5 m above sea-level.</abstract><purpose>The MAPS (Marine Mammal Passive Acoustics and Spatial Ecology) cruises form part of a BOEM project to describe the distribution and behaviour of deep-diving cetaceans in the offshore waters of North Carolina (NMFS permit 14809). MAPS is a cooperative agreement between the Bureau of Ocean Energy Management and the University of North Carolina Wilmington in partnership with Duke University.</purpose><supplinf>Environmental attributes were recorded less frequently than the GPS data and not all GPS records get environmental attributes attached.</supplinf></descript><timeperd><timeinfo><rngdates><begdate>20190406</begdate><enddate>20190518</enddate></rngdates></timeinfo><current>ground condition</current></timeperd><status><progress>Complete</progress><update>None planned</update></status><spdom><descgeog>North Atlantic</descgeog><bounding><westbc>-81.0083</westbc><eastbc>-72.47218</eastbc><northbc>37.22785</northbc><southbc>31.88778</southbc></bounding>
	</spdom><keywords><theme><themekt>None</themekt><themekey>Marine Animal Survey</themekey><themekey>Marine Biology</themekey><themekey>Marine mammals</themekey><themekey>Sea turtles</themekey><themekey>Visual Sighting</themekey><themekey>Vessel</themekey></theme><place><placekt>None</placekt><placekey>North Atlantic</placekey></place></keywords><taxonomy><keywtax><taxonkt>Taxon covered</taxonkt><taxonkey>Marine mammals</taxonkey><taxonkey>Sea turtles</taxonkey><taxonkey>Rays and sharks</taxonkey></keywtax><taxonsys><classsys><classcit><citeinfo><origin>Integrated Taxonomic Information System</origin><pubdate>Unknown</pubdate><title>Integrated Taxonomic Information System</title><geoform>Not applicable</geoform><othercit>Downloaded April, 2004</othercit><onlink>http://www.itis.usda.gov/</onlink></citeinfo></classcit></classsys><ider><cntinfo><cntperp><cntper>Refer to the contact information of the dataset</cntper><cntorg>Refer to the contact information of the dataset</cntorg></cntperp><cntaddr><addrtype>mailing and physical address</addrtype><address>Refer to the contact information of the dataset</address><city>Refer to the contact information of the dataset</city><state>Refer to the contact information of the dataset</state><postal>Refer to the contact information of the dataset</postal><country>Refer to the contact information of the dataset</country></cntaddr><cntvoice>Not provided</cntvoice></cntinfo></ider><taxonpro>Identified by observers or researchers conducting the survey</taxonpro></taxonsys><taxoncl><taxonrn>Kingdom</taxonrn><taxonrv>Animalia</taxonrv><taxoncl><taxonrn>Phylum</taxonrn><taxonrv>Chordata</taxonrv><taxoncl><taxonrn>Subphylum</taxonrn><taxonrv>Vertebrata</taxonrv><taxoncl><taxonrn>Class</taxonrn><taxonrv>Mammalia</taxonrv><taxoncl><taxonrn>Subclass</taxonrn><taxonrv>Theria</taxonrv><taxoncl><taxonrn>Infraclass</taxonrn><taxonrv>Eutheria</taxonrv><taxoncl><taxonrn>Order</taxonrn><taxonrv>Cetacea</taxonrv><taxoncl><taxonrn>Suborder</taxonrn><taxonrv>Mysticeti</taxonrv><taxoncl><taxonrn>Family</taxonrn><taxonrv>Balaenopteridae</taxonrv><taxoncl><taxonrn>Genus</taxonrn><taxonrv>Balaenoptera</taxonrv><taxoncl><taxonrn>Species</taxonrn><taxonrv>Balaenoptera physalus</taxonrv></taxoncl></taxoncl><taxoncl><taxonrn>Genus</taxonrn><taxonrv>Megaptera</taxonrv><taxoncl><taxonrn>Species</taxonrn><taxonrv>Megaptera novaeangliae</taxonrv></taxoncl></taxoncl></taxoncl></taxoncl><taxoncl><taxonrn>Suborder</taxonrn><taxonrv>Odontoceti</taxonrv><taxoncl><taxonrn>Family</taxonrn><taxonrv>Delphinidae</taxonrv><taxoncl><taxonrn>Genus</taxonrn><taxonrv>Delphinus</taxonrv><taxoncl><taxonrn>Species</taxonrn><taxonrv>Delphinus delphis</taxonrv></taxoncl></taxoncl><taxoncl><taxonrn>Genus</taxonrn><taxonrv>Globicephala</taxonrv><taxoncl><taxonrn>Species</taxonrn><taxonrv>Globicephala macrorhynchus</taxonrv></taxoncl></taxoncl><taxoncl><taxonrn>Genus</taxonrn><taxonrv>Lagenorhynchus</taxonrv><taxoncl><taxonrn>Species</taxonrn><taxonrv>Lagenorhynchus acutus</taxonrv></taxoncl></taxoncl><taxoncl><taxonrn>Genus</taxonrn><taxonrv>Pseudorca</taxonrv><taxoncl><taxonrn>Species</taxonrn><taxonrv>Pseudorca crassidens</taxonrv></taxoncl></taxoncl><taxoncl><taxonrn>Genus</taxonrn><taxonrv>Stenella</taxonrv><taxoncl><taxonrn>Species</taxonrn><taxonrv>Stenella attenuata</taxonrv></taxoncl><taxoncl><taxonrn>Species</taxonrn><taxonrv>Stenella clymene</taxonrv></taxoncl><taxoncl><taxonrn>Species</taxonrn><taxonrv>Stenella frontalis</taxonrv></taxoncl></taxoncl><taxoncl><taxonrn>Genus</taxonrn><taxonrv>Tursiops</taxonrv><taxoncl><taxonrn>Species</taxonrn><taxonrv>Tursiops truncatus</taxonrv></taxoncl></taxoncl></taxoncl><taxoncl><taxonrn>Family</taxonrn><taxonrv>Hyperoodontidae</taxonrv><taxoncl><taxonrn>Genus</taxonrn><taxonrv>Mesoplodon</taxonrv><taxoncl><taxonrn>Species</taxonrn><taxonrv>Mesoplodon europaeus</taxonrv></taxoncl></taxoncl><taxoncl><taxonrn>Genus</taxonrn><taxonrv>Ziphius</taxonrv><taxoncl><taxonrn>Species</taxonrn><taxonrv>Ziphius cavirostris</taxonrv></taxoncl></taxoncl></taxoncl><taxoncl><taxonrn>Family</taxonrn><taxonrv>Physeteridae</taxonrv><taxoncl><taxonrn>Genus</taxonrn><taxonrv>Physeter</taxonrv><taxoncl><taxonrn>Species</taxonrn><taxonrv>Physeter macrocephalus</taxonrv></taxoncl></taxoncl></taxoncl></taxoncl></taxoncl></taxoncl></taxoncl></taxoncl><taxoncl><taxonrn>Class</taxonrn><taxonrv>Reptilia</taxonrv><taxoncl><taxonrn>Order</taxonrn><taxonrv>Testudines</taxonrv><taxoncl><taxonrn>Suborder</taxonrn><taxonrv>Cryptodira</taxonrv><taxoncl><taxonrn>Superfamily</taxonrn><taxonrv>Chelonioidea</taxonrv><taxoncl><taxonrn>Family</taxonrn><taxonrv>Cheloniidae</taxonrv><taxoncl><taxonrn>Subfamily</taxonrn><taxonrv>Carettinae</taxonrv><taxoncl><taxonrn>Genus</taxonrn><taxonrv>Caretta</taxonrv><taxoncl><taxonrn>Species</taxonrn><taxonrv>Caretta caretta</taxonrv></taxoncl></taxoncl></taxoncl></taxoncl></taxoncl></taxoncl></taxoncl></taxoncl><taxoncl><taxonrn>Class</taxonrn><taxonrv>Chondrichthyes</taxonrv><taxoncl><taxonrn>Subclass</taxonrn><taxonrv>Elasmobranchii</taxonrv><taxoncl><taxonrn>Superorder</taxonrn><taxonrv>Euselachii</taxonrv><taxoncl><taxonrn>Order</taxonrn><taxonrv>Lamniformes</taxonrv><taxoncl><taxonrn>Family</taxonrn><taxonrv>Cetorhinidae</taxonrv><taxoncl><taxonrn>Genus</taxonrn><taxonrv>Cetorhinus</taxonrv><taxoncl><taxonrn>Species</taxonrn><taxonrv>Cetorhinus maximus</taxonrv></taxoncl></taxoncl></taxoncl></taxoncl></taxoncl></taxoncl></taxoncl></taxoncl></taxoncl></taxoncl></taxonomy>
	<accconst>Open public unless otherwise noted. See Use Constraints for details.</accconst>
	<useconst>1. Not to use data obtained from OBIS-SEAMAP in any publication, product, or commercial application without proper attribution to the original data provider(s) and OBIS-SEAMAP unless the datasets are explicitly shown under the CC0 policy. Citations or credits are suggested as attribution. If the data you downloaded come from multiple datasets, a citation or credit to each of the datasets is required.&#13;
&#13;
Suggested citation for this dataset:&#13;
&#13;
Boisseau, O. 2019. Sightings from R/V Song of the Whale during the spring 2019 MAPS survey (NMFS permit 14809). Data downloaded from OBIS-SEAMAP (http://seamap.env.duke.edu/dataset/2001) on yyyy-mm-dd.&#13;
&#13;
Suggested citation for OBIS-SEAMAP:&#13;
&#13;
Halpin, P.N., A.J. Read, E. Fujioka, B.D. Best, B. Donnelly, L.J. Hazen, C. Kot, K. Urian, E. LaBrecque, A. Dimatteo, J. Cleary, C. Good, L.B. Crowder, and K.D. Hyrenbach. 2009. OBIS-SEAMAP: The world data center for marine mammal, sea bird, and sea turtle distributions. Oceanography 22(2):104-115&#13;
&#13;
2. To forward the citation of any publication / report that made use of the data / tools provided by OBIS-SEAMAP for inclusion in our list of references.&#13;
&#13;
3. Not to hold OBIS-SEAMAP or the original data providers liable for errors in the data. While we have made every effort to ensure the quality of the database, we cannot guarantee the accuracy of these datasets. &#13;
&#13;
4. The burden for determining fitness for use of the downloaded data for any analyses lies entirely with the user. OBIS-SEAMAP or the original data providers do not support outcomes of your analyses that used the data you downloaded from OBIS-SEAMAP.&#13;
&#13;
5. To consider inclusion of the accompanying transect (effort) dataset if available into the methodology of your analyses.&#13;
&#13;
6. Not to redistribute the data you downloaded from OBIS-SEAMAP through any media without contect from OBIS-SEAMAP and the original data providers unless the datasets are explicitly shown under the CC0 policy.</useconst>
	<ptcontac>
		<cntinfo>
			<cntperp><cntper>Oliver Boisseau</cntper><cntorg>Song of the Whale team, MCR International</cntorg></cntperp>
			<cntaddr>
				<addrtype>mailing and physical address</addrtype>
			<address>94 High Street</address><city>Kelvedon</city><state>Essex</state><postal>CO5 9AA</postal><country>UK</country></cntaddr>
		<cntvoice>+44 (0) 1376 573 071</cntvoice><cntemail>oboisseau@mcr-team.org</cntemail></cntinfo>
	</ptcontac><datacred>Oliver Boisseau, Marine Conservation Research International</datacred>
	<native>Relational database</native>
	<crossref><citeinfo><origin>Halpin, P.N., A.J. Read, E. Fujioka, B.D. Best, B. Donnelly, L.J. Hazen, C. Kot, K. Urian, E. LaBrecque, A. Dimatteo, J. Cleary, C. Good, L.B. Crowder, and K.D. Hyrenbach</origin><pubdate>2009</pubdate><title>OBIS-SEAMAP: The world data center for marine mammal, sea bird, and sea turtle distributions</title><geoform>vector digital data</geoform><serinfo><sername>Oceanography</sername><issue>22(2):104-115</issue></serinfo><onlink>http://www.tos.org/oceanography/article/obis-seamap-the-world-data-center-for-marine-mammal-sea-bird-and-sea-turtle</onlink></citeinfo></crossref></idinfo>
	<dataqual>
		<attracc>
			<attraccr>All attributes were measured and recorded during the survey and validated by the data provider.</attraccr></attracc>
		<logic>Permissible values for date and time and coordinates were validated by the data provider and the OBIS-SEAMAP data manager. Species identification by the data provider was matched with Integrated Taxonomic Information System.</logic>
		<complete>All observation records are included.</complete><lineage><procstep><procdesc>Data were put through the OBIS-SEAMAP data registration steps.</procdesc><procdate>20190802</procdate></procstep></lineage></dataqual><spdoinfo><direct>Point</direct></spdoinfo><spref><horizsys><geograph>
				<latres>1e-05</latres><longres>1e-05</longres><geogunit>Decimal degrees</geogunit></geograph>
			<geodetic><horizdn>D_WGS_1984</horizdn><ellips>WGS_1984</ellips>
				<semiaxis>6378137.000000</semiaxis><denflat>298.257224</denflat></geodetic></horizsys></spref>

<eainfo><detailed><enttyp><enttypl>Biogeographic data</enttypl><enttypd>Biogeographic data</enttypd><enttypds>Not applicable</enttypds></enttyp><attr><attrlabl>oid</attrlabl><attrdef>Unique ID number (generated by OBIS-SEAMAP)</attrdef><attrdefs>Data provider</attrdefs><attrdomv><udom>Unique ID number (generated by OBIS-SEAMAP)</udom></attrdomv></attr><attr><attrlabl>order_</attrlabl><attrdef>Chronological order of sightings</attrdef><attrdefs>Data provider</attrdefs><attrdomv><rdom><rdommin>1</rdommin><rdommax>190</rdommax></rdom></attrdomv></attr><attr><attrlabl>index</attrlabl><attrdef>Original index</attrdef><attrdefs>Data provider</attrdefs><attrdomv><rdom><rdommin>1</rdommin><rdommax>129</rdommax></rdom></attrdomv></attr><attr><attrlabl>gpsindex</attrlabl><attrdef>GPS index</attrdef><attrdefs>Data provider</attrdefs><attrdomv><rdom><rdommin>297</rdommin><rdommax>268254</rdommax></rdom></attrdomv></attr><attr><attrlabl>gpstime</attrlabl><attrdef>GPS time of sighting (UTC)</attrdef><attrdefs>Data provider</attrdefs><attrdomv><rdom><rdommin>2019-04-06 11:50:48</rdommin><rdommax>2019-05-18 17:35:02</rdommax></rdom></attrdomv></attr><attr><attrlabl>sightingno</attrlabl><attrdef>Sighting number during the survey</attrdef><attrdefs>Data provider</attrdefs><attrdomv><rdom><rdommin>1</rdommin><rdommax>178</rdommax></rdom></attrdomv></attr><attr><attrlabl>datetime_utc</attrlabl><attrdef>Date and time of sighting (UTC)</attrdef><attrdefs>Data provider</attrdefs><attrdomv><rdom><rdommin>2019-04-06 11:50:48</rdommin><rdommax>2019-05-18 17:35:04</rdommax></rdom></attrdomv></attr><attr><attrlabl>platform</attrlabl><attrdef>Platform (A-frame or deck)</attrdef><attrdefs>Data provider</attrdefs><attrdomv><udom>Platform (A-frame or deck)</udom></attrdomv></attr><attr><attrlabl>buttonref</attrlabl><attrdef>Reference number for sighting</attrdef><attrdefs>Data provider</attrdefs><attrdomv><rdom><rdommin>145</rdommin><rdommax>686</rdommax></rdom></attrdomv></attr><attr><attrlabl>magbearing</attrlabl><attrdef>Magnetic bearing to sighting</attrdef><attrdefs>Data provider</attrdefs><attrdomv><rdom><rdommin>0</rdommin><rdommax>330</rdommax></rdom></attrdomv></attr><attr><attrlabl>angle</attrlabl><attrdef>Relative bearing to sighting</attrdef><attrdefs>Data provider</attrdefs><attrdomv><rdom><rdommin>0</rdommin><rdommax>355</rdommax></rdom></attrdomv></attr><attr><attrlabl>anglesource</attrlabl><attrdef>Angle source (magnetic or relative)</attrdef><attrdefs>Data provider</attrdefs><attrdomv><udom>Angle source (magnetic or relative)</udom></attrdomv></attr><attr><attrlabl>radial</attrlabl><attrdef>Radial (relative) bearing to sighting</attrdef><attrdefs>Data provider</attrdefs><attrdomv><rdom><rdommin>0</rdommin><rdommax>357</rdommax></rdom></attrdomv></attr><attr><attrlabl>estdistance</attrlabl><attrdef>Estimated distance to the animals sighted</attrdef><attrdefs>Data provider</attrdefs><attrdomv><rdom><rdommin>0</rdommin><rdommax>3000</rdommax></rdom></attrdomv></attr><attr><attrlabl>reticles</attrlabl><attrdef>Binocular reticles to sighting (if used)</attrdef><attrdefs>Data provider</attrdefs><attrdomv><udom>Binocular reticles to sighting (if used)</udom></attrdomv></attr><attr><attrlabl>species_name</attrlabl><attrdef>Species name</attrdef><attrdefs>Data provider</attrdefs><attrdomv><udom>Species name</udom></attrdomv></attr><attr><attrlabl>species</attrlabl><attrdef>Species code by provider</attrdef><attrdefs>Data provider</attrdefs><attrdomv><udom>Species code by provider</udom></attrdomv></attr><attr><attrlabl>species2</attrlabl><attrdef>Species code of second species in a mixed group</attrdef><attrdefs>Data provider</attrdefs><attrdomv><udom>Species code of second species in a mixed group</udom></attrdomv></attr><attr><attrlabl>confidence</attrlabl><attrdef>Confidence of species ID</attrdef><attrdefs>Data provider</attrdefs><attrdomv><udom>Confidence of species ID</udom></attrdomv></attr><attr><attrlabl>cue</attrlabl><attrdef>Initial cue for the sighting</attrdef><attrdefs>Data provider</attrdefs><attrdomv><udom>Initial cue for the sighting</udom></attrdomv></attr><attr><attrlabl>minno</attrlabl><attrdef>Minimum number of animals</attrdef><attrdefs>Data provider</attrdefs><attrdomv><rdom><rdommin>1</rdommin><rdommax>40</rdommax></rdom></attrdomv></attr><attr><attrlabl>maxno</attrlabl><attrdef>Maximum number of animals</attrdef><attrdefs>Data provider</attrdefs><attrdomv><rdom><rdommin>1</rdommin><rdommax>150</rdommax></rdom></attrdomv></attr><attr><attrlabl>adults</attrlabl><attrdef>Number of adults in group (if identifiable)</attrdef><attrdefs>Data provider</attrdefs><attrdomv><rdom><rdommin>0</rdommin><rdommax>100</rdommax></rdom></attrdomv></attr><attr><attrlabl>juveniles</attrlabl><attrdef>Number of juveniles in group (if identifiable)</attrdef><attrdefs>Data provider</attrdefs><attrdomv><rdom><rdommin>1</rdommin><rdommax>50</rdommax></rdom></attrdomv></attr><attr><attrlabl>calves</attrlabl><attrdef>Number of calves in group (if identifiable)</attrdef><attrdefs>Data provider</attrdefs><attrdomv><rdom><rdommin>1</rdommin><rdommax>2</rdommax></rdom></attrdomv></attr><attr><attrlabl>birds</attrlabl><attrdef>Birds associated with sighting (Y/N)</attrdef><attrdefs>Data provider</attrdefs><attrdomv><udom>Birds associated with sighting (Y/N)</udom></attrdomv></attr><attr><attrlabl>seenby</attrlabl><attrdef>Seen by (observer initials)</attrdef><attrdefs>Data provider</attrdefs><attrdomv><udom>Seen by (observer initials)</udom></attrdomv></attr><attr><attrlabl>sightingeffort</attrlabl><attrdef>Effort status for sighting (dedicated or incidental)</attrdef><attrdefs>Data provider</attrdefs><attrdomv><udom>Effort status for sighting (dedicated or incidental)</udom></attrdomv></attr><attr><attrlabl>orientation</attrlabl><attrdef>Aspect of animal(s) when first seen (relative to vessel)</attrdef><attrdefs>Data provider</attrdefs><attrdomv><rdom><rdommin>0</rdommin><rdommax>340</rdommax></rdom></attrdomv></attr><attr><attrlabl>heading</attrlabl><attrdef>Heading of animal(s) when first seen (relative to vessel)</attrdef><attrdefs>Data provider</attrdefs><attrdomv><rdom><rdommin>0</rdommin><rdommax>340</rdommax></rdom></attrdomv></attr><attr><attrlabl>behaviour1</attrlabl><attrdef>Behaviour code 1 (if any)</attrdef><attrdefs>Data provider</attrdefs><attrdomv><udom>Behaviour code 1 (if any)</udom></attrdomv></attr><attr><attrlabl>behaviour2</attrlabl><attrdef>Behaviour code 2 (if any)</attrdef><attrdefs>Data provider</attrdefs><attrdomv><udom>Behaviour code 2 (if any)</udom></attrdomv></attr><attr><attrlabl>behaviour3</attrlabl><attrdef>Behaviour code 3 (if any)</attrdef><attrdefs>Data provider</attrdefs><attrdomv><udom>Behaviour code 3 (if any)</udom></attrdomv></attr><attr><attrlabl>notes</attrlabl><attrdef>Notes</attrdef><attrdefs>Data provider</attrdefs><attrdomv><udom>Notes</udom></attrdomv></attr><attr><attrlabl>latitude</attrlabl><attrdef>Latitude in decimal degrees</attrdef><attrdefs>Data provider</attrdefs><attrdomv><rdom><rdommin>31.887780</rdommin><rdommax>37.227850</rdommax></rdom></attrdomv></attr><attr><attrlabl>longitude</attrlabl><attrdef>Longitude in decimal degrees</attrdef><attrdefs>Data provider</attrdefs><attrdomv><rdom><rdommin>-81.008300</rdommin><rdommax>-72.472180</rdommax></rdom></attrdomv></attr><attr><attrlabl>sotw_heading</attrlabl><attrdef>Heading of vessel (true degrees)</attrdef><attrdefs>Data provider</attrdefs><attrdomv><rdom><rdommin>0</rdommin><rdommax>359</rdommax></rdom></attrdomv></attr><attr><attrlabl>sotw_heading_true</attrlabl><attrdef>Error code for heading</attrdef><attrdefs>Data provider</attrdefs><attrdomv><rdom><rdommin>-99999</rdommin><rdommax>-99999</rdommax></rdom></attrdomv></attr><attr><attrlabl>sotw_speed</attrlabl><attrdef>Speed over ground of vessel (knots)</attrdef><attrdefs>Data provider</attrdefs><attrdomv><rdom><rdommin>0.0000000000</rdommin><rdommax>9.8000001910</rdommax></rdom></attrdomv></attr><attr><attrlabl>enginerevs</attrlabl><attrdef>Engine revs (rpm)</attrdef><attrdefs>Data provider</attrdefs><attrdomv><rdom><rdommin>-10.9000</rdommin><rdommax>2577.0000</rdommax></rdom></attrdomv></attr><attr><attrlabl>windspeed</attrlabl><attrdef>Wind speed (knots)</attrdef><attrdefs>Data provider</attrdefs><attrdomv><rdom><rdommin>0.0000000000</rdommin><rdommax>29.2000007600</rdommax></rdom></attrdomv></attr><attr><attrlabl>winddirection</attrlabl><attrdef>Wind direction (degrees)</attrdef><attrdefs>Data provider</attrdefs><attrdomv><rdom><rdommin>0.8000000120</rdommin><rdommax>359.7999878000</rdommax></rdom></attrdomv></attr><attr><attrlabl>windside</attrlabl><attrdef>Wind measurement (true or relative)</attrdef><attrdefs>Data provider</attrdefs><attrdomv><udom>Wind measurement (true or relative)</udom></attrdomv></attr><attr><attrlabl>temperature</attrlabl><attrdef>Sea surface temperature</attrdef><attrdefs>Data provider</attrdefs><attrdomv><rdom><rdommin>13.000000000</rdommin><rdommax>26.200000760</rdommax></rdom></attrdomv></attr><attr><attrlabl>depth</attrlabl><attrdef>Water depth</attrdef><attrdefs>Data provider</attrdefs><attrdomv><rdom><rdommin>-4483</rdommin><rdommax>-2</rdommax></rdom></attrdomv></attr><attr><attrlabl>seastate</attrlabl><attrdef>Sea state</attrdef><attrdefs>Data provider</attrdefs><attrdomv><rdom><rdommin>0.00</rdommin><rdommax>5.00</rdommax></rdom></attrdomv></attr><attr><attrlabl>waveheight</attrlabl><attrdef>Wave height (m)</attrdef><attrdefs>Data provider</attrdefs><attrdomv><rdom><rdommin>0.000</rdommin><rdommax>3.000</rdommax></rdom></attrdomv></attr><attr><attrlabl>swell</attrlabl><attrdef>Swell (m)</attrdef><attrdefs>Data provider</attrdefs><attrdomv><rdom><rdommin>0.000</rdommin><rdommax>3.000</rdommax></rdom></attrdomv></attr><attr><attrlabl>weather</attrlabl><attrdef>Weather code</attrdef><attrdefs>Data provider</attrdefs><attrdomv><udom>Weather code</udom></attrdomv></attr><attr><attrlabl>cloudcover</attrlabl><attrdef>Cloud cover (out of 10)</attrdef><attrdefs>Data provider</attrdefs><attrdomv><rdom><rdommin>0</rdommin><rdommax>66</rdommax></rdom></attrdomv></attr><attr><attrlabl>visibility</attrlabl><attrdef>Visibility (1=poor, 3=good)</attrdef><attrdefs>Data provider</attrdefs><attrdomv><rdom><rdommin>1</rdommin><rdommax>3</rdommax></rdom></attrdomv></attr><attr><attrlabl>pressure</attrlabl><attrdef>Pressure (mb)</attrdef><attrdefs>Data provider</attrdefs><attrdomv><rdom><rdommin>101</rdommin><rdommax>1030</rdommax></rdom></attrdomv></attr><attr><attrlabl>intensity</attrlabl><attrdef>Glare intensity (0=none, 2=severe)</attrdef><attrdefs>Data provider</attrdefs><attrdomv><rdom><rdommin>0</rdommin><rdommax>2</rdommax></rdom></attrdomv></attr><attr><attrlabl>glarestart</attrlabl><attrdef>Start angle of any glare (degrees relative to vessel)</attrdef><attrdefs>Data provider</attrdefs><attrdomv><rdom><rdommin>9</rdommin><rdommax>340</rdommax></rdom></attrdomv></attr><attr><attrlabl>glarestop</attrlabl><attrdef>Stop angle of any glare (degrees relative to vessel)</attrdef><attrdefs>Data provider</attrdefs><attrdomv><rdom><rdommin>10</rdommin><rdommax>340</rdommax></rdom></attrdomv></attr><attr><attrlabl>sailstart</attrlabl><attrdef>Start angle of any sails (degrees relative to vessel)</attrdef><attrdefs>Data provider</attrdefs><attrdomv><rdom><rdommin>0</rdommin><rdommax>355</rdommax></rdom></attrdomv></attr><attr><attrlabl>sailstop</attrlabl><attrdef>Stop angle of any sails (degrees relative to vessel)</attrdef><attrdefs>Data provider</attrdefs><attrdomv><rdom><rdommin>0</rdommin><rdommax>25</rdommax></rdom></attrdomv></attr><attr><attrlabl>sp_tsn</attrlabl><attrdef>Taxonomic Serial Number added by OBIS-SEAMAP</attrdef><attrdefs>Data provider</attrdefs><attrdomv><rdom><rdommin>159786</rdommin><rdommax>948946</rdommax></rdom></attrdomv></attr><attr><attrlabl>datetime</attrlabl><attrdef>Date and time of the sighting at local time zone</attrdef><attrdefs>Data provider</attrdefs><attrdomv><rdom><rdommin>2019-04-06 07:50:48</rdommin><rdommax>2019-05-18 13:35:04</rdommax></rdom></attrdomv></attr><attr><attrlabl>obs_count</attrlabl><attrdef>best estimate of number of animals</attrdef><attrdefs>Data provider</attrdefs><attrdomv><rdom><rdommin>1</rdommin><rdommax>89</rdommax></rdom></attrdomv></attr><attr><attrlabl>geom</attrlabl><attrdef>Geometry field added by OBIS-SEAMAP</attrdef><attrdefs>Data provider</attrdefs><attrdomv><udom>Geometry field added by OBIS-SEAMAP</udom></attrdomv></attr></detailed><overview><eaover>This section explains attributes included in the original dataset.&#13;
OBIS-SEAMAP restricts the attributes available to the public to date/time, lat/lon and species names/counts only.&#13;
Should you need other attributes described here, you are encouraged to contact the data provider.</eaover><eadetcit>Marine Conservation Research</eadetcit></overview>
	</eainfo><distinfo>
	<distrib>
		<cntinfo>
			<cntorgp>
				<cntorg>Nicholas School of Environment, Duke Univ.</cntorg>
				<cntper>OBIS-SEAMAP</cntper>
			</cntorgp>
			<cntaddr>
				<addrtype>mailing and physical address</addrtype>
				<address>A328, LSRC</address><city>Durham</city><state>NC</state><postal>27708</postal><country>USA</country>
			</cntaddr>
			<cntvoice>919-613-8021</cntvoice>
			<cntemail>seamap-contact@duke.edu</cntemail>
		</cntinfo>
	</distrib><resdesc>OBIS-SEAMAP Dataset ID 2001</resdesc><distliab>Not to hold OBIS-SEAMAP liable for errors in the data. While we have made every effort to ensure the quality of the database, we cannot guarantee the accuracy of these datasets.&#13;
Also please refer to Use Constraints.</distliab>
	<stdorder>
		<digform>
			<digtinfo>
				<formname>CSV and ESRI shapefile</formname></digtinfo>
			<digtopt>
				<onlinopt>
					<computer>
						<networka>
							<networkr>OBIS-SEAMAP</networkr>
						</networka>
					</computer>
				</onlinopt>
			</digtopt>
		</digform>
		<fees>Free</fees>
		<ordering>Go to the OBIS-SEAMAP web site.</ordering>
	</stdorder>
	

	
</distinfo><metainfo>
	<metd>20190807</metd><metrd>20190807</metrd><metc>
		<cntinfo><cntperp>
	<cntper>Ei Fujioka</cntper>
	<cntorg>Nicholas School, Duke University</cntorg></cntperp><cntaddr><addrtype>mailing and physical address</addrtype><address>A328, LSRC</address><city>Durham</city><state>NC</state><postal>27708</postal><country>USA</country></cntaddr>
			<cntvoice>919-613-8021</cntvoice>
			<cntemail>seamap-contact@duke.edu</cntemail>
			</cntinfo>
	</metc><metstdn>FGDC Content Standards for Digital Geospatial Metadata</metstdn><metstdv>FGDC-STD-001-1998</metstdv><mettc>local time</mettc>
	
	
	
	
	<metextns><onlink>http://www.nbii.gov/</onlink><metprof>Biological Data Profile</metprof></metextns>
	
	</metainfo>
	
</metadata>
