<?xml version="1.0"?>
<metadata>
  <idinfo>
    <descript>
      <abstract>Aerial surveys were flown in parallel lines from the South Carolina/North Carolina border to the south end of Assateague Island, Virginia, United States from October 2005 to April 2006. All large whale, small cetaceans, sea turtles and large fish, and ship sightings were recorded. Surveys were conducted in Beaufort sea states of 5 or under and in clear weather conditions. Photos of all large whales exist in the VAB LAB photo data base at University of North Carolina Wilmington (UNCW). UNCW houses a data base that now extends from 1998 to 2006 for aerial surveys conducted in the mid-Atlantic and southeast Atlantic bight.</abstract>
      <purpose>To conduct systematic aerial surveys for large whales, specifically targeting right whales, during the fall, winter and spring off North Carolina and Virginia, United States.</purpose>
      <supplinf/>
    </descript>
    <citation>
      <citeinfo><origin>McLellan, W</origin><pubdate>2011</pubdate><title>UNCW Right Whale Aerial Survey 05-06</title><onlink>http://seamap.env.duke.edu/dataset/360</onlink><serinfo><sername>OBIS-SEAMAP</sername><issue>360</issue></serinfo><pubinfo><pubplace>http://seamap.env.duke.edu/dataset/360</pubplace><publish>OBIS-SEAMAP</publish></pubinfo></citeinfo>
    </citation>
    <timeperd>
      <current>ground condition</current>
      <timeinfo>
        <rngdates>
          <begdate>2005-10-27</begdate>
          <enddate>2006-04-20</enddate>
        </rngdates>
      </timeinfo>
    </timeperd>
    <status>
      <progress>Complete</progress>
      <update>None planned</update>
    </status>
    <spdom><bounding><westbc>-78.41053</westbc><eastbc>-74.902044</eastbc><northbc>37.732048</northbc><southbc>33.388424</southbc></bounding><lboundng><leftbc>-78.41053</leftbc><rightbc>-74.902044</rightbc><topbc>37.732048</topbc><bottombc>33.388424</bottombc></lboundng></spdom>
    <keywords><place><placekey/></place><theme><themekey/></theme><theme><themekt>Platform</themekt><themekey>Aircraft</themekey><themekey>Sightings</themekey></theme></keywords>
    <accconst>Open public unless otherwise noted. See Use Constraints for details.</accconst>
    <useconst>1. Not to use data obtained from OBIS-SEAMAP in any publication, product, or commercial application without proper attribution to the original data provider(s) and OBIS-SEAMAP unless the datasets are explicitly shown under the CC0 policy. Citations or credits are suggested as attribution. If the data you downloaded come from multiple datasets, a citation or credit to each of the datasets is required.

Suggested citation for this dataset:

McLellan, W. 2011. UNCW Right Whale Aerial Survey 05-06. Data downloaded from OBIS-SEAMAP (http://seamap.env.duke.edu/dataset/360) on yyyy-mm-dd.

Suggested citation for OBIS-SEAMAP:

Halpin, P.N., A.J. Read, E. Fujioka, B.D. Best, B. Donnelly, L.J. Hazen, C. Kot, K. Urian, E. LaBrecque, A. Dimatteo, J. Cleary, C. Good, L.B. Crowder, and K.D. Hyrenbach. 2009. OBIS-SEAMAP: The world data center for marine mammal, sea bird, and sea turtle distributions. Oceanography 22(2):104-115

2. To forward the citation of any publication / report that made use of the data / tools provided by OBIS-SEAMAP for inclusion in our list of references.

3. Not to hold OBIS-SEAMAP or the original data providers liable for errors in the data. While we have made every effort to ensure the quality of the database, we cannot guarantee the accuracy of these datasets. 

4. The burden for determining fitness for use of the downloaded data for any analyses lies entirely with the user. OBIS-SEAMAP or the original data providers do not support outcomes of your analyses that used the data you downloaded from OBIS-SEAMAP.

5. To consider inclusion of the accompanying transect (effort) dataset if available into the methodology of your analyses.

6. Not to redistribute the data you downloaded from OBIS-SEAMAP through any media without contect from OBIS-SEAMAP and the original data providers unless the datasets are explicitly shown under the CC0 policy.</useconst>
    <natvform>Shapefile</natvform>
    <ptcontac>
      <cntinfo>
        <cntperp>
          <cntper>William McLellan</cntper>
          <cntorg>University of North Carolina Wilmington</cntorg>
        </cntperp>
        <cntpos/>
        <cntaddr>
          <addrtype>mailing and physical address</addrtype>
          <address>601 South College Road</address>
          <city>Wilmington</city>
          <state>NC</state>
          <postal>28403</postal>
          <country>USA</country>
        </cntaddr>
        <cntvoice>910-962-7266</cntvoice>
        <cntemail>mclellanw@uncw.edu</cntemail>
      <cntfax/></cntinfo>
    </ptcontac>
    <datacred>University of North Carolina Wilmington</datacred>
    <taxonomy><taxonsys><classsys><classcit><citeinfo><origin>Integrated Taxonomic Information System</origin><title>Integrated Taxonomic Information System</title><onlink>http://www.itis.usda.gov/</onlink><othercit>Downloaded April, 2004</othercit></citeinfo></classcit></classsys><ider><cntinfo><cntorgp><cntorg>Refer to the contact information of the dataset</cntorg></cntorgp></cntinfo></ider></taxonsys><taxoncl><taxonrn>Kingdom</taxonrn><taxonrv>Animalia</taxonrv><taxontsn>202423</taxontsn><taxoncl><taxonrn>Phylum</taxonrn><taxonrv>Chordata</taxonrv><taxontsn>158852</taxontsn><taxoncl><taxonrn>Subphylum</taxonrn><taxonrv>Vertebrata</taxonrv><taxontsn>331030</taxontsn><taxoncl><taxonrn>Class</taxonrn><taxonrv>Mammalia</taxonrv><taxontsn>179913</taxontsn><taxoncl><taxonrn>Subclass</taxonrn><taxonrv>Theria</taxonrv><taxontsn>179916</taxontsn><taxoncl><taxonrn>Infraclass</taxonrn><taxonrv>Eutheria</taxonrv><taxontsn>179925</taxontsn><taxoncl><taxonrn>Order</taxonrn><taxonrv>Cetacea</taxonrv><taxontsn>180403</taxontsn><taxoncl><taxonrn>Suborder</taxonrn><taxonrv>Mysticeti</taxonrv><taxontsn>552298</taxontsn><taxoncl><taxonrn>Family</taxonrn><taxonrv>Balaenopteridae</taxonrv><taxontsn>180522</taxontsn><taxoncl><taxonrn>Genus</taxonrn><taxonrv>Balaenoptera</taxonrv><taxontsn>180523</taxontsn><taxoncl><taxonrn>Species</taxonrn><taxonrv>Balaenoptera physalus</taxonrv><taxontsn>180527</taxontsn></taxoncl></taxoncl><taxoncl><taxonrn>Genus</taxonrn><taxonrv>Megaptera</taxonrv><taxontsn>180529</taxontsn><taxoncl><taxonrn>Species</taxonrn><taxonrv>Megaptera novaeangliae</taxonrv><taxontsn>180530</taxontsn></taxoncl></taxoncl></taxoncl><taxoncl><taxonrn>Family</taxonrn><taxonrv>Balaenidae</taxonrv><taxontsn>180531</taxontsn><taxoncl><taxonrn>Genus</taxonrn><taxonrv>Eubalaena</taxonrv><taxontsn>180536</taxontsn><taxoncl><taxonrn>Species</taxonrn><taxonrv>Eubalaena glacialis</taxonrv><taxontsn>180537</taxontsn></taxoncl></taxoncl></taxoncl></taxoncl><taxoncl><taxonrn>Suborder</taxonrn><taxonrv>Odontoceti</taxonrv><taxontsn>180404</taxontsn><taxoncl><taxonrn>Family</taxonrn><taxonrv>Delphinidae</taxonrv><taxontsn>180415</taxontsn><taxoncl><taxonrn>Genus</taxonrn><taxonrv>Delphinus</taxonrv><taxontsn>180437</taxontsn><taxoncl><taxonrn>Species</taxonrn><taxonrv>Delphinus delphis</taxonrv><taxontsn>180438</taxontsn></taxoncl></taxoncl><taxoncl><taxonrn>Genus</taxonrn><taxonrv>Globicephala</taxonrv><taxontsn>180464</taxontsn><taxoncl><taxonrn>Species</taxonrn><taxonrv>Globicephala macrorhynchus</taxonrv><taxontsn>180466</taxontsn></taxoncl></taxoncl><taxoncl><taxonrn>Genus</taxonrn><taxonrv>Tursiops</taxonrv><taxontsn>180425</taxontsn><taxoncl><taxonrn>Species</taxonrn><taxonrv>Tursiops truncatus</taxonrv><taxontsn>180426</taxontsn></taxoncl></taxoncl></taxoncl><taxoncl><taxonrn>Family</taxonrn><taxonrv>Physeteridae</taxonrv><taxontsn>180486</taxontsn><taxoncl><taxonrn>Genus</taxonrn><taxonrv>Physeter</taxonrv><taxontsn>180487</taxontsn><taxoncl><taxonrn>Species</taxonrn><taxonrv>Physeter macrocephalus</taxonrv><taxontsn>180488</taxontsn></taxoncl></taxoncl></taxoncl></taxoncl></taxoncl></taxoncl></taxoncl></taxoncl><taxoncl><taxonrn>Class</taxonrn><taxonrv>Reptilia</taxonrv><taxontsn>173747</taxontsn><taxoncl><taxonrn>Order</taxonrn><taxonrv>Testudines</taxonrv><taxontsn>173749</taxontsn><taxoncl><taxonrn>Family</taxonrn><taxonrv>Cheloniidae</taxonrv><taxontsn>173828</taxontsn><taxoncl><taxonrn>Genus</taxonrn><taxonrv>Caretta</taxonrv><taxontsn>173829</taxontsn><taxoncl><taxonrn>Species</taxonrn><taxonrv>Caretta caretta</taxonrv><taxontsn>173830</taxontsn></taxoncl></taxoncl><taxoncl><taxonrn>Genus</taxonrn><taxonrv>Chelonia</taxonrv><taxontsn>173832</taxontsn><taxoncl><taxonrn>Species</taxonrn><taxonrv>Chelonia mydas</taxonrv><taxontsn>173833</taxontsn></taxoncl></taxoncl><taxoncl><taxonrn>Genus</taxonrn><taxonrv>Lepidochelys</taxonrv><taxontsn>173838</taxontsn><taxoncl><taxonrn>Species</taxonrn><taxonrv>Lepidochelys kempii</taxonrv><taxontsn>551770</taxontsn></taxoncl></taxoncl></taxoncl><taxoncl><taxonrn>Family</taxonrn><taxonrv>Dermochelyidae</taxonrv><taxontsn>173841</taxontsn><taxoncl><taxonrn>Genus</taxonrn><taxonrv>Dermochelys</taxonrv><taxontsn>173842</taxontsn><taxoncl><taxonrn>Species</taxonrn><taxonrv>Dermochelys coriacea</taxonrv><taxontsn>173843</taxontsn></taxoncl></taxoncl></taxoncl></taxoncl></taxoncl></taxoncl><taxoncl><taxonrn>Class</taxonrn><taxonrv>Mammalia</taxonrv><taxontsn>179913</taxontsn><taxoncl><taxonrn>Subclass</taxonrn><taxonrv>Theria</taxonrv><taxontsn>179916</taxontsn><taxoncl><taxonrn>Infraclass</taxonrn><taxonrv>Eutheria</taxonrv><taxontsn>179925</taxontsn><taxoncl><taxonrn>Order</taxonrn><taxonrv>Cetacea</taxonrv><taxontsn>180403</taxontsn><taxoncl><taxonrn>Suborder</taxonrn><taxonrv>Odontoceti</taxonrv><taxontsn>180404</taxontsn><taxoncl><taxonrn>Family</taxonrn><taxonrv>Ziphiidae</taxonrv><taxontsn>180493</taxontsn><taxoncl><taxonrn>Family</taxonrn><taxonrv>Ziphiidae</taxonrv><taxontsn>180493</taxontsn></taxoncl></taxoncl></taxoncl></taxoncl></taxoncl></taxoncl></taxoncl></taxoncl></taxoncl></taxonomy>
  <crossref><citeinfo><origin>Halpin, P.N., A.J. Read, E. Fujioka, B.D. Best, B. Donnelly, L.J. Hazen, C. Kot, K. Urian, E. LaBrecque, A. Dimatteo, J. Cleary, C. Good, L.B. Crowder, and K.D. Hyrenbach</origin><pubdate>2009</pubdate><title>OBIS-SEAMAP: The world data center for marine mammal, sea bird, and sea turtle distributions</title><geoform>vector digital data</geoform><serinfo><sername>Oceanography</sername><issue>22(2):104-115</issue></serinfo><onlink>http://www.tos.org/oceanography/article/obis-seamap-the-world-data-center-for-marine-mammal-sea-bird-and-sea-turtle</onlink></citeinfo></crossref></idinfo>
  <metainfo>
    <metc><cntinfo><cntperp><cntper>Ei Fujioka</cntper><cntorg>Duke University</cntorg></cntperp><cntpos/><cntaddr><addrtype>mailing and physical address</addrtype><address>LSRC A328</address><city>Durham</city><state>NC</state><country>USA</country></cntaddr><cntemail>efujioka@duke.edu</cntemail></cntinfo></metc>
    <metextns>
      <onlink>http://www.nbii.gov/</onlink>
      <metprof>Biological Data Profile</metprof>
    </metextns>
  <metd>2006-07-11</metd></metainfo>
  <dataqual>
    <posacc>
      <horizpa>
        <horizpar/>
      </horizpa>
      <vertacc>
        <vertaccr/>
      </vertacc>
    </posacc>
  <attracc><attraccr/></attracc><complete/></dataqual>
<distinfo><distrib><cntinfo><cntorgp><cntper>OBIS-SEAMAP</cntper><cntorg>Nicholas School of Environment, Duke University</cntorg></cntorgp><cntpos/><cntaddr><addrtype>mailing and physical address</addrtype><address>A328, LSRC</address><city>Durham</city><state>NC</state><postal>27708</postal><country>USA</country></cntaddr><cntvoice>919-613-8021</cntvoice><cntemail>seamap-contact@duke.edu</cntemail></cntinfo></distrib><distliab>Not to hold OBIS-SEAMAP liable for errors in the data. While we have made every effort to ensure the quality of the database, we cannot guarantee the accuracy of these datasets.&#xD;
Also please refer to Use Constraints.</distliab><stdorder><fees>Free</fees><ordering>Go to the OBIS-SEAMAP web site</ordering><digform><digtinfo><formname>zip</formname><filedec>zipped shapefile</filedec></digtinfo><digtopt><onlinopt><computer><networka><networkr>http://seamap.env.duke.edu/dataset/360</networkr></networka></computer></onlinopt></digtopt></digform></stdorder></distinfo><eainfo><detailed><attr><attrlabl>id</attrlabl><attrdef>Record id</attrdef></attr><attr><attrlabl>date</attrlabl><attrdef>Date of observation</attrdef></attr><attr><attrlabl>time</attrlabl><attrdef>Time of the date</attrdef></attr><attr><attrlabl>waypoint</attrlabl><attrdef/></attr><attr><attrlabl>lat</attrlabl><attrdef>Latitude in decimal degree</attrdef></attr><attr><attrlabl>long</attrlabl><attrdef>longitude in decimal degree</attrdef></attr><attr><attrlabl>event</attrlabl><attrdef/></attr><attr><attrlabl>heading</attrlabl><attrdef/></attr><attr><attrlabl>track</attrlabl><attrdef/></attr><attr><attrlabl>obsrv</attrlabl><attrdef/></attr><attr><attrlabl>alt</attrlabl><attrdef/></attr><attr><attrlabl>visibility</attrlabl><attrdef/></attr><attr><attrlabl>bss</attrlabl><attrdef/></attr><attr><attrlabl>cloud</attrlabl><attrdef/></attr><attr><attrlabl>glarel</attrlabl><attrdef/></attr><attr><attrlabl>glarer</attrlabl><attrdef/></attr><attr><attrlabl>angle</attrlabl><attrdef/></attr><attr><attrlabl>sightcue</attrlabl><attrdef/></attr><attr><attrlabl>species</attrlabl><attrdef/></attr><attr><attrlabl>common</attrlabl><attrdef/></attr><attr><attrlabl>tsn</attrlabl><attrdef/></attr><attr><attrlabl>scientific</attrlabl><attrdef/></attr><attr><attrlabl>group_</attrlabl><attrdef/></attr><attr><attrlabl>rank</attrlabl><attrdef/></attr><attr><attrlabl>reliabilit</attrlabl><attrdef/></attr><attr><attrlabl>minnum</attrlabl><attrdef/></attr><attr><attrlabl>maxnum</attrlabl><attrdef/></attr><attr><attrlabl>best</attrlabl><attrdef>Best estimate of the number of adults</attrdef></attr><attr><attrlabl>calves</attrlabl><attrdef>Number of calves in the group</attrdef></attr><attr><attrlabl>avoid</attrlabl><attrdef/></attr><attr><attrlabl>pho_vid</attrlabl><attrdef/></attr><attr><attrlabl>comments</attrlabl><attrdef/></attr><attr><attrlabl>oid</attrlabl><attrdef/></attr></detailed><overview><eadetcit>University of North Carolina Wilmington</eadetcit><eaover>This section explains attributes included in the original dataset.&#xD;
OBIS-SEAMAP restricts the attributes available to the public to date/time, lat/lon and species names/counts only.&#xD;
Should you need other attributes described here, you are encouraged to contact the data provider.</eaover></overview></eainfo><spref><horizsys><cordsysn><geogcsn>GCS_WGS_1984</geogcsn></cordsysn><geograph><geogunit>Decimal degrees</geogunit><latres>0.000167</latres><longres>0.000167</longres></geograph><geodetic><horizdn>D_WGS_1984</horizdn><ellips>WGS_1984</ellips><semiaxis>6378137.000000</semiaxis><denflat>298.257224</denflat></geodetic></horizsys></spref></metadata>
