<?xml version="1.0" encoding="UTF-8"?>
<metadata xml:lang="en">
<idinfo>
	<citation>
		<citeinfo>
		<origin>Ampela, K. and C. Bacon</origin><pubdate>2019</pubdate><title>CRC HRC PMRF Small Vessel-Based Monitoring Surveys February 2014</title><geoform>vector digital data</geoform><serinfo><sername>OBIS-SEAMAP</sername><issue>1958</issue></serinfo><pubinfo><pubplace>http://seamap.env.duke.edu/dataset/1958</pubplace><publish>OBIS-SEAMAP</publish></pubinfo><onlink>http://seamap.env.duke.edu/dataset/1958</onlink></citeinfo>
	</citation><descript>
	<abstract>Data in this datasets represent marine mammal sightings for ten days of Navy funded small boat surveys to photograph and satellite tag marine mammal odontocetes. Surveys were conducted from 1 to 10 February 2014 off Kauai, in and around the Pacific Missile Range Facility (PMRF), within the Hawaii Range Complex (HRC). Work was performed under HDR task order KB26 (IDIQ contract award N62470-10-D-3011, NAVFACPAC).</abstract><purpose>Please contact data provider</purpose><supplinf>2023-11-07: Short-finned pilot whale was linked to spinner dolphin (ITIS TSN 180429) by error. This is fixed. Short-finned pilot whale is now linked to Globicephala macrorhynchus (ITIS TSN 180466).</supplinf></descript><timeperd><timeinfo><rngdates><begdate>20140201</begdate><enddate>20140210</enddate></rngdates></timeinfo><current>ground condition</current></timeperd><status><progress>Complete</progress><update>None planned</update></status><spdom><descgeog>Pacific</descgeog><bounding><westbc>-159.96518</westbc><eastbc>-159.61686</eastbc><northbc>22.23342</northbc><southbc>21.89493</southbc></bounding>
	</spdom><keywords><theme><themekt>None</themekt><themekey>Hawaii Range Complex</themekey><themekey>Marine Animal Survey</themekey><themekey>Marine Biology</themekey><themekey>Marine mammals</themekey><themekey>Visual Sighting</themekey><themekey>Vessel</themekey></theme><place><placekt>None</placekt><placekey>Pacific</placekey></place></keywords><taxonomy><keywtax><taxonkt>Taxon covered</taxonkt><taxonkey>Marine mammals</taxonkey></keywtax><taxonsys><classsys><classcit><citeinfo><origin>Integrated Taxonomic Information System</origin><pubdate>Unknown</pubdate><title>Integrated Taxonomic Information System</title><geoform>Not applicable</geoform><othercit>Downloaded April, 2004</othercit><onlink>http://www.itis.usda.gov/</onlink></citeinfo></classcit></classsys><ider><cntinfo><cntperp><cntper>Refer to the contact information of the dataset</cntper><cntorg>Refer to the contact information of the dataset</cntorg></cntperp><cntaddr><addrtype>mailing and physical address</addrtype><address>Refer to the contact information of the dataset</address><city>Refer to the contact information of the dataset</city><state>Refer to the contact information of the dataset</state><postal>Refer to the contact information of the dataset</postal><country>Refer to the contact information of the dataset</country></cntaddr><cntvoice>Not provided</cntvoice></cntinfo></ider><taxonpro>Identified by observers or researchers conducting the survey</taxonpro></taxonsys><taxoncl><taxonrn>Kingdom</taxonrn><taxonrv>Animalia</taxonrv><taxoncl><taxonrn>Phylum</taxonrn><taxonrv>Chordata</taxonrv><taxoncl><taxonrn>Subphylum</taxonrn><taxonrv>Vertebrata</taxonrv><taxoncl><taxonrn>Class</taxonrn><taxonrv>Mammalia</taxonrv><taxoncl><taxonrn>Subclass</taxonrn><taxonrv>Theria</taxonrv><taxoncl><taxonrn>Infraclass</taxonrn><taxonrv>Eutheria</taxonrv><taxoncl><taxonrn>Order</taxonrn><taxonrv>Cetacea</taxonrv><taxoncl><taxonrn>Suborder</taxonrn><taxonrv>Odontoceti</taxonrv><taxoncl><taxonrn>Family</taxonrn><taxonrv>Delphinidae</taxonrv><taxoncl><taxonrn>Genus</taxonrn><taxonrv>Globicephala</taxonrv><taxoncl><taxonrn>Species</taxonrn><taxonrv>Globicephala macrorhynchus</taxonrv></taxoncl></taxoncl><taxoncl><taxonrn>Genus</taxonrn><taxonrv>Stenella</taxonrv><taxoncl><taxonrn>Species</taxonrn><taxonrv>Stenella longirostris</taxonrv></taxoncl></taxoncl><taxoncl><taxonrn>Genus</taxonrn><taxonrv>Steno</taxonrv><taxoncl><taxonrn>Species</taxonrn><taxonrv>Steno bredanensis</taxonrv></taxoncl></taxoncl><taxoncl><taxonrn>Genus</taxonrn><taxonrv>Tursiops</taxonrv><taxoncl><taxonrn>Species</taxonrn><taxonrv>Tursiops truncatus</taxonrv></taxoncl></taxoncl></taxoncl><taxoncl><taxonrn>Family</taxonrn><taxonrv>Hyperoodontidae</taxonrv><taxoncl><taxonrn>Genus</taxonrn><taxonrv>Mesoplodon</taxonrv><taxoncl><taxonrn>Species</taxonrn><taxonrv>Mesoplodon densirostris</taxonrv></taxoncl></taxoncl></taxoncl></taxoncl><taxoncl><taxonrn>Suborder</taxonrn><taxonrv>Mysticeti</taxonrv><taxoncl><taxonrn>Family</taxonrn><taxonrv>Balaenopteridae</taxonrv><taxoncl><taxonrn>Genus</taxonrn><taxonrv>Megaptera</taxonrv><taxoncl><taxonrn>Species</taxonrn><taxonrv>Megaptera novaeangliae</taxonrv></taxoncl></taxoncl></taxoncl></taxoncl></taxoncl></taxoncl></taxoncl></taxoncl></taxoncl></taxoncl></taxoncl></taxonomy>
	<accconst>Open public unless otherwise noted. See Use Constraints for details.</accconst>
	<useconst>1. Not to use data obtained from OBIS-SEAMAP in any publication, product, or commercial application without proper attribution to the original data provider(s) and OBIS-SEAMAP unless the datasets are explicitly shown under the CC0 policy. Citations or credits are suggested as attribution. If the data you downloaded come from multiple datasets, a citation or credit to each of the datasets is required.&#13;
&#13;
Suggested citation for this dataset:&#13;
&#13;
Ampela, K. and C. Bacon. 2019. CRC HRC PMRF Small Vessel-Based Monitoring Surveys February 2014. Data downloaded from OBIS-SEAMAP (http://seamap.env.duke.edu/dataset/1958) on yyyy-mm-dd.&#13;
&#13;
Suggested citation for OBIS-SEAMAP:&#13;
&#13;
Halpin, P.N., A.J. Read, E. Fujioka, B.D. Best, B. Donnelly, L.J. Hazen, C. Kot, K. Urian, E. LaBrecque, A. Dimatteo, J. Cleary, C. Good, L.B. Crowder, and K.D. Hyrenbach. 2009. OBIS-SEAMAP: The world data center for marine mammal, sea bird, and sea turtle distributions. Oceanography 22(2):104-115&#13;
&#13;
2. To forward the citation of any publication / report that made use of the data / tools provided by OBIS-SEAMAP for inclusion in our list of references.&#13;
&#13;
3. Not to hold OBIS-SEAMAP or the original data providers liable for errors in the data. While we have made every effort to ensure the quality of the database, we cannot guarantee the accuracy of these datasets. &#13;
&#13;
4. The burden for determining fitness for use of the downloaded data for any analyses lies entirely with the user. OBIS-SEAMAP or the original data providers do not support outcomes of your analyses that used the data you downloaded from OBIS-SEAMAP.&#13;
&#13;
5. To consider inclusion of the accompanying transect (effort) dataset if available into the methodology of your analyses.&#13;
&#13;
6. Not to redistribute the data you downloaded from OBIS-SEAMAP through any media without contect from OBIS-SEAMAP and the original data providers unless the datasets are explicitly shown under the CC0 policy.</useconst>
	<ptcontac>
		<cntinfo>
			<cntperp><cntper>Kristen Ampela; Cathy Bacon</cntper><cntorg>HDR Environmental, Operations and Construction, Inc.; HDR Environmental, Operations and Construction, Inc.</cntorg></cntperp>
			<cntaddr>
				<addrtype>mailing and physical address</addrtype>
			<address>8690 Balboa Avenue Suite 200; n/a</address><city>San Diego; n/a</city><state>CA; n/a</state><postal>92123; n/a</postal><country>USA; United States</country></cntaddr>
		<cntvoice>858-712-8261; 6823511490</cntvoice><cntemail>Kristen.Ampela@hdrinc.com; catherine.bacon@hdrinc.com</cntemail></cntinfo>
	</ptcontac><datacred>The U.S. Navy Marine Species Monitoring Program</datacred>
	<native>Relational database</native>
	<crossref><citeinfo><origin>Halpin, P.N., A.J. Read, E. Fujioka, B.D. Best, B. Donnelly, L.J. Hazen, C. Kot, K. Urian, E. LaBrecque, A. Dimatteo, J. Cleary, C. Good, L.B. Crowder, and K.D. Hyrenbach</origin><pubdate>2009</pubdate><title>OBIS-SEAMAP: The world data center for marine mammal, sea bird, and sea turtle distributions</title><geoform>vector digital data</geoform><serinfo><sername>Oceanography</sername><issue>22(2):104-115</issue></serinfo><onlink>http://www.tos.org/oceanography/article/obis-seamap-the-world-data-center-for-marine-mammal-sea-bird-and-sea-turtle</onlink></citeinfo></crossref></idinfo>
	<dataqual>
		<attracc>
			<attraccr>All attributes were measured and recorded during the survey and validated by the data provider.</attraccr></attracc>
		<logic>Permissible values for date and time and coordinates were validated by the data provider and the OBIS-SEAMAP data manager. Species identification by the data provider was matched with Integrated Taxonomic Information System.</logic>
		<complete>All observation records are included.</complete><lineage><procstep><procdesc>Data were put through the OBIS-SEAMAP data registration steps.</procdesc><procdate>20231107</procdate></procstep></lineage></dataqual><spdoinfo><direct>Point</direct></spdoinfo><spref><horizsys><geograph>
				<latres>1e-06</latres><longres>1e-06</longres><geogunit>Decimal degrees</geogunit></geograph>
			<geodetic><horizdn>D_WGS_1984</horizdn><ellips>WGS_1984</ellips>
				<semiaxis>6378137.000000</semiaxis><denflat>298.257224</denflat></geodetic></horizsys></spref>

<eainfo><detailed><enttyp><enttypl>Biogeographic data</enttypl><enttypd>Biogeographic data</enttypd><enttypds>Not applicable</enttypds></enttyp><attr><attrlabl>oid</attrlabl><attrdef>Unique ID number (generated by OBIS-SEAMAP)</attrdef><attrdefs>Data provider</attrdefs><attrdomv><udom>Unique ID number (generated by OBIS-SEAMAP)</udom></attrdomv></attr><attr><attrlabl>objectid</attrlabl><attrdef>Object ID</attrdef><attrdefs>Data provider</attrdefs><attrdomv><rdom><rdommin>1</rdommin><rdommax>35</rdommax></rdom></attrdomv></attr><attr><attrlabl>altitudem</attrlabl><attrdef>Altitude in meters (blank)</attrdef><attrdefs>Data provider</attrdefs><attrdomv><udom>Altitude in meters (blank)</udom></attrdomv></attr><attr><attrlabl>areakm2</attrlabl><attrdef>Area in km2 (blank)</attrdef><attrdefs>Data provider</attrdefs><attrdomv><udom>Area in km2 (blank)</udom></attrdomv></attr><attr><attrlabl>aspectslope</attrlabl><attrdef>Aspect slope (blank)</attrdef><attrdefs>Data provider</attrdefs><attrdomv><udom>Aspect slope (blank)</udom></attrdomv></attr><attr><attrlabl>animalspeed</attrlabl><attrdef>Animal speed (blank)</attrdef><attrdefs>Data provider</attrdefs><attrdomv><udom>Animal speed (blank)</udom></attrdomv></attr><attr><attrlabl>bearing</attrlabl><attrdef>Bearing (blank)</attrdef><attrdefs>Data provider</attrdefs><attrdomv><udom>Bearing (blank)</udom></attrdomv></attr><attr><attrlabl>bearingabs</attrlabl><attrdef>Absolute bearing (blank)</attrdef><attrdefs>Data provider</attrdefs><attrdomv><udom>Absolute bearing (blank)</udom></attrdomv></attr><attr><attrlabl>behavior</attrlabl><attrdef>Behavior (blank)</attrdef><attrdefs>Data provider</attrdefs><attrdomv><udom>Behavior (blank)</udom></attrdomv></attr><attr><attrlabl>behaviorevent</attrlabl><attrdef>Behavior event (blank)</attrdef><attrdefs>Data provider</attrdefs><attrdomv><udom>Behavior event (blank)</udom></attrdomv></attr><attr><attrlabl>beaufortscale</attrlabl><attrdef>Beaufort sea scale</attrdef><attrdefs>Data provider</attrdefs><attrdomv><rdom><rdommin>1</rdommin><rdommax>4</rdommax></rdom></attrdomv></attr><attr><attrlabl>beaufortscaleleft</attrlabl><attrdef>Beaufort sea scale at left side (blank)</attrdef><attrdefs>Data provider</attrdefs><attrdomv><udom>Beaufort sea scale at left side (blank)</udom></attrdomv></attr><attr><attrlabl>beaufortscaleright</attrlabl><attrdef>Beaufort sea scale at right side (blank)</attrdef><attrdefs>Data provider</attrdefs><attrdomv><udom>Beaufort sea scale at right side (blank)</udom></attrdomv></attr><attr><attrlabl>biopsy</attrlabl><attrdef>Flag whether biopsy was sampled (blank)</attrdef><attrdefs>Data provider</attrdefs><attrdomv><udom>Flag whether biopsy was sampled (blank)</udom></attrdomv></attr><attr><attrlabl>birds</attrlabl><attrdef>Flag whether birds were observed (blank)</attrdef><attrdefs>Data provider</attrdefs><attrdomv><udom>Flag whether birds were observed (blank)</udom></attrdomv></attr><attr><attrlabl>calvespresent</attrlabl><attrdef>Flag whether calves were present (blank)</attrdef><attrdefs>Data provider</attrdefs><attrdomv><udom>Flag whether calves were present (blank)</udom></attrdomv></attr><attr><attrlabl>countcalves</attrlabl><attrdef>Number of calves (blank)</attrdef><attrdefs>Data provider</attrdefs><attrdomv><udom>Number of calves (blank)</udom></attrdomv></attr><attr><attrlabl>countfemales</attrlabl><attrdef>Number of femals (blank)</attrdef><attrdefs>Data provider</attrdefs><attrdomv><udom>Number of femals (blank)</udom></attrdomv></attr><attr><attrlabl>countjuveniles</attrlabl><attrdef>Number of juvelines (blank)</attrdef><attrdefs>Data provider</attrdefs><attrdomv><udom>Number of juvelines (blank)</udom></attrdomv></attr><attr><attrlabl>countmales</attrlabl><attrdef>Number of males (blank)</attrdef><attrdefs>Data provider</attrdefs><attrdomv><udom>Number of males (blank)</udom></attrdomv></attr><attr><attrlabl>countnewborns</attrlabl><attrdef>Number of new borns (blank)</attrdef><attrdefs>Data provider</attrdefs><attrdomv><udom>Number of new borns (blank)</udom></attrdomv></attr><attr><attrlabl>counttotbest</attrlabl><attrdef>Best estimate of number of animals</attrdef><attrdefs>Data provider</attrdefs><attrdomv><rdom><rdommin>1</rdommin><rdommax>80</rdommax></rdom></attrdomv></attr><attr><attrlabl>counttotmax</attrlabl><attrdef>Maximum estimate of number of animals (blank)</attrdef><attrdefs>Data provider</attrdefs><attrdomv><udom>Maximum estimate of number of animals (blank)</udom></attrdomv></attr><attr><attrlabl>counttotmin</attrlabl><attrdef>Minimum estimate of number of animals (blank)</attrdef><attrdefs>Data provider</attrdefs><attrdomv><udom>Minimum estimate of number of animals (blank)</udom></attrdomv></attr><attr><attrlabl>countvescargo</attrlabl><attrdef>Number of cargo vessels (blank)</attrdef><attrdefs>Data provider</attrdefs><attrdomv><udom>Number of cargo vessels (blank)</udom></attrdomv></attr><attr><attrlabl>countvesferries</attrlabl><attrdef>Number of ferries (blank)</attrdef><attrdefs>Data provider</attrdefs><attrdomv><udom>Number of ferries (blank)</udom></attrdomv></attr><attr><attrlabl>countvesfishing</attrlabl><attrdef>Number of fishing vessels (blank)</attrdef><attrdefs>Data provider</attrdefs><attrdomv><udom>Number of fishing vessels (blank)</udom></attrdomv></attr><attr><attrlabl>countvesmilitary</attrlabl><attrdef>Number of military vessels (blank)</attrdef><attrdefs>Data provider</attrdefs><attrdomv><udom>Number of military vessels (blank)</udom></attrdomv></attr><attr><attrlabl>countvesmotoryachts</attrlabl><attrdef>Number of yachts (blank)</attrdef><attrdefs>Data provider</attrdefs><attrdomv><udom>Number of yachts (blank)</udom></attrdomv></attr><attr><attrlabl>countvessailing</attrlabl><attrdef>Number of sailing vessels (blank)</attrdef><attrdefs>Data provider</attrdefs><attrdomv><udom>Number of sailing vessels (blank)</udom></attrdomv></attr><attr><attrlabl>countvesother</attrlabl><attrdef>Number of other vessels (blank)</attrdef><attrdefs>Data provider</attrdefs><attrdomv><udom>Number of other vessels (blank)</udom></attrdomv></attr><attr><attrlabl>cue</attrlabl><attrdef>Sighingt cue (blank)</attrdef><attrdefs>Data provider</attrdefs><attrdomv><udom>Sighingt cue (blank)</udom></attrdomv></attr><attr><attrlabl>datetime</attrlabl><attrdef>Date and time of the sighting at local time zone</attrdef><attrdefs>Data provider</attrdefs><attrdomv><rdom><rdommin>2014-02-01 14:21:00</rdommin><rdommax>2014-02-10 14:22:00</rdommax></rdom></attrdomv></attr><attr><attrlabl>depth</attrlabl><attrdef>Depth (blank)</attrdef><attrdefs>Data provider</attrdefs><attrdomv><udom>Depth (blank)</udom></attrdomv></attr><attr><attrlabl>depthsounding</attrlabl><attrdef>definition not provided</attrdef><attrdefs>Data provider</attrdefs><attrdomv><udom>definition not provided</udom></attrdomv></attr><attr><attrlabl>dispmax</attrlabl><attrdef>definition not provided</attrdef><attrdefs>Data provider</attrdefs><attrdomv><udom>definition not provided</udom></attrdomv></attr><attr><attrlabl>dispmin</attrlabl><attrdef>definition not provided</attrdef><attrdefs>Data provider</attrdefs><attrdomv><udom>definition not provided</udom></attrdomv></attr><attr><attrlabl>distsight</attrlabl><attrdef>Distance to sighting (blank)</attrdef><attrdefs>Data provider</attrdefs><attrdomv><udom>Distance to sighting (blank)</udom></attrdomv></attr><attr><attrlabl>distsightperp</attrlabl><attrdef>Perpendicular distance to sighting (blank)</attrdef><attrdefs>Data provider</attrdefs><attrdomv><udom>Perpendicular distance to sighting (blank)</udom></attrdomv></attr><attr><attrlabl>effortstatus</attrlabl><attrdef>Effort status (ON/OFF)</attrdef><attrdefs>Data provider</attrdefs><attrdomv><udom>Effort status (ON/OFF)</udom></attrdomv></attr><attr><attrlabl>flightofday</attrlabl><attrdef>Flight days (blank)</attrdef><attrdefs>Data provider</attrdefs><attrdomv><udom>Flight days (blank)</udom></attrdomv></attr><attr><attrlabl>glare</attrlabl><attrdef>Glare (blank)</attrdef><attrdefs>Data provider</attrdefs><attrdomv><udom>Glare (blank)</udom></attrdomv></attr><attr><attrlabl>glareleft</attrlabl><attrdef>Glare at left side (blank)</attrdef><attrdefs>Data provider</attrdefs><attrdomv><udom>Glare at left side (blank)</udom></attrdomv></attr><attr><attrlabl>glareright</attrlabl><attrdef>Glare at right side (blank)</attrdef><attrdefs>Data provider</attrdefs><attrdomv><udom>Glare at right side (blank)</udom></attrdomv></attr><attr><attrlabl>groupid</attrlabl><attrdef>Group ID (blank)</attrdef><attrdefs>Data provider</attrdefs><attrdomv><udom>Group ID (blank)</udom></attrdomv></attr><attr><attrlabl>headinganimal</attrlabl><attrdef>Heading of animals (blank)</attrdef><attrdefs>Data provider</attrdefs><attrdomv><udom>Heading of animals (blank)</udom></attrdomv></attr><attr><attrlabl>headingplatmagnetic</attrlabl><attrdef>definition not provided</attrdef><attrdefs>Data provider</attrdefs><attrdomv><udom>definition not provided</udom></attrdomv></attr><attr><attrlabl>headingplattrue</attrlabl><attrdef>definition not provided</attrdef><attrdefs>Data provider</attrdefs><attrdomv><udom>definition not provided</udom></attrdomv></attr><attr><attrlabl>horizsun</attrlabl><attrdef>definition not provided</attrdef><attrdefs>Data provider</attrdefs><attrdomv><udom>definition not provided</udom></attrdomv></attr><attr><attrlabl>latanimal</attrlabl><attrdef>Latitude of animals (blank)</attrdef><attrdefs>Data provider</attrdefs><attrdomv><udom>Latitude of animals (blank)</udom></attrdomv></attr><attr><attrlabl>latplatform</attrlabl><attrdef>Latitude of the platform in decimal degrees</attrdef><attrdefs>Data provider</attrdefs><attrdomv><rdom><rdommin>21.8949300</rdommin><rdommax>22.2334200</rdommax></rdom></attrdomv></attr><attr><attrlabl>legid</attrlabl><attrdef>Leg ID (blank)</attrdef><attrdefs>Data provider</attrdefs><attrdomv><udom>Leg ID (blank)</udom></attrdomv></attr><attr><attrlabl>legnotes</attrlabl><attrdef>Leg notes (blank)</attrdef><attrdefs>Data provider</attrdefs><attrdomv><udom>Leg notes (blank)</udom></attrdomv></attr><attr><attrlabl>legnumber</attrlabl><attrdef>Leg number (blank)</attrdef><attrdefs>Data provider</attrdefs><attrdomv><udom>Leg number (blank)</udom></attrdomv></attr><attr><attrlabl>linearity</attrlabl><attrdef>Linearity (blank)</attrdef><attrdefs>Data provider</attrdefs><attrdomv><udom>Linearity (blank)</udom></attrdomv></attr><attr><attrlabl>longanimal</attrlabl><attrdef>Longitude of animals (blank)</attrdef><attrdefs>Data provider</attrdefs><attrdomv><udom>Longitude of animals (blank)</udom></attrdomv></attr><attr><attrlabl>longplatform</attrlabl><attrdef>Longitude of the platform in decimal degrees</attrdef><attrdefs>Data provider</attrdefs><attrdomv><rdom><rdommin>-159.9651800</rdommin><rdommax>-159.6168600</rdommax></rdom></attrdomv></attr><attr><attrlabl>mitigation</attrlabl><attrdef>Mitigation (blank)</attrdef><attrdefs>Data provider</attrdefs><attrdomv><udom>Mitigation (blank)</udom></attrdomv></attr><attr><attrlabl>mitigationtype</attrlabl><attrdef>Mitigation type (blank)</attrdef><attrdefs>Data provider</attrdefs><attrdomv><udom>Mitigation type (blank)</udom></attrdomv></attr><attr><attrlabl>navydirectedleg</attrlabl><attrdef>definition not provided</attrdef><attrdefs>Data provider</attrdefs><attrdomv><udom>definition not provided</udom></attrdomv></attr><attr><attrlabl>observer</attrlabl><attrdef>The observer who first sighted the animal (blank)</attrdef><attrdefs>Data provider</attrdefs><attrdomv><udom>The observer who first sighted the animal (blank)</udom></attrdomv></attr><attr><attrlabl>observeraft</attrlabl><attrdef>The observer aft (blank)</attrdef><attrdefs>Data provider</attrdefs><attrdomv><udom>The observer aft (blank)</udom></attrdomv></attr><attr><attrlabl>observercenter</attrlabl><attrdef>The observer center (blank)</attrdef><attrdefs>Data provider</attrdefs><attrdomv><udom>The observer center (blank)</udom></attrdomv></attr><attr><attrlabl>observerforward</attrlabl><attrdef>The observer forward (blank)</attrdef><attrdefs>Data provider</attrdefs><attrdomv><udom>The observer forward (blank)</udom></attrdomv></attr><attr><attrlabl>observerleft</attrlabl><attrdef>The observer left (blank)</attrdef><attrdefs>Data provider</attrdefs><attrdomv><udom>The observer left (blank)</udom></attrdomv></attr><attr><attrlabl>observerright</attrlabl><attrdef>The observer right (blank)</attrdef><attrdefs>Data provider</attrdefs><attrdomv><udom>The observer right (blank)</udom></attrdomv></attr><attr><attrlabl>observerrearleft</attrlabl><attrdef>The observer rear left (blank)</attrdef><attrdefs>Data provider</attrdefs><attrdomv><udom>The observer rear left (blank)</udom></attrdomv></attr><attr><attrlabl>observerrearright</attrlabl><attrdef>The observer rear right (blank)</attrdef><attrdefs>Data provider</attrdefs><attrdomv><udom>The observer rear right (blank)</udom></attrdomv></attr><attr><attrlabl>ocean</attrlabl><attrdef>Ocean (always Pacific)</attrdef><attrdefs>Data provider</attrdefs><attrdomv><udom>Ocean (always Pacific)</udom></attrdomv></attr><attr><attrlabl>opticstype</attrlabl><attrdef>Optic type (blank)</attrdef><attrdefs>Data provider</attrdefs><attrdomv><udom>Optic type (blank)</udom></attrdomv></attr><attr><attrlabl>ordnance</attrlabl><attrdef>definition not provided</attrdef><attrdefs>Data provider</attrdefs><attrdomv><udom>definition not provided</udom></attrdomv></attr><attr><attrlabl>percentcloudcover</attrlabl><attrdef>Cloud cover in percent (blank)</attrdef><attrdefs>Data provider</attrdefs><attrdomv><udom>Cloud cover in percent (blank)</udom></attrdomv></attr><attr><attrlabl>percentcloudcoverleft</attrlabl><attrdef>Cloud cover at left side in percent (blank)</attrdef><attrdefs>Data provider</attrdefs><attrdomv><udom>Cloud cover at left side in percent (blank)</udom></attrdomv></attr><attr><attrlabl>percentcloudcoverright</attrlabl><attrdef>Cloud cover at right side in percent (blank)</attrdef><attrdefs>Data provider</attrdefs><attrdomv><udom>Cloud cover at right side in percent (blank)</udom></attrdomv></attr><attr><attrlabl>photoframes</attrlabl><attrdef>Photo frame ID (blank)</attrdef><attrdefs>Data provider</attrdefs><attrdomv><udom>Photo frame ID (blank)</udom></attrdomv></attr><attr><attrlabl>photographer</attrlabl><attrdef>Photographer (blank)</attrdef><attrdefs>Data provider</attrdefs><attrdomv><udom>Photographer (blank)</udom></attrdomv></attr><attr><attrlabl>photos</attrlabl><attrdef>Flag whether photos were taken (Y or N)</attrdef><attrdefs>Data provider</attrdefs><attrdomv><udom>Flag whether photos were taken (Y or N)</udom></attrdomv></attr><attr><attrlabl>pic</attrlabl><attrdef>definition not provided</attrdef><attrdefs>Data provider</attrdefs><attrdomv><udom>definition not provided</udom></attrdomv></attr><attr><attrlabl>platformded</attrlabl><attrdef>definition not provided</attrdef><attrdefs>Data provider</attrdefs><attrdomv><udom>definition not provided</udom></attrdomv></attr><attr><attrlabl>platformmodel</attrlabl><attrdef>definition not provided</attrdef><attrdefs>Data provider</attrdefs><attrdomv><udom>definition not provided</udom></attrdomv></attr><attr><attrlabl>platformspeed</attrlabl><attrdef>Platform speed (blank)</attrdef><attrdefs>Data provider</attrdefs><attrdomv><udom>Platform speed (blank)</udom></attrdomv></attr><attr><attrlabl>platformtype</attrlabl><attrdef>Platform type (always Vessel)</attrdef><attrdefs>Data provider</attrdefs><attrdomv><udom>Platform type (always Vessel)</udom></attrdomv></attr><attr><attrlabl>rangecomplex</attrlabl><attrdef>Range complex (always HRC)</attrdef><attrdefs>Data provider</attrdefs><attrdomv><udom>Range complex (always HRC)</udom></attrdomv></attr><attr><attrlabl>reactioninit</attrlabl><attrdef>Initial reaction (blank)</attrdef><attrdefs>Data provider</attrdefs><attrdomv><udom>Initial reaction (blank)</udom></attrdomv></attr><attr><attrlabl>reactioninitcount</attrlabl><attrdef>definition not provided</attrdef><attrdefs>Data provider</attrdefs><attrdomv><udom>definition not provided</udom></attrdomv></attr><attr><attrlabl>reactionlater</attrlabl><attrdef>Reaction later (blank)</attrdef><attrdefs>Data provider</attrdefs><attrdomv><udom>Reaction later (blank)</udom></attrdomv></attr><attr><attrlabl>reactionlatercount</attrlabl><attrdef>definition not provided</attrdef><attrdefs>Data provider</attrdefs><attrdomv><udom>definition not provided</udom></attrdomv></attr><attr><attrlabl>recorder</attrlabl><attrdef>Recorder (blank)</attrdef><attrdefs>Data provider</attrdefs><attrdomv><udom>Recorder (blank)</udom></attrdomv></attr><attr><attrlabl>recorderfocal</attrlabl><attrdef>definition not provided</attrdef><attrdefs>Data provider</attrdefs><attrdomv><udom>definition not provided</udom></attrdomv></attr><attr><attrlabl>reorientationrate</attrlabl><attrdef>definition not provided</attrdef><attrdefs>Data provider</attrdefs><attrdomv><udom>definition not provided</udom></attrdomv></attr><attr><attrlabl>resolution</attrlabl><attrdef>definition not provided</attrdef><attrdefs>Data provider</attrdefs><attrdomv><udom>definition not provided</udom></attrdomv></attr><attr><attrlabl>shoredist</attrlabl><attrdef>Distance to shore (blank)</attrdef><attrdefs>Data provider</attrdefs><attrdomv><udom>Distance to shore (blank)</udom></attrdomv></attr><attr><attrlabl>sic</attrlabl><attrdef>definition not provided</attrdef><attrdefs>Data provider</attrdefs><attrdomv><udom>definition not provided</udom></attrdomv></attr><attr><attrlabl>sightingdetectionsensor</attrlabl><attrdef>definition not provided</attrdef><attrdefs>Data provider</attrdefs><attrdomv><udom>definition not provided</udom></attrdomv></attr><attr><attrlabl>sightingendloe</attrlabl><attrdef>definition not provided</attrdef><attrdefs>Data provider</attrdefs><attrdomv><udom>definition not provided</udom></attrdomv></attr><attr><attrlabl>sightingmethod</attrlabl><attrdef>Sighting method (blank)</attrdef><attrdefs>Data provider</attrdefs><attrdomv><udom>Sighting method (blank)</udom></attrdomv></attr><attr><attrlabl>sightingmulti</attrlabl><attrdef>definition not provided</attrdef><attrdefs>Data provider</attrdefs><attrdomv><udom>definition not provided</udom></attrdomv></attr><attr><attrlabl>sightingnotes</attrlabl><attrdef>Sighting notes</attrdef><attrdefs>Data provider</attrdefs><attrdomv><udom>Sighting notes</udom></attrdomv></attr><attr><attrlabl>sightingnumber</attrlabl><attrdef>Sighting Number</attrdef><attrdefs>Data provider</attrdefs><attrdomv><rdom><rdommin>1</rdommin><rdommax>8</rdommax></rdom></attrdomv></attr><attr><attrlabl>sightingrelmovement</attrlabl><attrdef>definition not provided</attrdef><attrdefs>Data provider</attrdefs><attrdomv><udom>definition not provided</udom></attrdomv></attr><attr><attrlabl>sightingtimeend</attrlabl><attrdef>End time of sighting (blank)</attrdef><attrdefs>Data provider</attrdefs><attrdomv><udom>End time of sighting (blank)</udom></attrdomv></attr><attr><attrlabl>sightingtrialloe</attrlabl><attrdef>definition not provided</attrdef><attrdefs>Data provider</attrdefs><attrdomv><udom>definition not provided</udom></attrdomv></attr><attr><attrlabl>slope</attrlabl><attrdef>Slope (blank)</attrdef><attrdefs>Data provider</attrdefs><attrdomv><udom>Slope (blank)</udom></attrdomv></attr><attr><attrlabl>sonar</attrlabl><attrdef>definition not provided</attrdef><attrdefs>Data provider</attrdefs><attrdomv><udom>definition not provided</udom></attrdomv></attr><attr><attrlabl>spcscode</attrlabl><attrdef>Species code by provider</attrdef><attrdefs>Data provider</attrdefs><attrdomv><udom>Species code by provider</udom></attrdomv></attr><attr><attrlabl>spcsconfidence</attrlabl><attrdef>definition not provided</attrdef><attrdefs>Data provider</attrdefs><attrdomv><udom>definition not provided</udom></attrdomv></attr><attr><attrlabl>spcshauledout</attrlabl><attrdef>definition not provided</attrdef><attrdefs>Data provider</attrdefs><attrdomv><udom>definition not provided</udom></attrdomv></attr><attr><attrlabl>spcsitis</attrlabl><attrdef>ITIS Taxonomic serial number</attrdef><attrdefs>Data provider</attrdefs><attrdomv><rdom><rdommin>180404</rdommin><rdommax>180530</rdommax></rdom></attrdomv></attr><attr><attrlabl>spcsnmcom</attrlabl><attrdef>Common name</attrdef><attrdefs>Data provider</attrdefs><attrdomv><udom>Common name</udom></attrdomv></attr><attr><attrlabl>spcsnmsci</attrlabl><attrdef>Scientific name</attrdef><attrdefs>Data provider</attrdefs><attrdomv><udom>Scientific name</udom></attrdomv></attr><attr><attrlabl>surveyid</attrlabl><attrdef>Survey ID</attrdef><attrdefs>Data provider</attrdefs><attrdomv><udom>Survey ID</udom></attrdomv></attr><attr><attrlabl>surveymode</attrlabl><attrdef>Survey mode</attrdef><attrdefs>Data provider</attrdefs><attrdomv><udom>Survey mode</udom></attrdomv></attr><attr><attrlabl>surveyobjective</attrlabl><attrdef>Survey objective</attrdef><attrdefs>Data provider</attrdefs><attrdomv><udom>Survey objective</udom></attrdomv></attr><attr><attrlabl>surveypoint</attrlabl><attrdef>Survey point (blank)</attrdef><attrdefs>Data provider</attrdefs><attrdomv><udom>Survey point (blank)</udom></attrdomv></attr><attr><attrlabl>surveytype</attrlabl><attrdef>Survey type</attrdef><attrdefs>Data provider</attrdefs><attrdomv><udom>Survey type</udom></attrdomv></attr><attr><attrlabl>swell</attrlabl><attrdef>Swell (blank)</attrdef><attrdefs>Data provider</attrdefs><attrdomv><udom>Swell (blank)</udom></attrdomv></attr><attr><attrlabl>swelldirection</attrlabl><attrdef>Swell direction (blank)</attrdef><attrdefs>Data provider</attrdefs><attrdomv><udom>Swell direction (blank)</udom></attrdomv></attr><attr><attrlabl>tagging</attrlabl><attrdef>Flag for tagging</attrdef><attrdefs>Data provider</attrdefs><attrdomv><udom>Flag for tagging</udom></attrdomv></attr><attr><attrlabl>taggingnotes</attrlabl><attrdef>Notes on tagging</attrdef><attrdefs>Data provider</attrdefs><attrdomv><udom>Notes on tagging</udom></attrdomv></attr><attr><attrlabl>taggingtagnumber</attrlabl><attrdef>Tag number</attrdef><attrdefs>Data provider</attrdefs><attrdomv><udom>Tag number</udom></attrdomv></attr><attr><attrlabl>taggingtagtype</attrlabl><attrdef>Tag type</attrdef><attrdefs>Data provider</attrdefs><attrdomv><udom>Tag type</udom></attrdomv></attr><attr><attrlabl>theoconvhorz</attrlabl><attrdef>definition not provided</attrdef><attrdefs>Data provider</attrdefs><attrdomv><udom>definition not provided</udom></attrdomv></attr><attr><attrlabl>theoconvvert</attrlabl><attrdef>definition not provided</attrdef><attrdefs>Data provider</attrdefs><attrdomv><udom>definition not provided</udom></attrdomv></attr><attr><attrlabl>theorawhorz</attrlabl><attrdef>definition not provided</attrdef><attrdefs>Data provider</attrdefs><attrdomv><udom>definition not provided</udom></attrdomv></attr><attr><attrlabl>theorawvert</attrlabl><attrdef>definition not provided</attrdef><attrdefs>Data provider</attrdefs><attrdomv><udom>definition not provided</udom></attrdomv></attr><attr><attrlabl>vertangleorreticle</attrlabl><attrdef>definition not provided</attrdef><attrdefs>Data provider</attrdefs><attrdomv><udom>definition not provided</udom></attrdomv></attr><attr><attrlabl>vertsun</attrlabl><attrdef>definition not provided</attrdef><attrdefs>Data provider</attrdefs><attrdomv><udom>definition not provided</udom></attrdomv></attr><attr><attrlabl>vesselsize</attrlabl><attrdef>definition not provided</attrdef><attrdefs>Data provider</attrdefs><attrdomv><udom>definition not provided</udom></attrdomv></attr><attr><attrlabl>vesseltype</attrlabl><attrdef>definition not provided</attrdef><attrdefs>Data provider</attrdefs><attrdomv><udom>definition not provided</udom></attrdomv></attr><attr><attrlabl>video</attrlabl><attrdef>Video (blank)</attrdef><attrdefs>Data provider</attrdefs><attrdomv><udom>Video (blank)</udom></attrdomv></attr><attr><attrlabl>videographer</attrlabl><attrdef>definition not provided</attrdef><attrdefs>Data provider</attrdefs><attrdomv><udom>definition not provided</udom></attrdomv></attr><attr><attrlabl>visibility</attrlabl><attrdef>Visibility code (blank)</attrdef><attrdefs>Data provider</attrdefs><attrdomv><udom>Visibility code (blank)</udom></attrdomv></attr><attr><attrlabl>visibilityleft</attrlabl><attrdef>definition not provided</attrdef><attrdefs>Data provider</attrdefs><attrdomv><udom>definition not provided</udom></attrdomv></attr><attr><attrlabl>visibilityright</attrlabl><attrdef>definition not provided</attrdef><attrdefs>Data provider</attrdefs><attrdomv><udom>definition not provided</udom></attrdomv></attr><attr><attrlabl>waveheight</attrlabl><attrdef>definition not provided</attrdef><attrdefs>Data provider</attrdefs><attrdomv><udom>definition not provided</udom></attrdomv></attr><attr><attrlabl>winddirection</attrlabl><attrdef>definition not provided</attrdef><attrdefs>Data provider</attrdefs><attrdomv><udom>definition not provided</udom></attrdomv></attr><attr><attrlabl>windspeed</attrlabl><attrdef>Wind speed (blank)</attrdef><attrdefs>Data provider</attrdefs><attrdomv><udom>Wind speed (blank)</udom></attrdomv></attr><attr><attrlabl>geom</attrlabl><attrdef>Geometry field added by OBIS-SEAMAP</attrdef><attrdefs>Data provider</attrdefs><attrdomv><udom>Geometry field added by OBIS-SEAMAP</udom></attrdomv></attr></detailed><overview><eaover>This section explains attributes included in the original dataset.&#13;
OBIS-SEAMAP restricts the attributes available to the public to date/time, lat/lon and species names/counts only.&#13;
Should you need other attributes described here, you are encouraged to contact the data provider.</eaover><eadetcit>HDR Environmental, Operations and Construction, Inc.</eadetcit></overview>
	</eainfo><distinfo>
	<distrib>
		<cntinfo>
			<cntorgp>
				<cntorg>Nicholas School of Environment, Duke Univ.</cntorg>
				<cntper>OBIS-SEAMAP</cntper>
			</cntorgp>
			<cntaddr>
				<addrtype>mailing and physical address</addrtype>
				<address>A328, LSRC</address><city>Durham</city><state>NC</state><postal>27708</postal><country>USA</country>
			</cntaddr>
			<cntvoice>919-613-8021</cntvoice>
			<cntemail>seamap-contact@duke.edu</cntemail>
		</cntinfo>
	</distrib><resdesc>OBIS-SEAMAP Dataset ID 1958</resdesc><distliab>Not to hold OBIS-SEAMAP liable for errors in the data. While we have made every effort to ensure the quality of the database, we cannot guarantee the accuracy of these datasets.&#13;
Also please refer to Use Constraints.</distliab>
	<stdorder>
		<digform>
			<digtinfo>
				<formname>CSV and ESRI shapefile</formname></digtinfo>
			<digtopt>
				<onlinopt>
					<computer>
						<networka>
							<networkr>OBIS-SEAMAP</networkr>
						</networka>
					</computer>
				</onlinopt>
			</digtopt>
		</digform>
		<fees>Free</fees>
		<ordering>Go to the OBIS-SEAMAP web site.</ordering>
	</stdorder>
	

	
</distinfo><metainfo>
	<metd>20231107</metd><metrd>20231107</metrd><metc>
		<cntinfo><cntperp>
	<cntper>Ei Fujioka</cntper>
	<cntorg>Nicholas School, Duke University</cntorg></cntperp><cntaddr><addrtype>mailing and physical address</addrtype><address>A328, LSRC</address><city>Durham</city><state>NC</state><postal>27708</postal><country>USA</country></cntaddr>
			<cntvoice>919-613-8021</cntvoice>
			<cntemail>seamap-contact@duke.edu</cntemail>
			</cntinfo>
	</metc><metstdn>FGDC Content Standards for Digital Geospatial Metadata</metstdn><metstdv>FGDC-STD-001-1998</metstdv><mettc>local time</mettc>
	
	
	
	
	<metextns><onlink>http://www.nbii.gov/</onlink><metprof>Biological Data Profile</metprof></metextns>
	
	</metainfo>
	
</metadata>
