<?xml version="1.0" encoding="UTF-8"?>
<metadata xml:lang="en">
<idinfo>
	<citation>
		<citeinfo>
		<origin>Ampela, K. and G. Miller-Francisco</origin><pubdate>2016</pubdate><title>MIRC KB23 Shoreline Surveys May 2013</title><geoform>vector digital data</geoform><serinfo><sername>OBIS-SEAMAP</sername><issue>1397</issue></serinfo><pubinfo><pubplace>http://seamap.env.duke.edu/dataset/1397</pubplace><publish>OBIS-SEAMAP</publish></pubinfo><onlink>http://seamap.env.duke.edu/dataset/1397</onlink></citeinfo>
	</citation><descript>
	<abstract>Features in this feature class represent animal sightings recorded during a 10-day shore-based marine mammal survey in the Mariana Islands. Observations were conducted from two separate vantage points, both located on Andersen Air Force Base on the northeast coast of Guam. Survey dates were 11-20 May 2013. Work was performed under HDR task order KB23 (IDIQ contract award N62470-10-D-3011, NAVFAC LANT). There are two discrepancies between the sighting totals in the KB23 Guam Shore Station Feasibility report and this GIS dataseta. First, there is one unidentified cetacean sighting (5/18/2013 10:26:38AM) in the GIS data that was inadvertantly omitted in the report. Second, due to a typo, the longitude for the Unid Hardshell turtle sighting on 5/14/2013 11:30:00 AM is incorrectly listed in the report. It has been corrected in the GIS data and maps.</abstract><purpose>Please contact data provider</purpose></descript><timeperd><timeinfo><rngdates><begdate>20130511</begdate><enddate>20130520</enddate></rngdates></timeinfo><current>ground condition</current></timeperd><status><progress>Complete</progress><update>None planned</update></status><spdom><descgeog>Pacific</descgeog><bounding><westbc>144.86983</westbc><eastbc>145.016141</eastbc><northbc>13.710021</northbc><southbc>13.553078</southbc></bounding>
	</spdom><keywords><theme><themekt>None</themekt><themekey>Marine Animal Survey</themekey><themekey>Marine Biology</themekey><themekey>Marine mammals</themekey><themekey>Sea turtles</themekey><themekey>Visual Sighting</themekey><themekey>Land-based</themekey></theme><place><placekt>None</placekt><placekey>Pacific</placekey></place></keywords><taxonomy><keywtax><taxonkt>Taxon covered</taxonkt><taxonkey>Marine mammals</taxonkey><taxonkey>Sea turtles</taxonkey></keywtax><taxonsys><classsys><classcit><citeinfo><origin>Integrated Taxonomic Information System</origin><pubdate>Unknown</pubdate><title>Integrated Taxonomic Information System</title><geoform>Not applicable</geoform><othercit>Downloaded April, 2004</othercit><onlink>http://www.itis.usda.gov/</onlink></citeinfo></classcit></classsys><ider><cntinfo><cntperp><cntper>Refer to the contact information of the dataset</cntper><cntorg>Refer to the contact information of the dataset</cntorg></cntperp><cntaddr><addrtype>mailing and physical address</addrtype><address>Refer to the contact information of the dataset</address><city>Refer to the contact information of the dataset</city><state>Refer to the contact information of the dataset</state><postal>Refer to the contact information of the dataset</postal><country>Refer to the contact information of the dataset</country></cntaddr><cntvoice>Not provided</cntvoice></cntinfo></ider><taxonpro>Identified by observers or researchers conducting the survey</taxonpro></taxonsys><taxoncl><taxonrn>Kingdom</taxonrn><taxonrv>Animalia</taxonrv><taxoncl><taxonrn>Phylum</taxonrn><taxonrv>Chordata</taxonrv><taxoncl><taxonrn>Subphylum</taxonrn><taxonrv>Vertebrata</taxonrv><taxoncl><taxonrn>Class</taxonrn><taxonrv>Mammalia</taxonrv><taxoncl><taxonrn>Subclass</taxonrn><taxonrv>Theria</taxonrv><taxoncl><taxonrn>Infraclass</taxonrn><taxonrv>Eutheria</taxonrv><taxoncl><taxonrn>Order</taxonrn><taxonrv>Cetacea</taxonrv><taxoncl><taxonrn>Suborder</taxonrn><taxonrv>Odontoceti</taxonrv><taxoncl><taxonrn>Family</taxonrn><taxonrv>Delphinidae</taxonrv><taxoncl><taxonrn>Genus</taxonrn><taxonrv>Globicephala</taxonrv><taxoncl><taxonrn>Species</taxonrn><taxonrv>Globicephala macrorhynchus</taxonrv></taxoncl></taxoncl><taxoncl><taxonrn>Genus</taxonrn><taxonrv>Stenella</taxonrv><taxoncl><taxonrn>Species</taxonrn><taxonrv>Stenella longirostris</taxonrv></taxoncl></taxoncl></taxoncl></taxoncl></taxoncl></taxoncl></taxoncl></taxoncl><taxoncl><taxonrn>Class</taxonrn><taxonrv>Reptilia</taxonrv><taxoncl><taxonrn>Order</taxonrn><taxonrv>Testudines</taxonrv><taxoncl><taxonrn>Suborder</taxonrn><taxonrv>Cryptodira</taxonrv><taxoncl><taxonrn>Superfamily</taxonrn><taxonrv>Chelonioidea</taxonrv><taxoncl><taxonrn>Family</taxonrn><taxonrv>Cheloniidae</taxonrv><taxoncl><taxonrn>Subfamily</taxonrn><taxonrv>Cheloniinae</taxonrv><taxoncl><taxonrn>Genus</taxonrn><taxonrv>Chelonia</taxonrv><taxoncl><taxonrn>Species</taxonrn><taxonrv>Chelonia mydas</taxonrv></taxoncl></taxoncl></taxoncl></taxoncl></taxoncl></taxoncl></taxoncl></taxoncl></taxoncl></taxoncl></taxoncl></taxonomy>
	<accconst>Open public unless otherwise noted. See Use Constraints for details.</accconst>
	<useconst>Provider specific constraints:&#13;
Data use constraints are consistent with those outlined in Appendix B (Data Use Agreement) for NAVFAC contract N62470-10-D-3011.&#13;
&#13;
OBIS-SEAMAP standard constraints:&#13;
1. Not to use data obtained from OBIS-SEAMAP in any &#13;
publication, product, or commercial application without proper attribution to the original data provider(s) and OBIS-SEAMAP unless the datasets are explicitly shown under the CC0 policy. Citations or credits are suggested as attribution. If the data you downloaded come from multiple datasets, a citation or credit to each of the datasets is required.&#13;
&#13;
Suggested citation for this dataset:&#13;
&#13;
Ampela, K. and G. Miller-Francisco. 2016. MIRC KB23 Shoreline Surveys May 2013. Data downloaded from OBIS-SEAMAP (http://seamap.env.duke.edu/dataset/1397) on yyyy-mm-dd.&#13;
&#13;
Suggested citation for OBIS-SEAMAP:&#13;
&#13;
Halpin, P.N., A.J. Read, E. Fujioka, B.D. Best, B. Donnelly, L.J. Hazen, C. Kot, K. Urian, E. LaBrecque, A. Dimatteo, J. Cleary, C. Good, L.B. Crowder, and K.D. Hyrenbach. 2009. OBIS-SEAMAP: The world data center for marine mammal, sea bird, and sea turtle distributions. Oceanography 22(2):104-115&#13;
&#13;
2. To forward the citation of any publication / report that made use of the data / tools provided by OBIS-SEAMAP for inclusion in our list of references.&#13;
&#13;
3. Not to hold OBIS-SEAMAP or the original data providers liable for errors in the data. While we have made every effort to ensure the quality of the database, we cannot guarantee the accuracy of these datasets. &#13;
&#13;
4. The burden for determining fitness for use of the downloaded data for any analyses lies entirely with the user. OBIS-SEAMAP or the original data providers do not support outcomes of your analyses that used the data you downloaded from OBIS-SEAMAP.&#13;
&#13;
5. To consider inclusion of the accompanying transect (effort) dataset if available into the methodology of your analyses.&#13;
&#13;
6. Not to redistribute the data you downloaded from OBIS-SEAMAP through any media without contect from OBIS-SEAMAP and the original data providers unless the datasets are explicitly shown under the CC0 policy.</useconst>
	<ptcontac>
		<cntinfo>
			<cntperp><cntper>Grant Miller-Francisco; Kristen Ampela</cntper><cntorg>HDR Environmental, Operations and Construction, Inc.; HDR Environmental, Operations and Construction, Inc.</cntorg></cntperp>
			<cntaddr>
				<addrtype>mailing and physical address</addrtype>
			<address>415 Williamson Way; 8690 Balboa Avenue Suite 200</address><city>Ashland; San Diego</city><state>OR; CA</state><postal>97520; 92123</postal><country>United States; USA</country></cntaddr>
		<cntvoice>541.552.3108; 858-712-8261</cntvoice><cntemail>Grant.Francisco@hdrinc.com; Kristen.Ampela@hdrinc.com</cntemail></cntinfo>
	</ptcontac><datacred>The U.S. Navy Marine Species Monitoring Program</datacred>
	<native>Relational database</native>
	<crossref><citeinfo><origin>Halpin, P.N., A.J. Read, E. Fujioka, B.D. Best, B. Donnelly, L.J. Hazen, C. Kot, K. Urian, E. LaBrecque, A. Dimatteo, J. Cleary, C. Good, L.B. Crowder, and K.D. Hyrenbach</origin><pubdate>2009</pubdate><title>OBIS-SEAMAP: The world data center for marine mammal, sea bird, and sea turtle distributions</title><geoform>vector digital data</geoform><serinfo><sername>Oceanography</sername><issue>22(2):104-115</issue></serinfo><onlink>http://www.tos.org/oceanography/article/obis-seamap-the-world-data-center-for-marine-mammal-sea-bird-and-sea-turtle</onlink></citeinfo></crossref></idinfo>
	<dataqual>
		<attracc>
			<attraccr>All attributes were measured and recorded during the survey and validated by the data provider.</attraccr></attracc>
		<logic>Permissible values for date and time and coordinates were validated by the data provider and the OBIS-SEAMAP data manager. Species identification by the data provider was matched with Integrated Taxonomic Information System.</logic>
		<complete>All observation records are included.</complete><lineage><procstep><procdesc>Data were put through the OBIS-SEAMAP data registration steps.</procdesc><procdate>20160803</procdate></procstep></lineage></dataqual><spdoinfo><direct>Point</direct></spdoinfo><spref><horizsys><geograph>
				<latres>1e-06</latres><longres>1e-06</longres><geogunit>Decimal degrees</geogunit></geograph>
			<geodetic><horizdn>D_WGS_1984</horizdn><ellips>WGS_1984</ellips>
				<semiaxis>6378137.000000</semiaxis><denflat>298.257224</denflat></geodetic></horizsys></spref>

<eainfo><detailed><enttyp><enttypl>Biogeographic data</enttypl><enttypd>Biogeographic data</enttypd><enttypds>Not applicable</enttypds></enttyp><attr><attrlabl>oid</attrlabl><attrdef>Unique ID number (generated by OBIS-SEAMAP)</attrdef><attrdefs>Data provider</attrdefs><attrdomv><udom>Unique ID number (generated by OBIS-SEAMAP)</udom></attrdomv></attr><attr><attrlabl>objectid</attrlabl><attrdef>Unique ID number</attrdef><attrdefs>Data provider</attrdefs><attrdomv><rdom><rdommin>1</rdommin><rdommax>48</rdommax></rdom></attrdomv></attr><attr><attrlabl>altitudem</attrlabl><attrdef>The altitude of the observation platform (plane, vessel bridge, etc) above sea level in meters</attrdef><attrdefs>Data provider</attrdefs><attrdomv><rdom><rdommin>158.360</rdommin><rdommax>192.920</rdommax></rdom></attrdomv></attr><attr><attrlabl>bearing</attrlabl><attrdef>Relative bearing from the platform to the sighting, where the front of the platform is zero degrees. Formats include clock face, degrees, etc.</attrdef><attrdefs>Data provider</attrdefs><attrdomv><rdom><rdommin>10.20416666800730</rdommin><rdommax>355.00000000000000</rdommax></rdom></attrdomv></attr><attr><attrlabl>beaufortscale</attrlabl><attrdef>Beaufort sea state (0-12)</attrdef><attrdefs>Data provider</attrdefs><attrdomv><rdom/></attrdomv></attr><attr><attrlabl>beheventinitfld</attrlabl><attrdef>The behavior event as it was identified in the field</attrdef><attrdefs>Data provider</attrdefs><attrdomv><udom>The behavior event as it was identified in the field</udom></attrdomv></attr><attr><attrlabl>calvespercent</attrlabl><attrdef>Are calves present? Use notes field to indicate number of calves present.</attrdef><attrdefs>Data provider</attrdefs><attrdomv><udom>Are calves present? Use notes field to indicate number of calves present.</udom></attrdomv></attr><attr><attrlabl>contract</attrlabl><attrdef>Funding Source</attrdef><attrdefs>Data provider</attrdefs><attrdomv><udom>Funding Source</udom></attrdomv></attr><attr><attrlabl>countcalves</attrlabl><attrdef>The number of calves in the sighting</attrdef><attrdefs>Data provider</attrdefs><attrdomv><rdom><rdommin>0</rdommin><rdommax>3</rdommax></rdom></attrdomv></attr><attr><attrlabl>counttotbest</attrlabl><attrdef>The best estimate of the number of animals in the sighting</attrdef><attrdefs>Data provider</attrdefs><attrdomv><rdom><rdommin>1</rdommin><rdommax>130</rdommax></rdom></attrdomv></attr><attr><attrlabl>counttotmax</attrlabl><attrdef>The highest estimate of the number of animals in the sighting</attrdef><attrdefs>Data provider</attrdefs><attrdomv><rdom><rdommin>1</rdommin><rdommax>130</rdommax></rdom></attrdomv></attr><attr><attrlabl>counttotmin</attrlabl><attrdef>The lowest estimate of the number of animals in the sighting</attrdef><attrdefs>Data provider</attrdefs><attrdomv><rdom><rdommin>1</rdommin><rdommax>100</rdommax></rdom></attrdomv></attr><attr><attrlabl>declangle</attrlabl><attrdef>The angle from the horizon at which the animal was sighted (aerial surveys only)</attrdef><attrdefs>Data provider</attrdefs><attrdomv><rdom><rdommin>1.3569444440</rdommin><rdommax>96.0000000000</rdommax></rdom></attrdomv></attr><attr><attrlabl>effortobs</attrlabl><attrdef>Whether the observers were actively looking for animals</attrdef><attrdefs>Data provider</attrdefs><attrdomv><udom>Whether the observers were actively looking for animals</udom></attrdomv></attr><attr><attrlabl>groupid</attrlabl><attrdef>Identifier for a particular group within a sighting</attrdef><attrdefs>Data provider</attrdefs><attrdomv><udom>Identifier for a particular group within a sighting</udom></attrdomv></attr><attr><attrlabl>headinganimal</attrlabl><attrdef>Heading of the animal at the time of the initial sighting (in degrees magnetic)</attrdef><attrdefs>Data provider</attrdefs><attrdomv><rdom><rdommin>0</rdommin><rdommax>355</rdommax></rdom></attrdomv></attr><attr><attrlabl>headingplatmagnetic</attrlabl><attrdef>Heading of the observation platform relative to magnetic North</attrdef><attrdefs>Data provider</attrdefs><attrdomv><rdom/></attrdomv></attr><attr><attrlabl>headingplattrue</attrlabl><attrdef>Heading of the observation platform relative to true North</attrdef><attrdefs>Data provider</attrdefs><attrdomv><rdom/></attrdomv></attr><attr><attrlabl>latanimal</attrlabl><attrdef>The calculated latitude of the animal at the initial time of the sighting in degrees</attrdef><attrdefs>Data provider</attrdefs><attrdomv><rdom><rdommin>13.5530780</rdommin><rdommax>13.7100210</rdommax></rdom></attrdomv></attr><attr><attrlabl>latplatform</attrlabl><attrdef>The latitude of the platform in decimal degrees</attrdef><attrdefs>Data provider</attrdefs><attrdomv><rdom><rdommin>13.5754730</rdommin><rdommax>13.5954200</rdommax></rdom></attrdomv></attr><attr><attrlabl>legnumber</attrlabl><attrdef>A unique identifier for the leg associated with the survey</attrdef><attrdefs>Data provider</attrdefs><attrdomv><udom>A unique identifier for the leg associated with the survey</udom></attrdomv></attr><attr><attrlabl>legtype</attrlabl><attrdef>The effort status of the platform for that survey leg (e.g., "circling", "transiting", "systematic", etc.)</attrdef><attrdefs>Data provider</attrdefs><attrdomv><udom>The effort status of the platform for that survey leg (e.g., "circling", "transiting", "systematic", etc.)</udom></attrdomv></attr><attr><attrlabl>longanimal</attrlabl><attrdef>The calculated longitude of the animal at the initial time of the sighting in degrees</attrdef><attrdefs>Data provider</attrdefs><attrdomv><rdom><rdommin>144.8698300</rdommin><rdommax>145.0161410</rdommax></rdom></attrdomv></attr><attr><attrlabl>longplatform</attrlabl><attrdef>The longitude of the platform in decimal degrees</attrdef><attrdefs>Data provider</attrdefs><attrdomv><rdom><rdommin>144.9455200</rdommin><rdommax>144.9461500</rdommax></rdom></attrdomv></attr><attr><attrlabl>observer</attrlabl><attrdef>The name of the observer who first sighted the animal</attrdef><attrdefs>Data provider</attrdefs><attrdomv><udom>The name of the observer who first sighted the animal</udom></attrdomv></attr><attr><attrlabl>observerleft</attrlabl><attrdef>Name of the observer on the left (port) side of the platform</attrdef><attrdefs>Data provider</attrdefs><attrdomv><udom>Name of the observer on the left (port) side of the platform</udom></attrdomv></attr><attr><attrlabl>observerright</attrlabl><attrdef>Name of the observer on the right (starboard) side of the platform</attrdef><attrdefs>Data provider</attrdefs><attrdomv><udom>Name of the observer on the right (starboard) side of the platform</udom></attrdomv></attr><attr><attrlabl>ocean</attrlabl><attrdef>The ocean where the survey took place (Pacific, Atlantic, Indian, etc.)</attrdef><attrdefs>Data provider</attrdefs><attrdomv><udom>The ocean where the survey took place (Pacific, Atlantic, Indian, etc.)</udom></attrdomv></attr><attr><attrlabl>percentcloudcover</attrlabl><attrdef>Cloud cover as represented by a percentage</attrdef><attrdefs>Data provider</attrdefs><attrdomv><rdom/></attrdomv></attr><attr><attrlabl>platformded</attrlabl><attrdef>Indicates if the survey was a dedicated marine mammal survey, or if data was gathered opportunistically from a platform on a different mission</attrdef><attrdefs>Data provider</attrdefs><attrdomv><udom>Indicates if the survey was a dedicated marine mammal survey, or if data was gathered opportunistically from a platform on a different mission</udom></attrdomv></attr><attr><attrlabl>platformtype</attrlabl><attrdef>Type of survey platform (e.g., "aerial", "vessel")</attrdef><attrdefs>Data provider</attrdefs><attrdomv><udom>Type of survey platform (e.g., "aerial", "vessel")</udom></attrdomv></attr><attr><attrlabl>rangecomplex</attrlabl><attrdef>The Range complex (or complexes) associated with the survey (JAX, SOCAL, Cherry Point, etc.)</attrdef><attrdefs>Data provider</attrdefs><attrdomv><udom>The Range complex (or complexes) associated with the survey (JAX, SOCAL, Cherry Point, etc.)</udom></attrdomv></attr><attr><attrlabl>reactioninit</attrlabl><attrdef>The type of reaction at the initial time of the sighting relative to the observation platform</attrdef><attrdefs>Data provider</attrdefs><attrdomv><udom>The type of reaction at the initial time of the sighting relative to the observation platform</udom></attrdomv></attr><attr><attrlabl>reactioninitcount</attrlabl><attrdef>The general count of animals that initially reacted to the observation platform. May be a number or text (i.e., "whole group")</attrdef><attrdefs>Data provider</attrdefs><attrdomv><udom>The general count of animals that initially reacted to the observation platform. May be a number or text (i.e., "whole group")</udom></attrdomv></attr><attr><attrlabl>reticle</attrlabl><attrdef>Reticle reading for calculation of sighting distance (vessel only)</attrdef><attrdefs>Data provider</attrdefs><attrdomv><rdom/></attrdomv></attr><attr><attrlabl>sightability</attrlabl><attrdef>The ability to see animals at the time of the sighting (poor, moderate, good, excellent)</attrdef><attrdefs>Data provider</attrdefs><attrdomv><udom>The ability to see animals at the time of the sighting (poor, moderate, good, excellent)</udom></attrdomv></attr><attr><attrlabl>sightingdate</attrlabl><attrdef>The date of the sighting (OBS)</attrdef><attrdefs>Data provider</attrdefs><attrdomv><rdom><rdommin>2013-05-11</rdommin><rdommax>2013-05-20</rdommax></rdom></attrdomv></attr><attr><attrlabl>sightingnotes</attrlabl><attrdef>Notes field to capture information not covered by existing attributes or other information of interest</attrdef><attrdefs>Data provider</attrdefs><attrdomv><udom>Notes field to capture information not covered by existing attributes or other information of interest</udom></attrdomv></attr><attr><attrlabl>sightingnumber</attrlabl><attrdef>The sighting number for the particular survey day</attrdef><attrdefs>Data provider</attrdefs><attrdomv><rdom><rdommin>1</rdommin><rdommax>49</rdommax></rdom></attrdomv></attr><attr><attrlabl>sightingtime</attrlabl><attrdef>The time of the sighting, adjusted for local time</attrdef><attrdefs>Data provider</attrdefs><attrdomv><rdom><rdommin>09:07:00</rdommin><rdommax>16:10:00</rdommax></rdom></attrdomv></attr><attr><attrlabl>spcshauledout</attrlabl><attrdef>Indicates if a pinniped is hauled out</attrdef><attrdefs>Data provider</attrdefs><attrdomv><udom>Indicates if a pinniped is hauled out</udom></attrdomv></attr><attr><attrlabl>spcsnmcom</attrlabl><attrdef>Common name of the sighted species. Output should be singular (e.g. bottlenose dolphin)</attrdef><attrdefs>Data provider</attrdefs><attrdomv><udom>Common name of the sighted species. Output should be singular (e.g. bottlenose dolphin)</udom></attrdomv></attr><attr><attrlabl>spcsnmsci</attrlabl><attrdef>Scientific name of the sighted species</attrdef><attrdefs>Data provider</attrdefs><attrdomv><udom>Scientific name of the sighted species</udom></attrdomv></attr><attr><attrlabl>sp_tsn</attrlabl><attrdef>Taxonomic Serial Number added by OBIS-SEAMAP</attrdef><attrdefs>Data provider</attrdefs><attrdomv><rdom><rdommin>159786</rdommin><rdommax>180466</rdommax></rdom></attrdomv></attr><attr><attrlabl>spcspossresight</attrlabl><attrdef>Indicates possible resightings. If "Y", then the record should not be included in total numbers, or on maps</attrdef><attrdefs>Data provider</attrdefs><attrdomv><udom>Indicates possible resightings. If "Y", then the record should not be included in total numbers, or on maps</udom></attrdomv></attr><attr><attrlabl>surveycat</attrlabl><attrdef>The survey category for the survey platform (i.e., LOE [LookOutEffectiveness], USWEX, UNDET, etc) if applicable</attrdef><attrdefs>Data provider</attrdefs><attrdomv><udom>The survey category for the survey platform (i.e., LOE [LookOutEffectiveness], USWEX, UNDET, etc) if applicable</udom></attrdomv></attr><attr><attrlabl>surveydates</attrlabl><attrdef>The date range of the Survey (e.g., "(2010) Sep 23-28"). The parentheses around the data help with sorting</attrdef><attrdefs>Data provider</attrdefs><attrdomv><udom>The date range of the Survey (e.g., "(2010) Sep 23-28"). The parentheses around the data help with sorting</udom></attrdomv></attr><attr><attrlabl>surveyid</attrlabl><attrdef>A survey identifier consisting of data collector, range complex, platform, year, month, and day. (Data Collector/Source)_(Range Complex)_(Platform Type or Details)_(Year)(Month)(Day) (eg. SES_SOCAL_Aerial_20120417)</attrdef><attrdefs>Data provider</attrdefs><attrdomv><udom>A survey identifier consisting of data collector, range complex, platform, year, month, and day. (Data Collector/Source)_(Range Complex)_(Platform Type or Details)_(Year)(Month)(Day) (eg. SES_SOCAL_Aerial_20120417)</udom></attrdomv></attr><attr><attrlabl>surveylink</attrlabl><attrdef>A survey identifier consisting of the SurveyID and the date (in YYYYMMMDD format) of the sighting (Data Owner/Source)_(Range Complex)_(Platform Type)_(Year)(Month or Range of Months)_(Day of Month) (eg. HDR_SOCAL_Aerial_20120414). Needs to be the same as the SurveyILink for Tracklines.</attrdef><attrdefs>Data provider</attrdefs><attrdomv><udom>A survey identifier consisting of the SurveyID and the date (in YYYYMMMDD format) of the sighting (Data Owner/Source)_(Range Complex)_(Platform Type)_(Year)(Month or Range of Months)_(Day of Month) (eg. HDR_SOCAL_Aerial_20120414). Needs to be the same as the SurveyILink for Tracklines.</udom></attrdomv></attr><attr><attrlabl>surveytype</attrlabl><attrdef>What type of survey was being followed at the time of the sighting (e.g. line transect, focal follow, etc)</attrdef><attrdefs>Data provider</attrdefs><attrdomv><udom>What type of survey was being followed at the time of the sighting (e.g. line transect, focal follow, etc)</udom></attrdomv></attr><attr><attrlabl>swell</attrlabl><attrdef>Swell height</attrdef><attrdefs>Data provider</attrdefs><attrdomv><rdom/></attrdomv></attr><attr><attrlabl>aspect</attrlabl><attrdef>Body position relative to the platform</attrdef><attrdefs>Data provider</attrdefs><attrdomv><udom>Body position relative to the platform</udom></attrdomv></attr><attr><attrlabl>beaufortclass</attrlabl><attrdef>Beaufort sea state (0-12)</attrdef><attrdefs>Data provider</attrdefs><attrdomv><rdom/></attrdomv></attr><attr><attrlabl>beheventinit</attrlabl><attrdef>The behavior event that was used in subsequent analyses. May include refinements to the field observations.</attrdef><attrdefs>Data provider</attrdefs><attrdomv><udom>The behavior event that was used in subsequent analyses. May include refinements to the field observations.</udom></attrdomv></attr><attr><attrlabl>beheventnumber</attrlabl><attrdef>No Description</attrdef><attrdefs>Data provider</attrdefs><attrdomv><udom>No Description</udom></attrdomv></attr><attr><attrlabl>binoculars</attrlabl><attrdef>Were binoculars used to sight the animal?</attrdef><attrdefs>Data provider</attrdefs><attrdomv><udom>Were binoculars used to sight the animal?</udom></attrdomv></attr><attr><attrlabl>birds</attrlabl><attrdef>Are birds present?</attrdef><attrdefs>Data provider</attrdefs><attrdomv><udom>Are birds present?</udom></attrdomv></attr><attr><attrlabl>countfemales</attrlabl><attrdef>The number of positively identified females in the sighting</attrdef><attrdefs>Data provider</attrdefs><attrdomv><rdom/></attrdomv></attr><attr><attrlabl>countjuveniles</attrlabl><attrdef>The number of positively identified juveniles in the sightings</attrdef><attrdefs>Data provider</attrdefs><attrdomv><rdom/></attrdomv></attr><attr><attrlabl>countmales</attrlabl><attrdef>The number of positively identified males in the sighting</attrdef><attrdefs>Data provider</attrdefs><attrdomv><rdom/></attrdomv></attr><attr><attrlabl>countnewborns</attrlabl><attrdef>The number of positively identified newborns/pups in the sighting</attrdef><attrdefs>Data provider</attrdefs><attrdomv><rdom/></attrdomv></attr><attr><attrlabl>countvescargo</attrlabl><attrdef>The number of cargo ships present in the area</attrdef><attrdefs>Data provider</attrdefs><attrdomv><rdom/></attrdomv></attr><attr><attrlabl>countvesferries</attrlabl><attrdef>The number of ferries present in the area</attrdef><attrdefs>Data provider</attrdefs><attrdomv><rdom/></attrdomv></attr><attr><attrlabl>countvesfishing</attrlabl><attrdef>The number of fishing boats present in the area</attrdef><attrdefs>Data provider</attrdefs><attrdomv><rdom/></attrdomv></attr><attr><attrlabl>countvesmilitary</attrlabl><attrdef>The number of military vessels present in the area</attrdef><attrdefs>Data provider</attrdefs><attrdomv><rdom/></attrdomv></attr><attr><attrlabl>countvesmotoryachts</attrlabl><attrdef>The number of motor yachts present in the area</attrdef><attrdefs>Data provider</attrdefs><attrdomv><rdom/></attrdomv></attr><attr><attrlabl>countvessailing</attrlabl><attrdef>The number of sailboats present in the area</attrdef><attrdefs>Data provider</attrdefs><attrdomv><rdom/></attrdomv></attr><attr><attrlabl>cue</attrlabl><attrdef>The sighting cue that initially drew the observers attention</attrdef><attrdefs>Data provider</attrdefs><attrdomv><udom>The sighting cue that initially drew the observers attention</udom></attrdomv></attr><attr><attrlabl>depth</attrlabl><attrdef>The depth of the water at sighting location, based on known bathymetry</attrdef><attrdefs>Data provider</attrdefs><attrdomv><rdom><rdommin>-1203.2187500000</rdommin><rdommax>27.1641693100</rdommax></rdom></attrdomv></attr><attr><attrlabl>dispcohesion</attrlabl><attrdef>Generally how close are the individuals to one another?</attrdef><attrdefs>Data provider</attrdefs><attrdomv><udom>Generally how close are the individuals to one another?</udom></attrdomv></attr><attr><attrlabl>dispmax</attrlabl><attrdef>The maximum distance between nearest neighbors within a group (in body lengths)</attrdef><attrdefs>Data provider</attrdefs><attrdomv><rdom><rdommin>3</rdommin><rdommax>10</rdommax></rdom></attrdomv></attr><attr><attrlabl>dispmin</attrlabl><attrdef>The minimum distance between nearest neighbors within a group (in body lengths)</attrdef><attrdefs>Data provider</attrdefs><attrdomv><rdom><rdommin>0.00</rdommin><rdommax>5.00</rdommax></rdom></attrdomv></attr><attr><attrlabl>distlateral</attrlabl><attrdef>The estimated distance (for vessels) to the animal. The calculated distance (for aerial) the animal based on the measured declination angle. Does not acount for curvature of the earth.</attrdef><attrdefs>Data provider</attrdefs><attrdomv><rdom/></attrdomv></attr><attr><attrlabl>distsight</attrlabl><attrdef>The radial distance to the animal in meters</attrdef><attrdefs>Data provider</attrdefs><attrdomv><rdom><rdommin>0.2897813080</rdommin><rdommax>15.1786463900</rdommax></rdom></attrdomv></attr><attr><attrlabl>efforttransect</attrlabl><attrdef>Indicates anytime observers were observing following strict line-transect protocol</attrdef><attrdefs>Data provider</attrdefs><attrdomv><udom>Indicates anytime observers were observing following strict line-transect protocol</udom></attrdomv></attr><attr><attrlabl>flightofday</attrlabl><attrdef>The sequential daily flight identifier (e.g., 1, 2, 3, etc.)</attrdef><attrdefs>Data provider</attrdefs><attrdomv><udom>The sequential daily flight identifier (e.g., 1, 2, 3, etc.)</udom></attrdomv></attr><attr><attrlabl>glare</attrlabl><attrdef>The overall glare represented textually (e.g., "very little", "much", etc.) at each trackline point</attrdef><attrdefs>Data provider</attrdefs><attrdomv><udom>The overall glare represented textually (e.g., "very little", "much", etc.) at each trackline point</udom></attrdomv></attr><attr><attrlabl>glareleft</attrlabl><attrdef>The amount of glare (0-100%) on the left (port) side of the platform. Refers to glare from 0 to 90 degrees, or viewshed for which observer is reponsible.</attrdef><attrdefs>Data provider</attrdefs><attrdomv><rdom/></attrdomv></attr><attr><attrlabl>glaremaxangle</attrlabl><attrdef>The angle of the maximum glare relative to magnetic north</attrdef><attrdefs>Data provider</attrdefs><attrdomv><rdom/></attrdomv></attr><attr><attrlabl>glareminangle</attrlabl><attrdef>The angle of the minimum glare relative to magnetic north</attrdef><attrdefs>Data provider</attrdefs><attrdomv><rdom/></attrdomv></attr><attr><attrlabl>glareright</attrlabl><attrdef>The amount of glare (0-100%) on the right (starboard) side of the platform. Refers to glare from 270-360 degrees, or viewshed for which observer is reponsible.</attrdef><attrdefs>Data provider</attrdefs><attrdomv><rdom/></attrdomv></attr><attr><attrlabl>latplatformend</attrlabl><attrdef>The latitude of the observation platform at the end time of the sighting</attrdef><attrdefs>Data provider</attrdefs><attrdomv><rdom/></attrdomv></attr><attr><attrlabl>longplatformend</attrlabl><attrdef>The longitude of the observation platform at the end time of the sighting</attrdef><attrdefs>Data provider</attrdefs><attrdomv><rdom/></attrdomv></attr><attr><attrlabl>observeraft</attrlabl><attrdef>Name of the observer in the aft position</attrdef><attrdefs>Data provider</attrdefs><attrdomv><udom>Name of the observer in the aft position</udom></attrdomv></attr><attr><attrlabl>observerforward</attrlabl><attrdef>Name of the observer in the forward position</attrdef><attrdefs>Data provider</attrdefs><attrdomv><udom>Name of the observer in the forward position</udom></attrdomv></attr><attr><attrlabl>pctime</attrlabl><attrdef>The time stamp from the data recording computer. May be different than the "TimeSighting" due to timezone differences.</attrdef><attrdefs>Data provider</attrdefs><attrdomv><rdom/></attrdomv></attr><attr><attrlabl>photoframes</attrlabl><attrdef>The photo frames used for the sighting; or total frames taken</attrdef><attrdefs>Data provider</attrdefs><attrdomv><udom>The photo frames used for the sighting; or total frames taken</udom></attrdomv></attr><attr><attrlabl>photos</attrlabl><attrdef>Were photos taken as part of the sighting?</attrdef><attrdefs>Data provider</attrdefs><attrdomv><udom>Were photos taken as part of the sighting?</udom></attrdomv></attr><attr><attrlabl>platformspeed</attrlabl><attrdef>Speed of the platform at the time of the sighting</attrdef><attrdefs>Data provider</attrdefs><attrdomv><rdom/></attrdomv></attr><attr><attrlabl>reactionlater</attrlabl><attrdef>Identifies whether a reaction occurred as a response to the survey platform after the initial sighting of the group/individual</attrdef><attrdefs>Data provider</attrdefs><attrdomv><udom>Identifies whether a reaction occurred as a response to the survey platform after the initial sighting of the group/individual</udom></attrdomv></attr><attr><attrlabl>reactionlatercount</attrlabl><attrdef>The number of animals that reacted to the observation platform after the sighting occurred</attrdef><attrdefs>Data provider</attrdefs><attrdomv><rdom/></attrdomv></attr><attr><attrlabl>recorder</attrlabl><attrdef>Name of the person recording data</attrdef><attrdefs>Data provider</attrdefs><attrdomv><udom>Name of the person recording data</udom></attrdomv></attr><attr><attrlabl>sightingmulti</attrlabl><attrdef>Denotes if there are any additional species within a particular sighting (mixed group)</attrdef><attrdefs>Data provider</attrdefs><attrdomv><udom>Denotes if there are any additional species within a particular sighting (mixed group)</udom></attrdomv></attr><attr><attrlabl>sightingmultispcs</attrlabl><attrdef>List the species that are within a mixed group.</attrdef><attrdefs>Data provider</attrdefs><attrdomv><udom>List the species that are within a mixed group.</udom></attrdomv></attr><attr><attrlabl>sightingmultispcscount</attrlabl><attrdef>Number of the species</attrdef><attrdefs>Data provider</attrdefs><attrdomv><rdom/></attrdomv></attr><attr><attrlabl>sightingmultispcsprcnt</attrlabl><attrdef>Percentage of a given species present in a mixed spp group</attrdef><attrdefs>Data provider</attrdefs><attrdomv><rdom/></attrdomv></attr><attr><attrlabl>sightingtimeend</attrlabl><attrdef>The time at which the sighting was discontinued</attrdef><attrdefs>Data provider</attrdefs><attrdomv><rdom/></attrdomv></attr><attr><attrlabl>spcsbw</attrlabl><attrdef>Indicates whether the sighting should be grouped with other beaked whales</attrdef><attrdefs>Data provider</attrdefs><attrdomv><udom>Indicates whether the sighting should be grouped with other beaked whales</udom></attrdomv></attr><attr><attrlabl>spcscertaintyfinal</attrlabl><attrdef>The final certainty of the species identity expressed in percentages</attrdef><attrdefs>Data provider</attrdefs><attrdomv><rdom/></attrdomv></attr><attr><attrlabl>spcscertaintyinit</attrlabl><attrdef>The initial certainty of the species identified in the field expressed in percentages</attrdef><attrdefs>Data provider</attrdefs><attrdomv><rdom/></attrdomv></attr><attr><attrlabl>spcscode</attrlabl><attrdef>Species code used in authentic data (e.g., TTUR=Tursiops truncatus)</attrdef><attrdefs>Data provider</attrdefs><attrdomv><udom>Species code used in authentic data (e.g., TTUR=Tursiops truncatus)</udom></attrdomv></attr><attr><attrlabl>spcsconfidence</attrlabl><attrdef>Confidence level of the observer that he or she identified species correctly</attrdef><attrdefs>Data provider</attrdefs><attrdomv><udom>Confidence level of the observer that he or she identified species correctly</udom></attrdomv></attr><attr><attrlabl>spcsnmsciinit</attrlabl><attrdef>The species in the sighting as it appears in the original data</attrdef><attrdefs>Data provider</attrdefs><attrdomv><udom>The species in the sighting as it appears in the original data</udom></attrdomv></attr><attr><attrlabl>subgroups</attrlabl><attrdef>Were subgroups present during the sightings?</attrdef><attrdefs>Data provider</attrdefs><attrdomv><udom>Were subgroups present during the sightings?</udom></attrdomv></attr><attr><attrlabl>surveyarea</attrlabl><attrdef>The general location of the survey (i.e., SouthOfXX, NorthOfYY)</attrdef><attrdefs>Data provider</attrdefs><attrdomv><udom>The general location of the survey (i.e., SouthOfXX, NorthOfYY)</udom></attrdomv></attr><attr><attrlabl>surveyidreport</attrlabl><attrdef>The individual ID for the associated survey record from the MSAccess metadata file.</attrdef><attrdefs>Data provider</attrdefs><attrdomv><udom>The individual ID for the associated survey record from the MSAccess metadata file.</udom></attrdomv></attr><attr><attrlabl>surveynumber</attrlabl><attrdef>The survey number for the individual survey, if applicable.</attrdef><attrdefs>Data provider</attrdefs><attrdomv><udom>The survey number for the individual survey, if applicable.</udom></attrdomv></attr><attr><attrlabl>surveysegmentid</attrlabl><attrdef>Unique ID for the survey segment associated with the sighting</attrdef><attrdefs>Data provider</attrdefs><attrdomv><udom>Unique ID for the survey segment associated with the sighting</udom></attrdomv></attr><attr><attrlabl>surveytypeid</attrlabl><attrdef>ID associated with the type of survey at the time of the sighting. For instance, if a Focal survey was initiated, there might be a specific ID no. associated with that survey.</attrdef><attrdefs>Data provider</attrdefs><attrdomv><udom>ID associated with the type of survey at the time of the sighting. For instance, if a Focal survey was initiated, there might be a specific ID no. associated with that survey.</udom></attrdomv></attr><attr><attrlabl>video</attrlabl><attrdef>Was video taken during the sighting?</attrdef><attrdefs>Data provider</attrdefs><attrdomv><udom>Was video taken during the sighting?</udom></attrdomv></attr><attr><attrlabl>visibility</attrlabl><attrdef>The estimated distance at which an animal could potentially be sighted</attrdef><attrdefs>Data provider</attrdefs><attrdomv><rdom/></attrdomv></attr><attr><attrlabl>visibilityleft</attrlabl><attrdef>Sighting visibility in KM on the left (port) side of the platform</attrdef><attrdefs>Data provider</attrdefs><attrdomv><rdom/></attrdomv></attr><attr><attrlabl>visibilityright</attrlabl><attrdef>Sighting visibility in KM on the right (starboard) side of the platform</attrdef><attrdefs>Data provider</attrdefs><attrdomv><rdom/></attrdomv></attr><attr><attrlabl>waterseason</attrlabl><attrdef>The general water temperature (e.g., "warm", "cold") during the survey</attrdef><attrdefs>Data provider</attrdefs><attrdomv><udom>The general water temperature (e.g., "warm", "cold") during the survey</udom></attrdomv></attr><attr><attrlabl>weather</attrlabl><attrdef>The overall weather at each trackline point</attrdef><attrdefs>Data provider</attrdefs><attrdomv><udom>The overall weather at each trackline point</udom></attrdomv></attr><attr><attrlabl>winddirection</attrlabl><attrdef>Wind direction relative to true north</attrdef><attrdefs>Data provider</attrdefs><attrdomv><rdom/></attrdomv></attr><attr><attrlabl>windspeed</attrlabl><attrdef>Wind speed</attrdef><attrdefs>Data provider</attrdefs><attrdomv><rdom/></attrdomv></attr><attr><attrlabl>geom</attrlabl><attrdef>Geometry field added by OBIS-SEAMAP</attrdef><attrdefs>Data provider</attrdefs><attrdomv><udom>Geometry field added by OBIS-SEAMAP</udom></attrdomv></attr></detailed><overview><eaover>This section explains attributes included in the original dataset.&#13;
OBIS-SEAMAP restricts the attributes available to the public to date/time, lat/lon and species names/counts only.&#13;
Should you need other attributes described here, you are encouraged to contact the data provider.</eaover><eadetcit>HDR Environmental, Operations and Construction, Inc.</eadetcit></overview>
	</eainfo><distinfo>
	<distrib>
		<cntinfo>
			<cntorgp>
				<cntorg>Nicholas School of Environment, Duke Univ.</cntorg>
				<cntper>OBIS-SEAMAP</cntper>
			</cntorgp>
			<cntaddr>
				<addrtype>mailing and physical address</addrtype>
				<address>A328, LSRC</address><city>Durham</city><state>NC</state><postal>27708</postal><country>USA</country>
			</cntaddr>
			<cntvoice>919-613-8021</cntvoice>
			<cntemail>seamap-contact@duke.edu</cntemail>
		</cntinfo>
	</distrib><resdesc>OBIS-SEAMAP Dataset ID 1397</resdesc><distliab>Not to hold OBIS-SEAMAP liable for errors in the data. While we have made every effort to ensure the quality of the database, we cannot guarantee the accuracy of these datasets.&#13;
Also please refer to Use Constraints.</distliab>
	<stdorder>
		<digform>
			<digtinfo>
				<formname>CSV and ESRI shapefile</formname></digtinfo>
			<digtopt>
				<onlinopt>
					<computer>
						<networka>
							<networkr>OBIS-SEAMAP</networkr>
						</networka>
					</computer>
				</onlinopt>
			</digtopt>
		</digform>
		<fees>Free</fees>
		<ordering>Go to the OBIS-SEAMAP web site.</ordering>
	</stdorder>
	

	
</distinfo><metainfo>
	<metd>20170627</metd><metrd>20170627</metrd><metc>
		<cntinfo><cntperp>
	<cntper>Ei Fujioka</cntper>
	<cntorg>Nicholas School, Duke University</cntorg></cntperp><cntaddr><addrtype>mailing and physical address</addrtype><address>A328, LSRC</address><city>Durham</city><state>NC</state><postal>27708</postal><country>USA</country></cntaddr>
			<cntvoice>919-613-8021</cntvoice>
			<cntemail>seamap-contact@duke.edu</cntemail>
			</cntinfo>
	</metc><metstdn>FGDC Content Standards for Digital Geospatial Metadata</metstdn><metstdv>FGDC-STD-001-1998</metstdv><mettc>local time</mettc>
	
	
	
	
	<metextns><onlink>http://www.nbii.gov/</onlink><metprof>Biological Data Profile</metprof></metextns>
	
	</metainfo>
	
</metadata>
