<?xml version="1.0" encoding="UTF-8"?>
<metadata xml:lang="en">
<idinfo>
	<citation>
		<citeinfo>
		<origin>McLellan, W</origin><pubdate>2018</pubdate><title>UNCW JAX Aerial Survey -Left side- 2017</title><geoform>vector digital data</geoform><serinfo><sername>OBIS-SEAMAP</sername><issue>1662</issue></serinfo><pubinfo><pubplace>http://seamap.env.duke.edu/dataset/1662</pubplace><publish>OBIS-SEAMAP</publish></pubinfo><onlink>http://seamap.env.duke.edu/dataset/1662</onlink></citeinfo>
	</citation><descript>
	<abstract>Please contact data provider</abstract><purpose>Please contact data provider</purpose><supplinf>The original survey data are separated into two datasets, from left-side and right-side observers upon provider's request. This dataset is from the left side sighting data. The right side sighting data are available on OBIS-SEAMAP in the &lt;a href=/datasets/detail/1664&gt;USWTR JAX Aerial Survey -Right side- 2017&lt;/a&gt; dataset.&#13;
&#13;
datetime_ini, latitude_ini and longitude_ini are added and calculated by OBIS-SEAMAP through the consultation with the provider.</supplinf></descript><timeperd><timeinfo><rngdates><begdate>20170201</begdate><enddate>20171108</enddate></rngdates></timeinfo><current>ground condition</current></timeperd><status><progress>Complete</progress><update>None planned</update></status><spdom><descgeog>North Atlantic</descgeog><bounding><westbc>-80.699888</westbc><eastbc>-79.413508</eastbc><northbc>30.578202</northbc><southbc>29.963598</southbc></bounding>
	</spdom><keywords><theme><themekt>None</themekt><themekey>Marine Animal Survey</themekey><themekey>Marine Biology</themekey><themekey>Marine mammals</themekey><themekey>Sea turtles</themekey><themekey>Visual Sighting</themekey><themekey>Aircraft</themekey></theme><place><placekt>None</placekt><placekey>North Atlantic</placekey></place></keywords><taxonomy><keywtax><taxonkt>Taxon covered</taxonkt><taxonkey>Marine mammals</taxonkey><taxonkey>Sea turtles</taxonkey><taxonkey>Rays and sharks</taxonkey></keywtax><taxonsys><classsys><classcit><citeinfo><origin>Integrated Taxonomic Information System</origin><pubdate>Unknown</pubdate><title>Integrated Taxonomic Information System</title><geoform>Not applicable</geoform><othercit>Downloaded April, 2004</othercit><onlink>http://www.itis.usda.gov/</onlink></citeinfo></classcit></classsys><ider><cntinfo><cntperp><cntper>Refer to the contact information of the dataset</cntper><cntorg>Refer to the contact information of the dataset</cntorg></cntperp><cntaddr><addrtype>mailing and physical address</addrtype><address>Refer to the contact information of the dataset</address><city>Refer to the contact information of the dataset</city><state>Refer to the contact information of the dataset</state><postal>Refer to the contact information of the dataset</postal><country>Refer to the contact information of the dataset</country></cntaddr><cntvoice>Not provided</cntvoice></cntinfo></ider><taxonpro>Identified by observers or researchers conducting the survey</taxonpro></taxonsys><taxoncl><taxonrn>Kingdom</taxonrn><taxonrv>Animalia</taxonrv><taxoncl><taxonrn>Phylum</taxonrn><taxonrv>Chordata</taxonrv><taxoncl><taxonrn>Subphylum</taxonrn><taxonrv>Vertebrata</taxonrv><taxoncl><taxonrn>Class</taxonrn><taxonrv>Mammalia</taxonrv><taxoncl><taxonrn>Subclass</taxonrn><taxonrv>Theria</taxonrv><taxoncl><taxonrn>Infraclass</taxonrn><taxonrv>Eutheria</taxonrv><taxoncl><taxonrn>Order</taxonrn><taxonrv>Cetacea</taxonrv><taxoncl><taxonrn>Suborder</taxonrn><taxonrv>Mysticeti</taxonrv><taxoncl><taxonrn>Family</taxonrn><taxonrv>Balaenopteridae</taxonrv><taxoncl><taxonrn>Genus</taxonrn><taxonrv>Balaenoptera</taxonrv><taxoncl><taxonrn>Species</taxonrn><taxonrv>Balaenoptera acutorostrata</taxonrv></taxoncl></taxoncl></taxoncl></taxoncl><taxoncl><taxonrn>Suborder</taxonrn><taxonrv>Odontoceti</taxonrv><taxoncl><taxonrn>Family</taxonrn><taxonrv>Delphinidae</taxonrv><taxoncl><taxonrn>Genus</taxonrn><taxonrv>Globicephala</taxonrv><taxoncl><taxonrn>Species</taxonrn><taxonrv>Globicephala macrorhynchus</taxonrv></taxoncl></taxoncl><taxoncl><taxonrn>Genus</taxonrn><taxonrv>Grampus</taxonrv><taxoncl><taxonrn>Species</taxonrn><taxonrv>Grampus griseus</taxonrv></taxoncl></taxoncl><taxoncl><taxonrn>Genus</taxonrn><taxonrv>Stenella</taxonrv><taxoncl><taxonrn>Species</taxonrn><taxonrv>Stenella frontalis</taxonrv></taxoncl></taxoncl><taxoncl><taxonrn>Genus</taxonrn><taxonrv>Tursiops</taxonrv><taxoncl><taxonrn>Species</taxonrn><taxonrv>Tursiops truncatus</taxonrv></taxoncl></taxoncl></taxoncl></taxoncl></taxoncl></taxoncl></taxoncl></taxoncl><taxoncl><taxonrn>Class</taxonrn><taxonrv>Reptilia</taxonrv><taxoncl><taxonrn>Order</taxonrn><taxonrv>Testudines</taxonrv><taxoncl><taxonrn>Suborder</taxonrn><taxonrv>Cryptodira</taxonrv><taxoncl><taxonrn>Superfamily</taxonrn><taxonrv>Chelonioidea</taxonrv><taxoncl><taxonrn>Family</taxonrn><taxonrv>Cheloniidae</taxonrv><taxoncl><taxonrn>Subfamily</taxonrn><taxonrv>Carettinae</taxonrv><taxoncl><taxonrn>Genus</taxonrn><taxonrv>Caretta</taxonrv><taxoncl><taxonrn>Species</taxonrn><taxonrv>Caretta caretta</taxonrv></taxoncl></taxoncl></taxoncl></taxoncl><taxoncl><taxonrn>Family</taxonrn><taxonrv>Dermochelyidae</taxonrv><taxoncl><taxonrn>Genus</taxonrn><taxonrv>Dermochelys</taxonrv><taxoncl><taxonrn>Species</taxonrn><taxonrv>Dermochelys coriacea</taxonrv></taxoncl></taxoncl></taxoncl></taxoncl></taxoncl></taxoncl></taxoncl><taxoncl><taxonrn>Class</taxonrn><taxonrv>Chondrichthyes</taxonrv><taxoncl><taxonrn>Subclass</taxonrn><taxonrv>Elasmobranchii</taxonrv><taxoncl><taxonrn>Superorder</taxonrn><taxonrv>Euselachii</taxonrv><taxoncl><taxonrn>Order</taxonrn><taxonrv>Myliobatiformes</taxonrv><taxoncl><taxonrn>Family</taxonrn><taxonrv>Mobulidae</taxonrv><taxoncl><taxonrn>Genus</taxonrn><taxonrv>Manta</taxonrv><taxoncl><taxonrn>Species</taxonrn><taxonrv>Manta birostris</taxonrv></taxoncl></taxoncl></taxoncl></taxoncl></taxoncl></taxoncl></taxoncl></taxoncl></taxoncl></taxoncl></taxonomy>
	<accconst>Open public unless otherwise noted. See Use Constraints for details.</accconst>
	<useconst>1. Not to use data obtained from OBIS-SEAMAP in any publication, product, or commercial application without proper attribution to the original data provider(s) and OBIS-SEAMAP unless the datasets are explicitly shown under the CC0 policy. Citations or credits are suggested as attribution. If the data you downloaded come from multiple datasets, a citation or credit to each of the datasets is required.&#13;
&#13;
Suggested citation for this dataset:&#13;
&#13;
McLellan, W. 2018. UNCW JAX Aerial Survey -Left side- 2017. Data downloaded from OBIS-SEAMAP (http://seamap.env.duke.edu/dataset/1662) on yyyy-mm-dd.&#13;
&#13;
Suggested citation for OBIS-SEAMAP:&#13;
&#13;
Halpin, P.N., A.J. Read, E. Fujioka, B.D. Best, B. Donnelly, L.J. Hazen, C. Kot, K. Urian, E. LaBrecque, A. Dimatteo, J. Cleary, C. Good, L.B. Crowder, and K.D. Hyrenbach. 2009. OBIS-SEAMAP: The world data center for marine mammal, sea bird, and sea turtle distributions. Oceanography 22(2):104-115&#13;
&#13;
2. To forward the citation of any publication / report that made use of the data / tools provided by OBIS-SEAMAP for inclusion in our list of references.&#13;
&#13;
3. Not to hold OBIS-SEAMAP or the original data providers liable for errors in the data. While we have made every effort to ensure the quality of the database, we cannot guarantee the accuracy of these datasets. &#13;
&#13;
4. The burden for determining fitness for use of the downloaded data for any analyses lies entirely with the user. OBIS-SEAMAP or the original data providers do not support outcomes of your analyses that used the data you downloaded from OBIS-SEAMAP.&#13;
&#13;
5. To consider inclusion of the accompanying transect (effort) dataset if available into the methodology of your analyses.&#13;
&#13;
6. Not to redistribute the data you downloaded from OBIS-SEAMAP through any media without contect from OBIS-SEAMAP and the original data providers unless the datasets are explicitly shown under the CC0 policy.</useconst>
	<ptcontac>
		<cntinfo>
			<cntperp><cntper>William McLellan</cntper><cntorg>University of North Carolina Wilmington</cntorg></cntperp>
			<cntaddr>
				<addrtype>mailing and physical address</addrtype>
			<address>Biology and Marine Biology</address><city>Wilmington</city><state>NC</state><postal>28403</postal><country>US</country></cntaddr>
		<cntvoice>910-962-7266</cntvoice><cntemail>mclellanw@uncw.edu</cntemail></cntinfo>
	</ptcontac><datacred>William A. McLellan, University of North Carolina Wilmington</datacred>
	<native>Relational database</native>
	<crossref><citeinfo><origin>Halpin, P.N., A.J. Read, E. Fujioka, B.D. Best, B. Donnelly, L.J. Hazen, C. Kot, K. Urian, E. LaBrecque, A. Dimatteo, J. Cleary, C. Good, L.B. Crowder, and K.D. Hyrenbach</origin><pubdate>2009</pubdate><title>OBIS-SEAMAP: The world data center for marine mammal, sea bird, and sea turtle distributions</title><geoform>vector digital data</geoform><serinfo><sername>Oceanography</sername><issue>22(2):104-115</issue></serinfo><onlink>http://www.tos.org/oceanography/article/obis-seamap-the-world-data-center-for-marine-mammal-sea-bird-and-sea-turtle</onlink></citeinfo></crossref></idinfo>
	<dataqual>
		<attracc>
			<attraccr>All attributes were measured and recorded during the survey and validated by the data provider.</attraccr></attracc>
		<logic>Permissible values for date and time and coordinates were validated by the data provider and the OBIS-SEAMAP data manager. Species identification by the data provider was matched with Integrated Taxonomic Information System.</logic>
		<complete>All observation records are included.</complete><lineage><procstep><procdesc>Data were put through the OBIS-SEAMAP data registration steps.</procdesc><procdate>20180112</procdate></procstep></lineage></dataqual><spdoinfo><direct>Point</direct></spdoinfo><spref><horizsys><geograph>
				<latres>1e-06</latres><longres>1e-06</longres><geogunit>Decimal degrees</geogunit></geograph>
			<geodetic><horizdn>D_WGS_1984</horizdn><ellips>WGS_1984</ellips>
				<semiaxis>6378137.000000</semiaxis><denflat>298.257224</denflat></geodetic></horizsys></spref>

<eainfo><detailed><enttyp><enttypl>Biogeographic data</enttypl><enttypd>Biogeographic data</enttypd><enttypds>Not applicable</enttypds></enttyp><attr><attrlabl>oid</attrlabl><attrdef>Unique ID number (generated by OBIS-SEAMAP)</attrdef><attrdefs>Data provider</attrdefs><attrdomv><udom>Unique ID number (generated by OBIS-SEAMAP)</udom></attrdomv></attr><attr><attrlabl>row_id</attrlabl><attrdef>Sequential number added to the original data sheet by OBIS-SEAMAP</attrdef><attrdefs>Data provider</attrdefs><attrdomv><rdom><rdommin>26</rdommin><rdommax>386</rdommax></rdom></attrdomv></attr><attr><attrlabl>obs_date</attrlabl><attrdef>Date of the sighting</attrdef><attrdefs>Data provider</attrdefs><attrdomv><rdom><rdommin>2017-02-01</rdommin><rdommax>2017-11-08</rdommax></rdom></attrdomv></attr><attr><attrlabl>obs_time</attrlabl><attrdef>Time of the sighting (local time zone)</attrdef><attrdefs>Data provider</attrdefs><attrdomv><rdom><rdommin>09:18:36</rdommin><rdommax>17:12:07</rdommax></rdom></attrdomv></attr><attr><attrlabl>waypoint</attrlabl><attrdef>Way point</attrdef><attrdefs>Data provider</attrdefs><attrdomv><rdom><rdommin>3</rdommin><rdommax>89</rdommax></rdom></attrdomv></attr><attr><attrlabl>latitude</attrlabl><attrdef>Latitude in decimal degrees</attrdef><attrdefs>Data provider</attrdefs><attrdomv><rdom><rdommin>29.96359800</rdommin><rdommax>30.57820200</rdommax></rdom></attrdomv></attr><attr><attrlabl>longitude</attrlabl><attrdef>Longitude in decimal degrees</attrdef><attrdefs>Data provider</attrdefs><attrdomv><rdom><rdommin>-80.69988800</rdommin><rdommax>-79.41350800</rdommax></rdom></attrdomv></attr><attr><attrlabl>event</attrlabl><attrdef>Event. 1.1 = On effort/on track; 1.2 = Off effort. Full codes are available upon request.</attrdef><attrdefs>Data provider</attrdefs><attrdomv><rdom><rdommin>2.4000</rdommin><rdommax>10.0000</rdommax></rdom></attrdomv></attr><attr><attrlabl>heading</attrlabl><attrdef>Heading</attrdef><attrdefs>Data provider</attrdefs><attrdomv><udom>Heading</udom></attrdomv></attr><attr><attrlabl>trackline</attrlabl><attrdef>Track number</attrdef><attrdefs>Data provider</attrdefs><attrdomv><udom>Track number</udom></attrdomv></attr><attr><attrlabl>observer_side</attrlabl><attrdef>Observer side (L or R)</attrdef><attrdefs>Data provider</attrdefs><attrdomv><udom>Observer side (L or R)</udom></attrdomv></attr><attr><attrlabl>visibility</attrlabl><attrdef>Visibility code</attrdef><attrdefs>Data provider</attrdefs><attrdomv><rdom><rdommin>1</rdommin><rdommax>3</rdommax></rdom></attrdomv></attr><attr><attrlabl>bss</attrlabl><attrdef>sea state</attrdef><attrdefs>Data provider</attrdefs><attrdomv><rdom><rdommin>1</rdommin><rdommax>4</rdommax></rdom></attrdomv></attr><attr><attrlabl>cloud</attrlabl><attrdef>Cloud cover code</attrdef><attrdefs>Data provider</attrdefs><attrdomv><rdom><rdommin>1</rdommin><rdommax>5</rdommax></rdom></attrdomv></attr><attr><attrlabl>glare_l</attrlabl><attrdef>Glare Left code</attrdef><attrdefs>Data provider</attrdefs><attrdomv><rdom><rdommin>0</rdommin><rdommax>3</rdommax></rdom></attrdomv></attr><attr><attrlabl>glare_r</attrlabl><attrdef>Glare Right code</attrdef><attrdefs>Data provider</attrdefs><attrdomv><udom>Glare Right code</udom></attrdomv></attr><attr><attrlabl>vertical_angle</attrlabl><attrdef>Vertical angle</attrdef><attrdefs>Data provider</attrdefs><attrdomv><rdom><rdommin>1</rdommin><rdommax>4</rdommax></rdom></attrdomv></attr><attr><attrlabl>horizontal_angle</attrlabl><attrdef>Horizontal angle</attrdef><attrdefs>Data provider</attrdefs><attrdomv><rdom><rdommin>60</rdommin><rdommax>150</rdommax></rdom></attrdomv></attr><attr><attrlabl>sighting_cue</attrlabl><attrdef>Sighting cue code</attrdef><attrdefs>Data provider</attrdefs><attrdomv><rdom><rdommin>1</rdommin><rdommax>6</rdommax></rdom></attrdomv></attr><attr><attrlabl>sp_obs</attrlabl><attrdef>Species name recorded</attrdef><attrdefs>Data provider</attrdefs><attrdomv><udom>Species name recorded</udom></attrdomv></attr><attr><attrlabl>sp_tsn</attrlabl><attrdef>Taxonomic Serial Number added by OBIS-SEAMAP</attrdef><attrdefs>Data provider</attrdefs><attrdomv><rdom><rdommin>159785</rdommin><rdommax>552460</rdommax></rdom></attrdomv></attr><attr><attrlabl>reliability</attrlabl><attrdef>Reliability code</attrdef><attrdefs>Data provider</attrdefs><attrdomv><rdom><rdommin>1</rdommin><rdommax>1</rdommax></rdom></attrdomv></attr><attr><attrlabl>min_count</attrlabl><attrdef>Minimum number of animals</attrdef><attrdefs>Data provider</attrdefs><attrdomv><rdom><rdommin>1</rdommin><rdommax>60</rdommax></rdom></attrdomv></attr><attr><attrlabl>max_count</attrlabl><attrdef>Maximum number of animals</attrdef><attrdefs>Data provider</attrdefs><attrdomv><rdom><rdommin>1</rdommin><rdommax>90</rdommax></rdom></attrdomv></attr><attr><attrlabl>obs_count</attrlabl><attrdef>Best estimate of number of animals</attrdef><attrdefs>Data provider</attrdefs><attrdomv><rdom><rdommin>1</rdommin><rdommax>75</rdommax></rdom></attrdomv></attr><attr><attrlabl>comments</attrlabl><attrdef>Comments</attrdef><attrdefs>Data provider</attrdefs><attrdomv><udom>Comments</udom></attrdomv></attr><attr><attrlabl>datetime_ini</attrlabl><attrdef>Initial date/time if this record is a follow-up of the already sighted animals</attrdef><attrdefs>Data provider</attrdefs><attrdomv><udom>Initial date/time if this record is a follow-up of the already sighted animals</udom></attrdomv></attr><attr><attrlabl>latitude_ini</attrlabl><attrdef>Initial latitude if this record is a follow-up of the already sighted animals</attrdef><attrdefs>Data provider</attrdefs><attrdomv><udom>Initial latitude if this record is a follow-up of the already sighted animals</udom></attrdomv></attr><attr><attrlabl>longitude_ini</attrlabl><attrdef>Initial longitude if this record is a follow-up of the already sighted animals</attrdef><attrdefs>Data provider</attrdefs><attrdomv><udom>Initial longitude if this record is a follow-up of the already sighted animals</udom></attrdomv></attr><attr><attrlabl>geom</attrlabl><attrdef>Geometry field added by OBIS-SEAMAP</attrdef><attrdefs>Data provider</attrdefs><attrdomv><udom>Geometry field added by OBIS-SEAMAP</udom></attrdomv></attr></detailed><overview><eaover>This section explains attributes included in the original dataset.&#13;
OBIS-SEAMAP restricts the attributes available to the public to date/time, lat/lon and species names/counts only.&#13;
Should you need other attributes described here, you are encouraged to contact the data provider.</eaover><eadetcit>University of North Carolina, Wilmington</eadetcit></overview>
	</eainfo><distinfo>
	<distrib>
		<cntinfo>
			<cntorgp>
				<cntorg>Nicholas School of Environment, Duke Univ.</cntorg>
				<cntper>OBIS-SEAMAP</cntper>
			</cntorgp>
			<cntaddr>
				<addrtype>mailing and physical address</addrtype>
				<address>A328, LSRC</address><city>Durham</city><state>NC</state><postal>27708</postal><country>USA</country>
			</cntaddr>
			<cntvoice>919-613-8021</cntvoice>
			<cntemail>seamap-contact@duke.edu</cntemail>
		</cntinfo>
	</distrib><resdesc>OBIS-SEAMAP Dataset ID 1662</resdesc><distliab>Not to hold OBIS-SEAMAP liable for errors in the data. While we have made every effort to ensure the quality of the database, we cannot guarantee the accuracy of these datasets.&#13;
Also please refer to Use Constraints.</distliab>
	<stdorder>
		<digform>
			<digtinfo>
				<formname>CSV and ESRI shapefile</formname></digtinfo>
			<digtopt>
				<onlinopt>
					<computer>
						<networka>
							<networkr>OBIS-SEAMAP</networkr>
						</networka>
					</computer>
				</onlinopt>
			</digtopt>
		</digform>
		<fees>Free</fees>
		<ordering>Go to the OBIS-SEAMAP web site.</ordering>
	</stdorder>
	

	
</distinfo><metainfo>
	<metd>20180117</metd><metrd>20180117</metrd><metc>
		<cntinfo><cntperp>
	<cntper>Ei Fujioka</cntper>
	<cntorg>Nicholas School, Duke University</cntorg></cntperp><cntaddr><addrtype>mailing and physical address</addrtype><address>A328, LSRC</address><city>Durham</city><state>NC</state><postal>27708</postal><country>USA</country></cntaddr>
			<cntvoice>919-613-8021</cntvoice>
			<cntemail>seamap-contact@duke.edu</cntemail>
			</cntinfo>
	</metc><metstdn>FGDC Content Standards for Digital Geospatial Metadata</metstdn><metstdv>FGDC-STD-001-1998</metstdv><mettc>local time</mettc>
	
	
	
	
	<metextns><onlink>http://www.nbii.gov/</onlink><metprof>Biological Data Profile</metprof></metextns>
	
	</metainfo>
	
</metadata>
