<?xml version="1.0" encoding="UTF-8"?>
<metadata xml:lang="en">
<idinfo>
	<citation>
		<citeinfo>
		<origin>International Fund for Animal Welfare, Song of the Whale Team</origin><pubdate>20140501</pubdate><title>Visual sightings from Song of the Whale 1993-2013</title><geoform>vector digital data</geoform><serinfo><sername>OBIS-SEAMAP</sername><issue>Latest</issue></serinfo><pubinfo><pubplace>http://seamap.env.duke.edu/dataset/1158</pubplace><publish>OBIS-SEAMAP</publish></pubinfo><onlink>http://www.marineconservationresearch.org</onlink></citeinfo>
	</citation><descript>
	<abstract>Please contact data provider</abstract><purpose>Please contact data provider</purpose><supplinf>The databases from 1993 to 2013 were merged into one dataset. Attributes recorded in these databases may differ.&#13;
Since GPS data would become too huge to effectively visualize online, every 10th record was extracted. All GPS data can be requested.&#13;
Environmental attributes were recorded less frequently than the GPS data and not all GPS records get environmental attributes attached.</supplinf></descript><timeperd><timeinfo><rngdates><begdate>19930612</begdate><enddate>20130926</enddate></rngdates></timeinfo><current>ground condition</current></timeperd><status><progress>Complete</progress><update>None planned</update></status><spdom><descgeog>North Atlantic Ocean</descgeog><bounding><westbc>-74.74535</westbc><eastbc>138.4473</eastbc><northbc>68.094</northbc><southbc>-36.00085</southbc></bounding>
	</spdom><keywords><theme><themekt>None</themekt><themekey>Marine Animal Survey</themekey><themekey>Marine Biology</themekey><themekey>Marine mammals</themekey><themekey>Sea turtles</themekey><themekey>Visual Sighting</themekey><themekey>Vessel</themekey></theme><place><placekt>None</placekt><placekey>North Atlantic Ocean</placekey><placekey>Mediterranean Sea</placekey></place></keywords><taxonomy><keywtax><taxonkt>Taxon covered</taxonkt><taxonkey>Marine mammals</taxonkey></keywtax><taxonsys><classsys><classcit><citeinfo><origin>Integrated Taxonomic Information System</origin><pubdate>Unknown</pubdate><title>Integrated Taxonomic Information System</title><geoform>Not applicable</geoform><othercit>Downloaded April, 2004</othercit><onlink>http://www.itis.usda.gov/</onlink></citeinfo></classcit></classsys><ider><cntinfo><cntperp><cntper>Refer to the contact information of the dataset</cntper><cntorg>Refer to the contact information of the dataset</cntorg></cntperp><cntaddr><addrtype>mailing and physical address</addrtype><address>Refer to the contact information of the dataset</address><city>Refer to the contact information of the dataset</city><state>Refer to the contact information of the dataset</state><postal>Refer to the contact information of the dataset</postal><country>Refer to the contact information of the dataset</country></cntaddr><cntvoice>Not provided</cntvoice></cntinfo></ider><taxonpro>Identified by observers or researchers conducting the survey</taxonpro></taxonsys><taxoncl><taxonrn>Kingdom</taxonrn><taxonrv>Animalia</taxonrv><taxoncl><taxonrn>Phylum</taxonrn><taxonrv>Chordata</taxonrv><taxoncl><taxonrn>Subphylum</taxonrn><taxonrv>Vertebrata</taxonrv><taxoncl><taxonrn>Class</taxonrn><taxonrv>Mammalia</taxonrv><taxoncl><taxonrn>Subclass</taxonrn><taxonrv>Theria</taxonrv><taxoncl><taxonrn>Infraclass</taxonrn><taxonrv>Eutheria</taxonrv><taxoncl><taxonrn>Order</taxonrn><taxonrv>Carnivora</taxonrv><taxoncl><taxonrn>Suborder</taxonrn><taxonrv>Caniformia</taxonrv><taxoncl><taxonrn>Family</taxonrn><taxonrv>Otariidae</taxonrv><taxoncl><taxonrn>Genus</taxonrn><taxonrv>Arctocephalus</taxonrv><taxoncl><taxonrn>Species</taxonrn><taxonrv>Arctocephalus forsteri</taxonrv></taxoncl></taxoncl></taxoncl><taxoncl><taxonrn>Family</taxonrn><taxonrv>Phocidae</taxonrv><taxoncl><taxonrn>Genus</taxonrn><taxonrv>Cystophora</taxonrv><taxoncl><taxonrn>Species</taxonrn><taxonrv>Cystophora cristata</taxonrv></taxoncl></taxoncl><taxoncl><taxonrn>Genus</taxonrn><taxonrv>Halichoerus</taxonrv><taxoncl><taxonrn>Species</taxonrn><taxonrv>Halichoerus grypus</taxonrv></taxoncl></taxoncl><taxoncl><taxonrn>Genus</taxonrn><taxonrv>Monachus</taxonrv><taxoncl><taxonrn>Species</taxonrn><taxonrv>Monachus monachus</taxonrv></taxoncl></taxoncl><taxoncl><taxonrn>Genus</taxonrn><taxonrv>Phoca</taxonrv><taxoncl><taxonrn>Species</taxonrn><taxonrv>Phoca vitulina</taxonrv></taxoncl></taxoncl></taxoncl></taxoncl></taxoncl><taxoncl><taxonrn>Order</taxonrn><taxonrv>Cetacea</taxonrv><taxoncl><taxonrn>Suborder</taxonrn><taxonrv>Mysticeti</taxonrv><taxoncl><taxonrn>Family</taxonrn><taxonrv>Balaenopteridae</taxonrv><taxoncl><taxonrn>Genus</taxonrn><taxonrv>Balaenoptera</taxonrv><taxoncl><taxonrn>Species</taxonrn><taxonrv>Balaenoptera acutorostrata</taxonrv></taxoncl><taxoncl><taxonrn>Species</taxonrn><taxonrv>Balaenoptera borealis</taxonrv></taxoncl><taxoncl><taxonrn>Species</taxonrn><taxonrv>Balaenoptera brydei</taxonrv></taxoncl><taxoncl><taxonrn>Species</taxonrn><taxonrv>Balaenoptera musculus</taxonrv></taxoncl><taxoncl><taxonrn>Species</taxonrn><taxonrv>Balaenoptera physalus</taxonrv></taxoncl></taxoncl><taxoncl><taxonrn>Genus</taxonrn><taxonrv>Megaptera</taxonrv><taxoncl><taxonrn>Species</taxonrn><taxonrv>Megaptera novaeangliae</taxonrv></taxoncl></taxoncl></taxoncl><taxoncl><taxonrn>Family</taxonrn><taxonrv>Balaenidae</taxonrv><taxoncl><taxonrn>Genus</taxonrn><taxonrv>Eubalaena</taxonrv><taxoncl><taxonrn>Species</taxonrn><taxonrv>Eubalaena glacialis</taxonrv></taxoncl></taxoncl></taxoncl></taxoncl><taxoncl><taxonrn>Suborder</taxonrn><taxonrv>Odontoceti</taxonrv><taxoncl><taxonrn>Family</taxonrn><taxonrv>Delphinidae</taxonrv><taxoncl><taxonrn>Genus</taxonrn><taxonrv>Delphinus</taxonrv><taxoncl><taxonrn>Species</taxonrn><taxonrv>Delphinus delphis</taxonrv></taxoncl></taxoncl><taxoncl><taxonrn>Genus</taxonrn><taxonrv>Feresa</taxonrv><taxoncl><taxonrn>Species</taxonrn><taxonrv>Feresa attenuata</taxonrv></taxoncl></taxoncl><taxoncl><taxonrn>Genus</taxonrn><taxonrv>Globicephala</taxonrv><taxoncl><taxonrn>Species</taxonrn><taxonrv>Globicephala macrorhynchus</taxonrv></taxoncl><taxoncl><taxonrn>Species</taxonrn><taxonrv>Globicephala melas</taxonrv></taxoncl></taxoncl><taxoncl><taxonrn>Genus</taxonrn><taxonrv>Grampus</taxonrv><taxoncl><taxonrn>Species</taxonrn><taxonrv>Grampus griseus</taxonrv></taxoncl></taxoncl><taxoncl><taxonrn>Genus</taxonrn><taxonrv>Lagenodelphis</taxonrv><taxoncl><taxonrn>Species</taxonrn><taxonrv>Lagenodelphis hosei</taxonrv></taxoncl></taxoncl><taxoncl><taxonrn>Genus</taxonrn><taxonrv>Lagenorhynchus</taxonrv><taxoncl><taxonrn>Species</taxonrn><taxonrv>Lagenorhynchus albirostris</taxonrv></taxoncl></taxoncl><taxoncl><taxonrn>Genus</taxonrn><taxonrv>Orcinus</taxonrv><taxoncl><taxonrn>Species</taxonrn><taxonrv>Orcinus orca</taxonrv></taxoncl></taxoncl><taxoncl><taxonrn>Genus</taxonrn><taxonrv>Peponocephala</taxonrv><taxoncl><taxonrn>Species</taxonrn><taxonrv>Peponocephala electra</taxonrv></taxoncl></taxoncl><taxoncl><taxonrn>Genus</taxonrn><taxonrv>Pseudorca</taxonrv><taxoncl><taxonrn>Species</taxonrn><taxonrv>Pseudorca crassidens</taxonrv></taxoncl></taxoncl><taxoncl><taxonrn>Genus</taxonrn><taxonrv>Stenella</taxonrv><taxoncl><taxonrn>Species</taxonrn><taxonrv>Stenella attenuata</taxonrv></taxoncl><taxoncl><taxonrn>Species</taxonrn><taxonrv>Stenella coeruleoalba</taxonrv></taxoncl><taxoncl><taxonrn>Species</taxonrn><taxonrv>Stenella frontalis</taxonrv></taxoncl><taxoncl><taxonrn>Species</taxonrn><taxonrv>Stenella longirostris</taxonrv></taxoncl></taxoncl><taxoncl><taxonrn>Genus</taxonrn><taxonrv>Steno</taxonrv><taxoncl><taxonrn>Species</taxonrn><taxonrv>Steno bredanensis</taxonrv></taxoncl></taxoncl><taxoncl><taxonrn>Genus</taxonrn><taxonrv>Tursiops</taxonrv><taxoncl><taxonrn>Species</taxonrn><taxonrv>Tursiops truncatus</taxonrv></taxoncl></taxoncl></taxoncl><taxoncl><taxonrn>Family</taxonrn><taxonrv>Hyperoodontidae</taxonrv><taxoncl><taxonrn>Genus</taxonrn><taxonrv>Hyperoodon</taxonrv><taxoncl><taxonrn>Species</taxonrn><taxonrv>Hyperoodon ampullatus</taxonrv></taxoncl></taxoncl><taxoncl><taxonrn>Genus</taxonrn><taxonrv>Mesoplodon</taxonrv><taxoncl><taxonrn>Species</taxonrn><taxonrv>Mesoplodon densirostris</taxonrv></taxoncl></taxoncl><taxoncl><taxonrn>Genus</taxonrn><taxonrv>Tasmacetus</taxonrv><taxoncl><taxonrn>Species</taxonrn><taxonrv>Tasmacetus shepherdi</taxonrv></taxoncl></taxoncl><taxoncl><taxonrn>Genus</taxonrn><taxonrv>Ziphius</taxonrv><taxoncl><taxonrn>Species</taxonrn><taxonrv>Ziphius cavirostris</taxonrv></taxoncl></taxoncl></taxoncl><taxoncl><taxonrn>Family</taxonrn><taxonrv>Kogiidae</taxonrv><taxoncl><taxonrn>Genus</taxonrn><taxonrv>Kogia</taxonrv><taxoncl><taxonrn>Species</taxonrn><taxonrv>Kogia breviceps</taxonrv></taxoncl><taxoncl><taxonrn>Species</taxonrn><taxonrv>Kogia sima</taxonrv></taxoncl></taxoncl></taxoncl><taxoncl><taxonrn>Family</taxonrn><taxonrv>Phocoenidae</taxonrv><taxoncl><taxonrn>Genus</taxonrn><taxonrv>Phocoena</taxonrv><taxoncl><taxonrn>Species</taxonrn><taxonrv>Phocoena phocoena</taxonrv></taxoncl></taxoncl></taxoncl><taxoncl><taxonrn>Family</taxonrn><taxonrv>Physeteridae</taxonrv><taxoncl><taxonrn>Genus</taxonrn><taxonrv>Physeter</taxonrv><taxoncl><taxonrn>Species</taxonrn><taxonrv>Physeter macrocephalus</taxonrv></taxoncl></taxoncl></taxoncl></taxoncl></taxoncl></taxoncl></taxoncl></taxoncl><taxoncl><taxonrn>Class</taxonrn><taxonrv>Reptilia</taxonrv><taxoncl><taxonrn>Order</taxonrn><taxonrv>Testudines</taxonrv><taxoncl><taxonrn>Family</taxonrn><taxonrv>Cheloniidae</taxonrv><taxoncl><taxonrn>Genus</taxonrn><taxonrv>Caretta</taxonrv><taxoncl><taxonrn>Species</taxonrn><taxonrv>Caretta caretta</taxonrv></taxoncl></taxoncl><taxoncl><taxonrn>Genus</taxonrn><taxonrv>Chelonia</taxonrv><taxoncl><taxonrn>Species</taxonrn><taxonrv>Chelonia mydas</taxonrv></taxoncl></taxoncl></taxoncl><taxoncl><taxonrn>Family</taxonrn><taxonrv>Dermochelyidae</taxonrv><taxoncl><taxonrn>Genus</taxonrn><taxonrv>Dermochelys</taxonrv><taxoncl><taxonrn>Species</taxonrn><taxonrv>Dermochelys coriacea</taxonrv></taxoncl></taxoncl></taxoncl></taxoncl></taxoncl></taxoncl></taxoncl></taxoncl></taxonomy>
	<accconst>Open public unless otherwise noted. See Use Constraints for details.</accconst><useconst>1. Not to use data obtained from OBIS-SEAMAP in any publication, product, or commercial application without proper attribution to the original data provider(s) and OBIS-SEAMAP unless the datasets are explicitly shown under the CC0 policy. Citations or credits are suggested as attribution. If the data you downloaded come from multiple datasets, a citation or credit to each of the datasets is required.

Suggested citation for this dataset:

Boisseau, O. 2014. Visual sightings from Song of the Whale 1993-2013. Data downloaded from OBIS-SEAMAP (http://seamap.env.duke.edu/dataset/1158) on yyyy-mm-dd.

Suggested citation for OBIS-SEAMAP:

Halpin, P.N., A.J. Read, E. Fujioka, B.D. Best, B. Donnelly, L.J. Hazen, C. Kot, K. Urian, E. LaBrecque, A. Dimatteo, J. Cleary, C. Good, L.B. Crowder, and K.D. Hyrenbach. 2009. OBIS-SEAMAP: The world data center for marine mammal, sea bird, and sea turtle distributions. Oceanography 22(2):104-115

2. To forward the citation of any publication / report that made use of the data / tools provided by OBIS-SEAMAP for inclusion in our list of references.

3. Not to hold OBIS-SEAMAP or the original data providers liable for errors in the data. While we have made every effort to ensure the quality of the database, we cannot guarantee the accuracy of these datasets. 

4. The burden for determining fitness for use of the downloaded data for any analyses lies entirely with the user. OBIS-SEAMAP or the original data providers do not support outcomes of your analyses that used the data you downloaded from OBIS-SEAMAP.

5. To consider inclusion of the accompanying transect (effort) dataset if available into the methodology of your analyses.

6. Not to redistribute the data you downloaded from OBIS-SEAMAP through any media without contect from OBIS-SEAMAP and the original data providers unless the datasets are explicitly shown under the CC0 policy.</useconst><ptcontac>
		<cntinfo>
			<cntperp><cntper>Oliver Boisseau</cntper><cntorg>International Fund for Animal Welfare c/o Song of the Whale team, MCR International</cntorg></cntperp>
			<cntaddr>
				<addrtype>mailing and physical address</addrtype>
			<address>1 High Street</address><city>Kelvedon</city><state>Essex</state><postal>CO5 9AG</postal><country>UK</country></cntaddr>
		<cntvoice>+44 (0) 1376 573 071</cntvoice><cntemail>oboisseau@mcr-team.org</cntemail></cntinfo>
	</ptcontac><datacred>Oliver Boisseau, Marine Conservation Research International</datacred>
	<native>Relational database</native>
	
	
	
	
	
	
	
	
	
	
	<crossref><citeinfo><origin>Halpin, P.N., A.J. Read, E. Fujioka, B.D. Best, B. Donnelly, L.J. Hazen, C. Kot, K. Urian, E. LaBrecque, A. Dimatteo, J. Cleary, C. Good, L.B. Crowder, and K.D. Hyrenbach</origin><pubdate>2009</pubdate><title>OBIS-SEAMAP: The world data center for marine mammal, sea bird, and sea turtle distributions</title><geoform>vector digital data</geoform><serinfo><sername>Oceanography</sername><issue>22(2):104-115</issue></serinfo><onlink>http://www.tos.org/oceanography/article/obis-seamap-the-world-data-center-for-marine-mammal-sea-bird-and-sea-turtle</onlink></citeinfo></crossref></idinfo>
	<dataqual>
		<attracc>
			<attraccr>All attributes were measured and recorded during the survey and validated by the data provider.</attraccr></attracc>
		<logic>Permissible values for date and time and coordinates were validated by the data provider and the OBIS-SEAMAP data manager. Species identification by the data provider was matched with Integrated Taxonomic Information System.&#13;
&#13;
The databases merged have slightly different attributes.</logic>
		<complete>All observation records are included.</complete><lineage><procstep><procdesc>Data were put through the OBIS-SEAMAP data registration steps.</procdesc><procdate>20140501</procdate></procstep></lineage></dataqual><spdoinfo><direct>Point</direct></spdoinfo><spref><horizsys><geograph>
				<latres>1e-05</latres><longres>1e-05</longres><geogunit>Decimal degrees</geogunit></geograph>
			<geodetic><horizdn>D_WGS_1984</horizdn><ellips>WGS_1984</ellips>
				<semiaxis>6378137.000000</semiaxis><denflat>298.257224</denflat></geodetic></horizsys></spref>

<eainfo><detailed><enttyp><enttypl>Biogeographic data</enttypl><enttypd>Biogeographic data</enttypd><enttypds>Not applicable</enttypds></enttyp><attr><attrlabl>oid</attrlabl><attrdef>Unique ID number (generated by OBIS-SEAMAP)</attrdef><attrdefs>Data provider</attrdefs><attrdomv><udom>Unique ID number (generated by OBIS-SEAMAP)</udom></attrdomv></attr><attr><attrlabl>year</attrlabl><attrdef>Year of the surveys</attrdef><attrdefs>Data provider</attrdefs><attrdomv><rdom><rdommin>1993</rdommin><rdommax>2013</rdommax></rdom></attrdomv></attr><attr><attrlabl>region</attrlabl><attrdef>Region surveyed</attrdef><attrdefs>Data provider</attrdefs><attrdomv><udom>Region surveyed</udom></attrdomv></attr><attr><attrlabl>project</attrlabl><attrdef>Project name</attrdef><attrdefs>Data provider</attrdefs><attrdomv><udom>Project name</udom></attrdomv></attr><attr><attrlabl>key</attrlabl><attrdef>Numeric key</attrdef><attrdefs>Data provider</attrdefs><attrdomv><rdom><rdommin>1</rdommin><rdommax>7031</rdommax></rdom></attrdomv></attr><attr><attrlabl>index</attrlabl><attrdef>Numeric index number</attrdef><attrdefs>Data provider</attrdefs><attrdomv><rdom><rdommin>1</rdommin><rdommax>38400</rdommax></rdom></attrdomv></attr><attr><attrlabl>gpsindex</attrlabl><attrdef>GPS index</attrdef><attrdefs>Data provider</attrdefs><attrdomv><rdom><rdommin>14</rdommin><rdommax>1063773</rdommax></rdom></attrdomv></attr><attr><attrlabl>gpstime</attrlabl><attrdef>GPS time in UTC</attrdef><attrdefs>Data provider</attrdefs><attrdomv><rdom><rdommin>1993-06-12 08:41:28</rdommin><rdommax>2013-09-26 06:17:00</rdommax></rdom></attrdomv></attr><attr><attrlabl>sightingno</attrlabl><attrdef>Sighting Number</attrdef><attrdefs>Data provider</attrdefs><attrdomv><udom>Sighting Number</udom></attrdomv></attr><attr><attrlabl>datetime_utc</attrlabl><attrdef>Date and time of observation in UTC</attrdef><attrdefs>Data provider</attrdefs><attrdomv><rdom><rdommin>1993-06-12 08:41:28</rdommin><rdommax>2013-09-26 06:17:07</rdommax></rdom></attrdomv></attr><attr><attrlabl>obs_datetime</attrlabl><attrdef>Date and time of observation (local time)</attrdef><attrdefs>Data provider</attrdefs><attrdomv><rdom><rdommin>1993-06-12 08:41:28</rdommin><rdommax>2013-09-26 06:17:07</rdommax></rdom></attrdomv></attr><attr><attrlabl>platform</attrlabl><attrdef>Platform</attrdef><attrdefs>Data provider</attrdefs><attrdomv><udom>Platform</udom></attrdomv></attr><attr><attrlabl>distance</attrlabl><attrdef>Distance to the animals sighted</attrdef><attrdefs>Data provider</attrdefs><attrdomv><rdom><rdommin>-1.000</rdommin><rdommax>50240.000</rdommax></rdom></attrdomv></attr><attr><attrlabl>reticle</attrlabl><attrdef>Reticle in degrees</attrdef><attrdefs>Data provider</attrdefs><attrdomv><rdom><rdommin>0.00</rdommin><rdommax>1185.00</rdommax></rdom></attrdomv></attr><attr><attrlabl>angle</attrlabl><attrdef>Angle in degrees</attrdef><attrdefs>Data provider</attrdefs><attrdomv><rdom><rdommin>0</rdommin><rdommax>500</rdommax></rdom></attrdomv></attr><attr><attrlabl>bearing</attrlabl><attrdef>Bearing angle in degrees</attrdef><attrdefs>Data provider</attrdefs><attrdomv><rdom><rdommin>-1</rdommin><rdommax>9340</rdommax></rdom></attrdomv></attr><attr><attrlabl>anglesource</attrlabl><attrdef>Angle source</attrdef><attrdefs>Data provider</attrdefs><attrdomv><udom>Angle source</udom></attrdomv></attr><attr><attrlabl>species_code</attrlabl><attrdef>Species code</attrdef><attrdefs>Data provider</attrdefs><attrdomv><udom>Species code</udom></attrdomv></attr><attr><attrlabl>species2</attrlabl><attrdef>species code for another group sighted</attrdef><attrdefs>Data provider</attrdefs><attrdomv><udom>species code for another group sighted</udom></attrdomv></attr><attr><attrlabl>species3</attrlabl><attrdef>species code for the third group sighted</attrdef><attrdefs>Data provider</attrdefs><attrdomv><udom>species code for the third group sighted</udom></attrdomv></attr><attr><attrlabl>sp_obs</attrlabl><attrdef>Species name recorded</attrdef><attrdefs>Data provider</attrdefs><attrdomv><udom>Species name recorded</udom></attrdomv></attr><attr><attrlabl>sp_tsn</attrlabl><attrdef>Taxonomic Serial Number added by OBIS-SEAMAP</attrdef><attrdefs>Data provider</attrdefs><attrdomv><codesetd><codesetn>Taxonomic Serial Number added by OBIS-SEAMAP</codesetn><codesets>Data provider</codesets></codesetd></attrdomv></attr><attr><attrlabl>confidence</attrlabl><attrdef>Confidence</attrdef><attrdefs>Data provider</attrdefs><attrdomv><udom>Confidence</udom></attrdomv></attr><attr><attrlabl>cue</attrlabl><attrdef>Initial cue for the sighting</attrdef><attrdefs>Data provider</attrdefs><attrdomv><udom>Initial cue for the sighting</udom></attrdomv></attr><attr><attrlabl>minno</attrlabl><attrdef>Minumum number of animals</attrdef><attrdefs>Data provider</attrdefs><attrdomv><rdom><rdommin>1</rdommin><rdommax>200</rdommax></rdom></attrdomv></attr><attr><attrlabl>maxno</attrlabl><attrdef>Maximum number of animals</attrdef><attrdefs>Data provider</attrdefs><attrdomv><rdom><rdommin>0</rdommin><rdommax>250</rdommax></rdom></attrdomv></attr><attr><attrlabl>obs_count</attrlabl><attrdef>best estimate of number of animals</attrdef><attrdefs>Data provider</attrdefs><attrdomv><rdom><rdommin>1</rdommin><rdommax>250</rdommax></rdom></attrdomv></attr><attr><attrlabl>adults</attrlabl><attrdef>Number of adults</attrdef><attrdefs>Data provider</attrdefs><attrdomv><rdom><rdommin>0</rdommin><rdommax>100</rdommax></rdom></attrdomv></attr><attr><attrlabl>juveniles</attrlabl><attrdef>Number of juveniles (taken from sightings)</attrdef><attrdefs>Data provider</attrdefs><attrdomv><rdom><rdommin>0</rdommin><rdommax>40</rdommax></rdom></attrdomv></attr><attr><attrlabl>calves</attrlabl><attrdef>Number of calves</attrdef><attrdefs>Data provider</attrdefs><attrdomv><rdom><rdommin>0</rdommin><rdommax>50</rdommax></rdom></attrdomv></attr><attr><attrlabl>birds</attrlabl><attrdef>Existence of birds (Y/N)</attrdef><attrdefs>Data provider</attrdefs><attrdomv><udom>Existence of birds (Y/N)</udom></attrdomv></attr><attr><attrlabl>seenfrom</attrlabl><attrdef>Seen from</attrdef><attrdefs>Data provider</attrdefs><attrdomv><udom>Seen from</udom></attrdomv></attr><attr><attrlabl>seenby</attrlabl><attrdef>Seen by (observer</attrdef><attrdefs>Data provider</attrdefs><attrdomv><udom>Seen by (observer</udom></attrdomv></attr><attr><attrlabl>sightingeffort</attrlabl><attrdef>definition not provided</attrdef><attrdefs>Data provider</attrdefs><attrdomv><udom>definition not provided</udom></attrdomv></attr><attr><attrlabl>heading</attrlabl><attrdef>Heading in degrees</attrdef><attrdefs>Data provider</attrdefs><attrdomv><rdom><rdommin>-90</rdommin><rdommax>355</rdommax></rdom></attrdomv></attr><attr><attrlabl>behaviour1</attrlabl><attrdef>Behaviour 1</attrdef><attrdefs>Data provider</attrdefs><attrdomv><udom>Behaviour 1</udom></attrdomv></attr><attr><attrlabl>behaviour2</attrlabl><attrdef>Behaviour 2</attrdef><attrdefs>Data provider</attrdefs><attrdomv><udom>Behaviour 2</udom></attrdomv></attr><attr><attrlabl>behaviour3</attrlabl><attrdef>Behaviour 3</attrdef><attrdefs>Data provider</attrdefs><attrdomv><udom>Behaviour 3</udom></attrdomv></attr><attr><attrlabl>phototaken</attrlabl><attrdef>Photo taken</attrdef><attrdefs>Data provider</attrdefs><attrdomv><udom>Photo taken</udom></attrdomv></attr><attr><attrlabl>horizon_land</attrlabl><attrdef>definition not provided</attrdef><attrdefs>Data provider</attrdefs><attrdomv><udom>definition not provided</udom></attrdomv></attr><attr><attrlabl>relbearing</attrlabl><attrdef>Real bearing</attrdef><attrdefs>Data provider</attrdefs><attrdomv><rdom><rdommin>0</rdommin><rdommax>90</rdommax></rdom></attrdomv></attr><attr><attrlabl>reldistance</attrlabl><attrdef>Real distance</attrdef><attrdefs>Data provider</attrdefs><attrdomv><rdom><rdommin>3</rdommin><rdommax>3</rdommax></rdom></attrdomv></attr><attr><attrlabl>notes</attrlabl><attrdef>Notes</attrdef><attrdefs>Data provider</attrdefs><attrdomv><udom>Notes</udom></attrdomv></attr><attr><attrlabl>buttonref</attrlabl><attrdef>definition not provided</attrdef><attrdefs>Data provider</attrdefs><attrdomv><udom>definition not provided</udom></attrdomv></attr><attr><attrlabl>latitude</attrlabl><attrdef>Latitude in decimal degrees</attrdef><attrdefs>Data provider</attrdefs><attrdomv><rdom><rdommin>-36.000850</rdommin><rdommax>68.094000</rdommax></rdom></attrdomv></attr><attr><attrlabl>longitude</attrlabl><attrdef>Longitude in decimal degrees</attrdef><attrdefs>Data provider</attrdefs><attrdomv><rdom><rdommin>-74.745350</rdommin><rdommax>138.447300</rdommax></rdom></attrdomv></attr><attr><attrlabl>seastate</attrlabl><attrdef>Sea state</attrdef><attrdefs>Data provider</attrdefs><attrdomv><udom>Sea state</udom></attrdomv></attr><attr><attrlabl>waveheight</attrlabl><attrdef>Wave height</attrdef><attrdefs>Data provider</attrdefs><attrdomv><rdom><rdommin>0.000</rdommin><rdommax>5.000</rdommax></rdom></attrdomv></attr><attr><attrlabl>swell</attrlabl><attrdef>Swell</attrdef><attrdefs>Data provider</attrdefs><attrdomv><rdom><rdommin>0.000</rdommin><rdommax>5.000</rdommax></rdom></attrdomv></attr><attr><attrlabl>weather</attrlabl><attrdef>Weather code</attrdef><attrdefs>Data provider</attrdefs><attrdomv><codesetd><codesetn>Weather code</codesetn><codesets>Data provider</codesets></codesetd></attrdomv></attr><attr><attrlabl>cloudcover</attrlabl><attrdef>Cloud cover</attrdef><attrdefs>Data provider</attrdefs><attrdomv><rdom><rdommin>0</rdommin><rdommax>70</rdommax></rdom></attrdomv></attr><attr><attrlabl>visibility</attrlabl><attrdef>Visibility</attrdef><attrdefs>Data provider</attrdefs><attrdomv><udom>Visibility</udom></attrdomv></attr><attr><attrlabl>pressure</attrlabl><attrdef>Pressure</attrdef><attrdefs>Data provider</attrdefs><attrdomv><rdom><rdommin>0</rdommin><rdommax>1037</rdommax></rdom></attrdomv></attr><attr><attrlabl>intensity</attrlabl><attrdef>Intensity</attrdef><attrdefs>Data provider</attrdefs><attrdomv><udom>Intensity</udom></attrdomv></attr><attr><attrlabl>glare_start</attrlabl><attrdef>Glare start</attrdef><attrdefs>Data provider</attrdefs><attrdomv><rdom><rdommin>0</rdommin><rdommax>355</rdommax></rdom></attrdomv></attr><attr><attrlabl>glare_stop</attrlabl><attrdef>Glare stop</attrdef><attrdefs>Data provider</attrdefs><attrdomv><rdom><rdommin>0</rdommin><rdommax>360</rdommax></rdom></attrdomv></attr><attr><attrlabl>sail_start</attrlabl><attrdef>Start time of the sail</attrdef><attrdefs>Data provider</attrdefs><attrdomv><rdom><rdommin>0</rdommin><rdommax>355</rdommax></rdom></attrdomv></attr><attr><attrlabl>sail_stop</attrlabl><attrdef>End time of the sail</attrdef><attrdefs>Data provider</attrdefs><attrdomv><rdom><rdommin>0</rdommin><rdommax>360</rdommax></rdom></attrdomv></attr><attr><attrlabl>environment_notes</attrlabl><attrdef>Notes on environment</attrdef><attrdefs>Data provider</attrdefs><attrdomv><udom>Notes on environment</udom></attrdomv></attr><attr><attrlabl>windspeed</attrlabl><attrdef>Wind speed</attrdef><attrdefs>Data provider</attrdefs><attrdomv><rdom><rdommin>0.00</rdommin><rdommax>45.00</rdommax></rdom></attrdomv></attr><attr><attrlabl>winddirection</attrlabl><attrdef>Wind direction</attrdef><attrdefs>Data provider</attrdefs><attrdomv><rdom><rdommin>0.00</rdommin><rdommax>359.90</rdommax></rdom></attrdomv></attr><attr><attrlabl>temperature</attrlabl><attrdef>Water temperature</attrdef><attrdefs>Data provider</attrdefs><attrdomv><rdom><rdommin>0.00</rdommin><rdommax>30.20</rdommax></rdom></attrdomv></attr><attr><attrlabl>windside</attrlabl><attrdef>Wind side</attrdef><attrdefs>Data provider</attrdefs><attrdomv><udom>Wind side</udom></attrdomv></attr><attr><attrlabl>geom</attrlabl><attrdef>Geometry field added by OBIS-SEAMAP</attrdef><attrdefs>Data provider</attrdefs><attrdomv><udom>Geometry field added by OBIS-SEAMAP</udom></attrdomv></attr></detailed><overview><eaover>This section explains attributes included in the original dataset.&#13;
OBIS-SEAMAP restricts the attributes available to the public to date/time, lat/lon and species names/counts only.&#13;
Should you need other attributes described here, you are encouraged to contact the data provider.</eaover><eadetcit>International Fund for Animal Welfare, Song of the Whale Team</eadetcit></overview>
	</eainfo><distinfo>
	<distrib>
		<cntinfo>
			<cntorgp>
				<cntorg>Nicholas School of Environment, Duke Univ.</cntorg>
				<cntper>OBIS-SEAMAP</cntper>
			</cntorgp>
			<cntaddr>
				<addrtype>mailing and physical address</addrtype>
				<address>A328, LSRC</address><city>Durham</city><state>NC</state><postal>27708</postal><country>USA</country>
			</cntaddr>
			<cntvoice>919-613-8021</cntvoice>
			<cntemail>seamap-contact@duke.edu</cntemail>
		</cntinfo>
	</distrib><resdesc>OBIS-SEAMAP Dataset ID 1158</resdesc><distliab>Not to hold OBIS-SEAMAP liable for errors in the data. While we have made every effort to ensure the quality of the database, we cannot guarantee the accuracy of these datasets.&#13;
Also please refer to Use Constraints.</distliab>
	<stdorder>
		<digform>
			<digtinfo>
				<formname>CSV and ESRI shapefile</formname></digtinfo>
			<digtopt>
				<onlinopt>
					<computer>
						<networka>
							<networkr>OBIS-SEAMAP</networkr>
						</networka>
					</computer>
				</onlinopt>
			</digtopt>
		</digform>
		<fees>Free</fees>
		<ordering>Go to the OBIS-SEAMAP web site.</ordering>
	</stdorder>
	

	
</distinfo><metainfo>
	<metd>20140612</metd><metrd>20140612</metrd><metc>
		<cntinfo><cntperp>
	<cntper>Ei Fujioka</cntper>
	<cntorg>Nicholas School, Duke University</cntorg></cntperp><cntaddr><addrtype>mailing and physical address</addrtype><address>A328, LSRC</address><city>Durham</city><state>NC</state><postal>27708</postal><country>USA</country></cntaddr>
			<cntvoice>919-613-8021</cntvoice>
			<cntemail>seamap-contact@duke.edu</cntemail>
			</cntinfo>
	</metc><metstdn>FGDC Content Standards for Digital Geospatial Metadata</metstdn><metstdv>FGDC-STD-001-1998</metstdv><mettc>local time</mettc>
	
	
	
	
	<metextns><onlink>http://www.nbii.gov/</onlink><metprof>Biological Data Profile</metprof></metextns>
	
	</metainfo>
	
</metadata>
