<?xml version="1.0" encoding="UTF-8"?>
<metadata xml:lang="en"><Esri><CreaDate>20050525</CreaDate><CreaTime>13424700</CreaTime><SyncOnce>FALSE</SyncOnce><SyncDate>20050812</SyncDate><SyncTime>11585100</SyncTime><ModDate>20050812</ModDate><ModTime>11585100</ModTime><MetaID>{AC51635B-F22A-4439-8279-8A1B471AE8E4}</MetaID></Esri><idinfo><keywords><theme><themekt>Marine Biology</themekt><themekey>Cetaceans</themekey><themekey>Dolphins</themekey><themekey>Marine mammals</themekey><themekey>Whales</themekey><themekey>Animals</themekey><themekey>Sea turtles</themekey><themekey>Sea birds</themekey></theme><theme><themekey>ShipSurvey</themekey><themekt>Ship Survey</themekt><themekey>Observations</themekey><themekey>Transects</themekey><themekey>Line transects</themekey></theme><place><placekt>Atlantic</placekt><placekey>Atlantic</placekey><placekey>Atlantic Ocean</placekey><placekey>East coast</placekey><placekey>Cape Hatteras</placekey></place><place><placekt>Country</placekt><placekey>USA</placekey><placekey>United States Of America</placekey></place><temporal><tempkt>Years</tempkt><tempkey>2004</tempkey></temporal><theme><themekt>ArcIMS Metadata Server Theme Codes</themekt><themekey>biota</themekey><themekey>environment</themekey><themekey>geoscientificinformation</themekey><themekey>location</themekey><themekey>oceans</themekey></theme><theme><themekt>Ecological Dynamics</themekt><themekey>Endangered Species</themekey><themekey>Biomass</themekey><themekey>Community Structure</themekey><themekey>Range Changes</themekey></theme><theme><themekt>Environmental Impacts</themekt><themekey>Conservation</themekey><themekey>Environmental Assessments</themekey></theme><theme><themekt>Population</themekt><themekey>Population Distribution</themekey><themekey>Population Size</themekey><themekey>Abundance</themekey><themekey>Spatial distribution</themekey></theme></keywords><native Sync="TRUE">Microsoft Windows 2000 Version 5.0 (Build 2195) Service Pack 4; ESRI ArcCatalog 8.3.0.800</native><descript><langdata Sync="TRUE">en</langdata><supplinf>Where Current Collide website: http://www.whoi.edu/science/PO/hatterasfronts/index.html

In addition to the sighting data, effort data and environmental data were recorded.
This dataset, therefore, should be used with the effort data.</supplinf><abstract>This dataset contains locational information of marine mammal, sea bird, sea turtle sightings off of Cape Hatteras, North Carolina, in August, 2004.</abstract><purpose>http://www.whoi.edu/science/PO/hatterasfronts/marinemammal.html

Our objective is to map the distribution of upper-trophic predators with respect to physical and biological gradients across the NC shelf. A team of observers used standardized population sampling techniques, including line-transect and strip transect methods, to survey the distribution and abundance of marine mammals, birds and turtles. By repeatedly surveying the study area in conjunction with physical and biological measurements from in-situ and remote-sensing platforms, we will quantify how these predators respond to changes in the oceanography of this dynamic region over short time scales (days) and across seasons (summer - winter).</purpose></descript><citation><citeinfo><origin>LaBrecque, E</origin><pubdate>2011</pubdate><title>Cape Hatteras 04-05</title><onlink>http://seamap.env.duke.edu/dataset/298</onlink><serinfo><sername>OBIS-SEAMAP</sername><issue>298</issue></serinfo><pubinfo><pubplace>http://seamap.env.duke.edu/dataset/298</pubplace><publish>OBIS-SEAMAP</publish></pubinfo></citeinfo></citation><timeperd><current>ground condition</current><timeinfo><rngdates><begdate>8/4/2004</begdate><enddate>8/13/2004</enddate></rngdates></timeinfo></timeperd><status><progress>In work</progress><update>Unknown</update></status><spdom><bounding><westbc Sync="TRUE">-75.168700</westbc><eastbc Sync="TRUE">-74.497000</eastbc><northbc Sync="TRUE">36.685500</northbc><southbc Sync="TRUE">35.338500</southbc></bounding><lboundng><leftbc Sync="TRUE">-75.168700</leftbc><rightbc Sync="TRUE">-74.497000</rightbc><bottombc Sync="TRUE">35.338500</bottombc><topbc Sync="TRUE">36.685500</topbc></lboundng></spdom><accconst>Open public unless otherwise noted. See Use Constraints for details.</accconst><useconst>1. Not to use data obtained from OBIS-SEAMAP in any publication, product, or commercial application without proper attribution to the original data provider(s) and OBIS-SEAMAP unless the datasets are explicitly shown under the CC0 policy. Citations or credits are suggested as attribution. If the data you downloaded come from multiple datasets, a citation or credit to each of the datasets is required.

Suggested citation for this dataset:

LaBrecque, E. 2011. Cape Hatteras 04-05. Data downloaded from OBIS-SEAMAP (http://seamap.env.duke.edu/dataset/298) on yyyy-mm-dd.

Suggested citation for OBIS-SEAMAP:

Halpin, P.N., A.J. Read, E. Fujioka, B.D. Best, B. Donnelly, L.J. Hazen, C. Kot, K. Urian, E. LaBrecque, A. Dimatteo, J. Cleary, C. Good, L.B. Crowder, and K.D. Hyrenbach. 2009. OBIS-SEAMAP: The world data center for marine mammal, sea bird, and sea turtle distributions. Oceanography 22(2):104-115

2. To forward the citation of any publication / report that made use of the data / tools provided by OBIS-SEAMAP for inclusion in our list of references.

3. Not to hold OBIS-SEAMAP or the original data providers liable for errors in the data. While we have made every effort to ensure the quality of the database, we cannot guarantee the accuracy of these datasets. 

4. The burden for determining fitness for use of the downloaded data for any analyses lies entirely with the user. OBIS-SEAMAP or the original data providers do not support outcomes of your analyses that used the data you downloaded from OBIS-SEAMAP.

5. To consider inclusion of the accompanying transect (effort) dataset if available into the methodology of your analyses.

6. Not to redistribute the data you downloaded from OBIS-SEAMAP through any media without contect from OBIS-SEAMAP and the original data providers unless the datasets are explicitly shown under the CC0 policy.</useconst><natvform Sync="TRUE">Shapefile</natvform><ptcontac><cntinfo><cntperp><cntper>Erin LaBrecque</cntper><cntorg>Nicholas School of  the Environment and Earth Sciences, Duke University</cntorg></cntperp><cntaddr><addrtype>mailing address</addrtype><state>NC</state><country>USA</country><address>135 Duke Marine Lab Road</address><city>Beaufort</city><postal>28516</postal></cntaddr><cntemail>eal12@duke.edu</cntemail></cntinfo></ptcontac><datacred>Nicholas School of  the Environment and Earth Sciences, Duke University</datacred><taxonomy><keywtax><taxonkt>Animal Taxonomy</taxonkt><taxonkey>Animals</taxonkey><taxonkey>Birds</taxonkey><taxonkey>Vertebrates</taxonkey><taxonkey>Fish</taxonkey><taxonkey>Mammals</taxonkey><taxonkey>Reptiles</taxonkey></keywtax><keywtax><taxonkt>Marine mammals</taxonkt><taxonkey>Dolphins</taxonkey><taxonkey>Whales</taxonkey><taxonkey>Marine mammals</taxonkey><taxonkey>Cetaceans</taxonkey></keywtax><keywtax><taxonkt>Marine Reptiles</taxonkt><taxonkey>Marine Reptiles</taxonkey><taxonkey>Sea turtles</taxonkey></keywtax><taxonsys><classsys><classcit><citeinfo><origin>Integrated Taxonomic Information System</origin><title>Integrated Taxonomic Information System</title><onlink>http://www.itis.usda.gov/</onlink><othercit>Downloaded April, 2004</othercit></citeinfo></classcit></classsys><ider><cntinfo><cntorgp><cntorg>Nicholas School of  the Environment and Earth Sciences, Duke University</cntorg><cntper>Erin LaBrecque</cntper></cntorgp><cntvoice/><cntpos/><cntemail>eal12@duke.edu</cntemail><cntaddr><addrtype>Mailing</addrtype><address/><city/><state>NC</state><postal/><country>USA</country></cntaddr></cntinfo></ider></taxonsys><taxoncl><taxonrn>Kingdom</taxonrn><taxonrv>Animalia</taxonrv><common>animals</common><taxoncl><taxonrn>Phylum</taxonrn><taxonrv>Chordata</taxonrv><common>chordates</common><taxoncl><taxonrn>Subphylum</taxonrn><taxonrv>Vertebrata</taxonrv><common>vertebrates</common><taxoncl><taxonrn>Class</taxonrn><taxonrv>Chondrichthyes</taxonrv><common>cartilaginous fishes</common><common>rays</common><common>sharks</common></taxoncl></taxoncl></taxoncl></taxoncl><taxoncl><taxonrn>Kingdom</taxonrn><taxonrv>Animalia</taxonrv><common>animals</common><taxoncl><taxonrn>Phylum</taxonrn><taxonrv>Chordata</taxonrv><common>chordates</common><taxoncl><taxonrn>Subphylum</taxonrn><taxonrv>Vertebrata</taxonrv><common>vertebrates</common><taxoncl><taxonrn>Superclass</taxonrn><taxonrv>Osteichthyes</taxonrv><common>bony fishes</common><taxoncl><taxonrn>Class</taxonrn><taxonrv>Actinopterygii</taxonrv><common>ray-finned fishes</common><common>spiny rayed fishes</common><taxoncl><taxonrn>Subclass</taxonrn><taxonrv>Neopterygii</taxonrv><taxoncl><taxonrn>Infraclass</taxonrn><taxonrv>Teleostei</taxonrv><taxoncl><taxonrn>Superorder</taxonrn><taxonrv>Acanthopterygii</taxonrv><taxoncl><taxonrn>Order</taxonrn><taxonrv>Tetraodontiformes</taxonrv><common>leatherjackets</common><common>cowfishes</common><common>filefishes</common><common>puffers</common><common>triggerfishes</common><common>trunkfishes</common><taxoncl><taxonrn>Suborder</taxonrn><taxonrv>Tetraodontoidei</taxonrv><common>puffers</common><common>porcupinefishes</common><taxoncl><taxonrn>Family</taxonrn><taxonrv>Molidae</taxonrv><common>trunkfishes</common><common>headfishes</common><common>molas</common><common>ocean sunfishes</common><taxoncl><taxonrn>Genus</taxonrn><taxonrv>Mola</taxonrv><common>molas</common><taxoncl><taxonrn>Species</taxonrn><taxonrv>Mola mola</taxonrv><common>ocean sunfish</common></taxoncl></taxoncl></taxoncl></taxoncl></taxoncl></taxoncl></taxoncl></taxoncl></taxoncl></taxoncl></taxoncl></taxoncl></taxoncl><taxoncl><taxonrn>Kingdom</taxonrn><taxonrv>Animalia</taxonrv><common>animals</common><taxoncl><taxonrn>Phylum</taxonrn><taxonrv>Chordata</taxonrv><common>chordates</common><taxoncl><taxonrn>Subphylum</taxonrn><taxonrv>Vertebrata</taxonrv><common>vertebrates</common><taxoncl><taxonrn>Class</taxonrn><taxonrv>Reptilia</taxonrv><common>reptiles</common><taxoncl><taxonrn>Order</taxonrn><taxonrv>Testudines</taxonrv><common>terrapins</common><common>tortoises</common><common>turtles</common><taxoncl><taxonrn>Family</taxonrn><taxonrv>Cheloniidae</taxonrv><common>marine turtles</common><common>modern sea turtles</common><common>sea turtles</common></taxoncl></taxoncl></taxoncl></taxoncl></taxoncl></taxoncl><taxoncl><taxonrn>Kingdom</taxonrn><taxonrv>Animalia</taxonrv><common>animals</common><taxoncl><taxonrn>Phylum</taxonrn><taxonrv>Chordata</taxonrv><common>chordates</common><taxoncl><taxonrn>Subphylum</taxonrn><taxonrv>Vertebrata</taxonrv><common>vertebrates</common><taxoncl><taxonrn>Class</taxonrn><taxonrv>Reptilia</taxonrv><common>reptiles</common><taxoncl><taxonrn>Order</taxonrn><taxonrv>Testudines</taxonrv><common>terrapins</common><common>tortoises</common><common>turtles</common><taxoncl><taxonrn>Family</taxonrn><taxonrv>Cheloniidae</taxonrv><common>marine turtles</common><common>modern sea turtles</common><common>sea turtles</common><taxoncl><taxonrn>Genus</taxonrn><taxonrv>Caretta</taxonrv><common>loggerhead sea turtles</common><taxoncl><taxonrn>Species</taxonrn><taxonrv>Caretta caretta</taxonrv><common>loggerhead</common><common>loggerhead sea turtle</common></taxoncl></taxoncl></taxoncl></taxoncl></taxoncl></taxoncl></taxoncl></taxoncl><taxoncl><taxonrn>Kingdom</taxonrn><taxonrv>Animalia</taxonrv><common>animals</common><taxoncl><taxonrn>Phylum</taxonrn><taxonrv>Chordata</taxonrv><common>chordates</common><taxoncl><taxonrn>Subphylum</taxonrn><taxonrv>Vertebrata</taxonrv><common>vertebrates</common><taxoncl><taxonrn>Class</taxonrn><taxonrv>Aves</taxonrv><common>birds</common></taxoncl></taxoncl></taxoncl></taxoncl><taxoncl><taxonrn>Kingdom</taxonrn><taxonrv>Animalia</taxonrv><common>animals</common><taxoncl><taxonrn>Phylum</taxonrn><taxonrv>Chordata</taxonrv><common>chordates</common><taxoncl><taxonrn>Subphylum</taxonrn><taxonrv>Vertebrata</taxonrv><common>vertebrates</common><taxoncl><taxonrn>Class</taxonrn><taxonrv>Aves</taxonrv><common>birds</common><taxoncl><taxonrn>Order</taxonrn><taxonrv>Ciconiiformes</taxonrv><common>flamingos</common><common>herons</common><common>ibises</common><common>storks</common><common>albatrosses</common><common>alcids</common><common>auks</common><common>cormorants</common><common>diurnal birds of prey</common><common>eagles</common><common>falconiforms</common><common>falcons</common><common>grebes</common><common>gulls</common><common>hawks</common><common>loons</common><common>osprey</common><common>oystercatchers</common><common>pelicans</common><common>petrels</common><common>plovers</common><common>shearwaters</common><common>shore birds</common><common>totipalmate swimmers</common><common>tube-nosed swimmers</common><taxoncl><taxonrn>Family</taxonrn><taxonrv>Procellariidae</taxonrv><common>albatrosses</common><common>fulmars</common><common>petrels</common><common>shearwaters</common><common>storm petrels</common></taxoncl></taxoncl></taxoncl></taxoncl></taxoncl></taxoncl><taxoncl><taxonrn>Kingdom</taxonrn><taxonrv>Animalia</taxonrv><common>animals</common><taxoncl><taxonrn>Phylum</taxonrn><taxonrv>Chordata</taxonrv><common>chordates</common><taxoncl><taxonrn>Subphylum</taxonrn><taxonrv>Vertebrata</taxonrv><common>vertebrates</common><taxoncl><taxonrn>Class</taxonrn><taxonrv>Aves</taxonrv><common>birds</common><taxoncl><taxonrn>Order</taxonrn><taxonrv>Ciconiiformes</taxonrv><common>flamingos</common><common>herons</common><common>ibises</common><common>storks</common><common>albatrosses</common><common>alcids</common><common>auks</common><common>cormorants</common><common>diurnal birds of prey</common><common>eagles</common><common>falconiforms</common><common>falcons</common><common>grebes</common><common>gulls</common><common>hawks</common><common>loons</common><common>osprey</common><common>oystercatchers</common><common>pelicans</common><common>petrels</common><common>plovers</common><common>shearwaters</common><common>shore birds</common><common>totipalmate swimmers</common><common>tube-nosed swimmers</common><taxoncl><taxonrn>Family</taxonrn><taxonrv>Procellariidae</taxonrv><common>albatrosses</common><common>fulmars</common><common>petrels</common><common>shearwaters</common><common>storm petrels</common><taxoncl><taxonrn>Genus</taxonrn><taxonrv>Puffinus</taxonrv><taxoncl><taxonrn>Species</taxonrn><taxonrv>Puffinus gravis</taxonrv><common>greater shearwater</common></taxoncl></taxoncl></taxoncl></taxoncl></taxoncl></taxoncl></taxoncl></taxoncl><taxoncl><taxonrn>Kingdom</taxonrn><taxonrv>Animalia</taxonrv><common>animals</common><taxoncl><taxonrn>Phylum</taxonrn><taxonrv>Chordata</taxonrv><common>chordates</common><taxoncl><taxonrn>Subphylum</taxonrn><taxonrv>Vertebrata</taxonrv><common>vertebrates</common><taxoncl><taxonrn>Class</taxonrn><taxonrv>Aves</taxonrv><common>birds</common><taxoncl><taxonrn>Order</taxonrn><taxonrv>Ciconiiformes</taxonrv><common>flamingos</common><common>herons</common><common>ibises</common><common>storks</common><common>albatrosses</common><common>alcids</common><common>auks</common><common>cormorants</common><common>diurnal birds of prey</common><common>eagles</common><common>falconiforms</common><common>falcons</common><common>grebes</common><common>gulls</common><common>hawks</common><common>loons</common><common>osprey</common><common>oystercatchers</common><common>pelicans</common><common>petrels</common><common>plovers</common><common>shearwaters</common><common>shore birds</common><common>totipalmate swimmers</common><common>tube-nosed swimmers</common><taxoncl><taxonrn>Family</taxonrn><taxonrv>Procellariidae</taxonrv><common>albatrosses</common><common>fulmars</common><common>petrels</common><common>shearwaters</common><common>storm petrels</common><taxoncl><taxonrn>Genus</taxonrn><taxonrv>Puffinus</taxonrv><taxoncl><taxonrn>Species</taxonrn><taxonrv>Puffinus griseus</taxonrv><common>sooty shearwater</common></taxoncl></taxoncl></taxoncl></taxoncl></taxoncl></taxoncl></taxoncl></taxoncl><taxoncl><taxonrn>Kingdom</taxonrn><taxonrv>Animalia</taxonrv><common>animals</common><taxoncl><taxonrn>Phylum</taxonrn><taxonrv>Chordata</taxonrv><common>chordates</common><taxoncl><taxonrn>Subphylum</taxonrn><taxonrv>Vertebrata</taxonrv><common>vertebrates</common><taxoncl><taxonrn>Class</taxonrn><taxonrv>Aves</taxonrv><common>birds</common><taxoncl><taxonrn>Order</taxonrn><taxonrv>Ciconiiformes</taxonrv><common>flamingos</common><common>herons</common><common>ibises</common><common>storks</common><common>albatrosses</common><common>alcids</common><common>auks</common><common>cormorants</common><common>diurnal birds of prey</common><common>eagles</common><common>falconiforms</common><common>falcons</common><common>grebes</common><common>gulls</common><common>hawks</common><common>loons</common><common>osprey</common><common>oystercatchers</common><common>pelicans</common><common>petrels</common><common>plovers</common><common>shearwaters</common><common>shore birds</common><common>totipalmate swimmers</common><common>tube-nosed swimmers</common><taxoncl><taxonrn>Family</taxonrn><taxonrv>Procellariidae</taxonrv><common>albatrosses</common><common>fulmars</common><common>petrels</common><common>shearwaters</common><common>storm petrels</common><taxoncl><taxonrn>Genus</taxonrn><taxonrv>Puffinus</taxonrv><taxoncl><taxonrn>Species</taxonrn><taxonrv>Puffinus lherminieri</taxonrv></taxoncl></taxoncl></taxoncl></taxoncl></taxoncl></taxoncl></taxoncl></taxoncl><taxoncl><taxonrn>Kingdom</taxonrn><taxonrv>Animalia</taxonrv><common>animals</common><taxoncl><taxonrn>Phylum</taxonrn><taxonrv>Chordata</taxonrv><common>chordates</common><taxoncl><taxonrn>Subphylum</taxonrn><taxonrv>Vertebrata</taxonrv><common>vertebrates</common><taxoncl><taxonrn>Class</taxonrn><taxonrv>Aves</taxonrv><common>birds</common><taxoncl><taxonrn>Order</taxonrn><taxonrv>Ciconiiformes</taxonrv><common>flamingos</common><common>herons</common><common>ibises</common><common>storks</common><common>albatrosses</common><common>alcids</common><common>auks</common><common>cormorants</common><common>diurnal birds of prey</common><common>eagles</common><common>falconiforms</common><common>falcons</common><common>grebes</common><common>gulls</common><common>hawks</common><common>loons</common><common>osprey</common><common>oystercatchers</common><common>pelicans</common><common>petrels</common><common>plovers</common><common>shearwaters</common><common>shore birds</common><common>totipalmate swimmers</common><common>tube-nosed swimmers</common><taxoncl><taxonrn>Family</taxonrn><taxonrv>Procellariidae</taxonrv><common>albatrosses</common><common>fulmars</common><common>petrels</common><common>shearwaters</common><common>storm petrels</common><taxoncl><taxonrn>Genus</taxonrn><taxonrv>Oceanodroma</taxonrv></taxoncl></taxoncl></taxoncl></taxoncl></taxoncl></taxoncl></taxoncl><taxoncl><taxonrn>Kingdom</taxonrn><taxonrv>Animalia</taxonrv><common>animals</common><taxoncl><taxonrn>Phylum</taxonrn><taxonrv>Chordata</taxonrv><common>chordates</common><taxoncl><taxonrn>Subphylum</taxonrn><taxonrv>Vertebrata</taxonrv><common>vertebrates</common><taxoncl><taxonrn>Class</taxonrn><taxonrv>Aves</taxonrv><common>birds</common><taxoncl><taxonrn>Order</taxonrn><taxonrv>Ciconiiformes</taxonrv><common>flamingos</common><common>herons</common><common>ibises</common><common>storks</common><common>albatrosses</common><common>alcids</common><common>auks</common><common>cormorants</common><common>diurnal birds of prey</common><common>eagles</common><common>falconiforms</common><common>falcons</common><common>grebes</common><common>gulls</common><common>hawks</common><common>loons</common><common>osprey</common><common>oystercatchers</common><common>pelicans</common><common>petrels</common><common>plovers</common><common>shearwaters</common><common>shore birds</common><common>totipalmate swimmers</common><common>tube-nosed swimmers</common><taxoncl><taxonrn>Family</taxonrn><taxonrv>Procellariidae</taxonrv><common>albatrosses</common><common>fulmars</common><common>petrels</common><common>shearwaters</common><common>storm petrels</common><taxoncl><taxonrn>Genus</taxonrn><taxonrv>Oceanodroma</taxonrv><taxoncl><taxonrn>Species</taxonrn><taxonrv>Oceanodroma leucorhoa</taxonrv><common>leach's storm-petrel</common></taxoncl></taxoncl></taxoncl></taxoncl></taxoncl></taxoncl></taxoncl></taxoncl><taxoncl><taxonrn>Kingdom</taxonrn><taxonrv>Animalia</taxonrv><common>animals</common><taxoncl><taxonrn>Phylum</taxonrn><taxonrv>Chordata</taxonrv><common>chordates</common><taxoncl><taxonrn>Subphylum</taxonrn><taxonrv>Vertebrata</taxonrv><common>vertebrates</common><taxoncl><taxonrn>Class</taxonrn><taxonrv>Aves</taxonrv><common>birds</common><taxoncl><taxonrn>Order</taxonrn><taxonrv>Ciconiiformes</taxonrv><common>flamingos</common><common>herons</common><common>ibises</common><common>storks</common><common>albatrosses</common><common>alcids</common><common>auks</common><common>cormorants</common><common>diurnal birds of prey</common><common>eagles</common><common>falconiforms</common><common>falcons</common><common>grebes</common><common>gulls</common><common>hawks</common><common>loons</common><common>osprey</common><common>oystercatchers</common><common>pelicans</common><common>petrels</common><common>plovers</common><common>shearwaters</common><common>shore birds</common><common>totipalmate swimmers</common><common>tube-nosed swimmers</common><taxoncl><taxonrn>Family</taxonrn><taxonrv>Procellariidae</taxonrv><common>albatrosses</common><common>fulmars</common><common>petrels</common><common>shearwaters</common><common>storm petrels</common><taxoncl><taxonrn>Genus</taxonrn><taxonrv>Oceanites</taxonrv><taxoncl><taxonrn>Species</taxonrn><taxonrv>Oceanites oceanicus</taxonrv><common>wilson's storm-petrel</common></taxoncl></taxoncl></taxoncl></taxoncl></taxoncl></taxoncl></taxoncl></taxoncl><taxoncl><taxonrn>Kingdom</taxonrn><taxonrv>Animalia</taxonrv><common>animals</common><taxoncl><taxonrn>Phylum</taxonrn><taxonrv>Chordata</taxonrv><common>chordates</common><taxoncl><taxonrn>Subphylum</taxonrn><taxonrv>Vertebrata</taxonrv><common>vertebrates</common><taxoncl><taxonrn>Class</taxonrn><taxonrv>Aves</taxonrv><common>birds</common><taxoncl><taxonrn>Order</taxonrn><taxonrv>Ciconiiformes</taxonrv><common>flamingos</common><common>herons</common><common>ibises</common><common>storks</common><common>albatrosses</common><common>alcids</common><common>auks</common><common>cormorants</common><common>diurnal birds of prey</common><common>eagles</common><common>falconiforms</common><common>falcons</common><common>grebes</common><common>gulls</common><common>hawks</common><common>loons</common><common>osprey</common><common>oystercatchers</common><common>pelicans</common><common>petrels</common><common>plovers</common><common>shearwaters</common><common>shore birds</common><common>totipalmate swimmers</common><common>tube-nosed swimmers</common></taxoncl></taxoncl></taxoncl></taxoncl></taxoncl><taxoncl><taxonrn>Kingdom</taxonrn><taxonrv>Animalia</taxonrv><common>animals</common><taxoncl><taxonrn>Phylum</taxonrn><taxonrv>Chordata</taxonrv><common>chordates</common><taxoncl><taxonrn>Subphylum</taxonrn><taxonrv>Vertebrata</taxonrv><common>vertebrates</common><taxoncl><taxonrn>Class</taxonrn><taxonrv>Aves</taxonrv><common>birds</common><taxoncl><taxonrn>Order</taxonrn><taxonrv>Ciconiiformes</taxonrv><common>flamingos</common><common>herons</common><common>ibises</common><common>storks</common><common>albatrosses</common><common>alcids</common><common>auks</common><common>cormorants</common><common>diurnal birds of prey</common><common>eagles</common><common>falconiforms</common><common>falcons</common><common>grebes</common><common>gulls</common><common>hawks</common><common>loons</common><common>osprey</common><common>oystercatchers</common><common>pelicans</common><common>petrels</common><common>plovers</common><common>shearwaters</common><common>shore birds</common><common>totipalmate swimmers</common><common>tube-nosed swimmers</common><taxoncl><taxonrn>Family</taxonrn><taxonrv>Laridae</taxonrv><common>gulls</common><common>terns</common><common>auks</common><common>guillemots</common><common>murres</common><common>puffins</common></taxoncl></taxoncl></taxoncl></taxoncl></taxoncl></taxoncl><taxoncl><taxonrn>Kingdom</taxonrn><taxonrv>Animalia</taxonrv><common>animals</common><taxoncl><taxonrn>Phylum</taxonrn><taxonrv>Chordata</taxonrv><common>chordates</common><taxoncl><taxonrn>Subphylum</taxonrn><taxonrv>Vertebrata</taxonrv><common>vertebrates</common><taxoncl><taxonrn>Class</taxonrn><taxonrv>Mammalia</taxonrv><common>mammals</common><taxoncl><taxonrn>Subclass</taxonrn><taxonrv>Theria</taxonrv><taxoncl><taxonrn>Infraclass</taxonrn><taxonrv>Eutheria</taxonrv><taxoncl><taxonrn>Order</taxonrn><taxonrv>Cetacea</taxonrv><common>cetaceans</common><common>whales</common><common>dolphins</common><common>marine mammals</common><common>porpoises</common><taxoncl><taxonrn>Suborder</taxonrn><taxonrv>Odontoceti</taxonrv><common>toothed whales</common><taxoncl><taxonrn>Family</taxonrn><taxonrv>Delphinidae</taxonrv><common>dolphins</common><common>killer whales</common><common>pilot whales</common><common>marine dolphins</common></taxoncl></taxoncl></taxoncl></taxoncl></taxoncl></taxoncl></taxoncl></taxoncl></taxoncl><taxoncl><taxonrn>Kingdom</taxonrn><taxonrv>Animalia</taxonrv><common>animals</common><taxoncl><taxonrn>Phylum</taxonrn><taxonrv>Chordata</taxonrv><common>chordates</common><taxoncl><taxonrn>Subphylum</taxonrn><taxonrv>Vertebrata</taxonrv><common>vertebrates</common><taxoncl><taxonrn>Class</taxonrn><taxonrv>Mammalia</taxonrv><common>mammals</common><taxoncl><taxonrn>Subclass</taxonrn><taxonrv>Theria</taxonrv><taxoncl><taxonrn>Infraclass</taxonrn><taxonrv>Eutheria</taxonrv><taxoncl><taxonrn>Order</taxonrn><taxonrv>Cetacea</taxonrv><common>cetaceans</common><common>whales</common><common>dolphins</common><common>marine mammals</common><common>porpoises</common><taxoncl><taxonrn>Suborder</taxonrn><taxonrv>Odontoceti</taxonrv><common>toothed whales</common><taxoncl><taxonrn>Family</taxonrn><taxonrv>Delphinidae</taxonrv><common>dolphins</common><common>killer whales</common><common>pilot whales</common><common>marine dolphins</common><taxoncl><taxonrn>Genus</taxonrn><taxonrv>Tursiops</taxonrv><common>bottlenose dolphins</common><taxoncl><taxonrn>Species</taxonrn><taxonrv>Tursiops truncatus</taxonrv><common>bottlenose dolphin</common><common>bottlenosed dolphin</common></taxoncl></taxoncl></taxoncl></taxoncl></taxoncl></taxoncl></taxoncl></taxoncl></taxoncl></taxoncl></taxoncl><taxoncl><taxonrn>Kingdom</taxonrn><taxonrv>Animalia</taxonrv><common>animals</common><taxoncl><taxonrn>Phylum</taxonrn><taxonrv>Chordata</taxonrv><common>chordates</common><taxoncl><taxonrn>Subphylum</taxonrn><taxonrv>Vertebrata</taxonrv><common>vertebrates</common><taxoncl><taxonrn>Class</taxonrn><taxonrv>Mammalia</taxonrv><common>mammals</common><taxoncl><taxonrn>Subclass</taxonrn><taxonrv>Theria</taxonrv><taxoncl><taxonrn>Infraclass</taxonrn><taxonrv>Eutheria</taxonrv><taxoncl><taxonrn>Order</taxonrn><taxonrv>Cetacea</taxonrv><common>cetaceans</common><common>whales</common><common>dolphins</common><common>marine mammals</common><common>porpoises</common><taxoncl><taxonrn>Suborder</taxonrn><taxonrv>Odontoceti</taxonrv><common>toothed whales</common><taxoncl><taxonrn>Family</taxonrn><taxonrv>Delphinidae</taxonrv><common>dolphins</common><common>killer whales</common><common>pilot whales</common><common>marine dolphins</common><taxoncl><taxonrn>Genus</taxonrn><taxonrv>Stenella</taxonrv><common>spotted dolphins</common><common>spinner dolphins</common><common>striped dolphins</common></taxoncl></taxoncl></taxoncl></taxoncl></taxoncl></taxoncl></taxoncl></taxoncl></taxoncl></taxoncl><taxoncl><taxonrn>Kingdom</taxonrn><taxonrv>Animalia</taxonrv><common>animals</common><taxoncl><taxonrn>Phylum</taxonrn><taxonrv>Chordata</taxonrv><common>chordates</common><taxoncl><taxonrn>Subphylum</taxonrn><taxonrv>Vertebrata</taxonrv><common>vertebrates</common><taxoncl><taxonrn>Class</taxonrn><taxonrv>Mammalia</taxonrv><common>mammals</common><taxoncl><taxonrn>Subclass</taxonrn><taxonrv>Theria</taxonrv><taxoncl><taxonrn>Infraclass</taxonrn><taxonrv>Eutheria</taxonrv><taxoncl><taxonrn>Order</taxonrn><taxonrv>Cetacea</taxonrv><common>cetaceans</common><common>whales</common><common>dolphins</common><common>marine mammals</common><common>porpoises</common><taxoncl><taxonrn>Suborder</taxonrn><taxonrv>Odontoceti</taxonrv><common>toothed whales</common><taxoncl><taxonrn>Family</taxonrn><taxonrv>Delphinidae</taxonrv><common>dolphins</common><common>killer whales</common><common>pilot whales</common><common>marine dolphins</common><taxoncl><taxonrn>Genus</taxonrn><taxonrv>Globicephala</taxonrv><common>pilot whales</common></taxoncl></taxoncl></taxoncl></taxoncl></taxoncl></taxoncl></taxoncl></taxoncl></taxoncl></taxoncl><taxoncl><taxonrn>Kingdom</taxonrn><taxonrv>Animalia</taxonrv><common>animals</common><taxoncl><taxonrn>Phylum</taxonrn><taxonrv>Chordata</taxonrv><common>chordates</common><taxoncl><taxonrn>Subphylum</taxonrn><taxonrv>Vertebrata</taxonrv><common>vertebrates</common><taxoncl><taxonrn>Class</taxonrn><taxonrv>Mammalia</taxonrv><common>mammals</common><taxoncl><taxonrn>Subclass</taxonrn><taxonrv>Theria</taxonrv><taxoncl><taxonrn>Infraclass</taxonrn><taxonrv>Eutheria</taxonrv><taxoncl><taxonrn>Order</taxonrn><taxonrv>Cetacea</taxonrv><common>cetaceans</common><common>whales</common><common>dolphins</common><common>marine mammals</common><common>porpoises</common><taxoncl><taxonrn>Suborder</taxonrn><taxonrv>Odontoceti</taxonrv><common>toothed whales</common><taxoncl><taxonrn>Family</taxonrn><taxonrv>Delphinidae</taxonrv><common>dolphins</common><common>killer whales</common><common>pilot whales</common><common>marine dolphins</common><taxoncl><taxonrn>Genus</taxonrn><taxonrv>Globicephala</taxonrv><common>pilot whales</common><taxoncl><taxonrn>Species</taxonrn><taxonrv>Globicephala macrorhynchus</taxonrv><common>short-finned pilot whale</common></taxoncl></taxoncl></taxoncl></taxoncl></taxoncl></taxoncl></taxoncl></taxoncl></taxoncl></taxoncl></taxoncl><taxoncl><taxonrn>Kingdom</taxonrn><taxonrv>Animalia</taxonrv><common>animals</common><taxoncl><taxonrn>Phylum</taxonrn><taxonrv>Chordata</taxonrv><common>chordates</common><taxoncl><taxonrn>Subphylum</taxonrn><taxonrv>Vertebrata</taxonrv><common>vertebrates</common><taxoncl><taxonrn>Class</taxonrn><taxonrv>Mammalia</taxonrv><common>mammals</common><taxoncl><taxonrn>Subclass</taxonrn><taxonrv>Theria</taxonrv><taxoncl><taxonrn>Infraclass</taxonrn><taxonrv>Eutheria</taxonrv><taxoncl><taxonrn>Order</taxonrn><taxonrv>Cetacea</taxonrv><common>cetaceans</common><common>whales</common><common>dolphins</common><common>marine mammals</common><common>porpoises</common><taxoncl><taxonrn>Suborder</taxonrn><taxonrv>Odontoceti</taxonrv><common>toothed whales</common><taxoncl><taxonrn>Family</taxonrn><taxonrv>Ziphiidae</taxonrv><common>beaked whales</common><taxoncl><taxonrn>Genus</taxonrn><taxonrv>Ziphius</taxonrv><common>goose-beaked whales</common><taxoncl><taxonrn>Species</taxonrn><taxonrv>Ziphius cavirostris</taxonrv><common>goose-beaked whale</common><common>Cuvier's beaked whale</common><common>goosebeak whale</common></taxoncl></taxoncl></taxoncl></taxoncl></taxoncl></taxoncl></taxoncl></taxoncl></taxoncl></taxoncl></taxoncl><taxoncl><taxonrn>Kingdom</taxonrn><taxonrv>Animalia</taxonrv><common>animals</common><taxoncl><taxonrn>Phylum</taxonrn><taxonrv>Chordata</taxonrv><common>chordates</common><taxoncl><taxonrn>Subphylum</taxonrn><taxonrv>Vertebrata</taxonrv><common>vertebrates</common><taxoncl><taxonrn>Class</taxonrn><taxonrv>Aves</taxonrv><common>birds</common><taxoncl><taxonrn>Order</taxonrn><taxonrv>Ciconiiformes</taxonrv><common>flamingos</common><common>herons</common><common>ibises</common><common>storks</common><common>albatrosses</common><common>alcids</common><common>auks</common><common>cormorants</common><common>diurnal birds of prey</common><common>eagles</common><common>falconiforms</common><common>falcons</common><common>grebes</common><common>gulls</common><common>hawks</common><common>loons</common><common>osprey</common><common>oystercatchers</common><common>pelicans</common><common>petrels</common><common>plovers</common><common>shearwaters</common><common>shore birds</common><common>totipalmate swimmers</common><common>tube-nosed swimmers</common><taxoncl><taxonrn>Family</taxonrn><taxonrv>Procellariidae</taxonrv><common>albatrosses</common><common>fulmars</common><common>petrels</common><common>shearwaters</common><common>storm petrels</common><taxoncl><taxonrn>Genus</taxonrn><taxonrv>Calonectris</taxonrv><taxoncl><taxonrn>Species</taxonrn><taxonrv>Calonectris diomedea</taxonrv><common>cory's shearwater</common></taxoncl></taxoncl></taxoncl></taxoncl></taxoncl></taxoncl></taxoncl></taxoncl><taxoncl><taxonrn>Kingdom</taxonrn><taxonrv>Animalia</taxonrv><common>animals</common><taxoncl><taxonrn>Phylum</taxonrn><taxonrv>Chordata</taxonrv><common>chordates</common><taxoncl><taxonrn>Subphylum</taxonrn><taxonrv>Vertebrata</taxonrv><common>vertebrates</common><taxoncl><taxonrn>Class</taxonrn><taxonrv>Mammalia</taxonrv><common>mammals</common><taxoncl><taxonrn>Subclass</taxonrn><taxonrv>Theria</taxonrv><taxoncl><taxonrn>Infraclass</taxonrn><taxonrv>Eutheria</taxonrv><taxoncl><taxonrn>Order</taxonrn><taxonrv>Cetacea</taxonrv><common>cetaceans</common><common>whales</common><common>dolphins</common><common>marine mammals</common><common>porpoises</common><taxoncl><taxonrn>Suborder</taxonrn><taxonrv>Odontoceti</taxonrv><common>toothed whales</common><taxoncl><taxonrn>Family</taxonrn><taxonrv>Delphinidae</taxonrv><common>dolphins</common><common>killer whales</common><common>pilot whales</common><common>marine dolphins</common><taxoncl><taxonrn>Genus</taxonrn><taxonrv>Stenella</taxonrv><common>spotted dolphins</common><common>spinner dolphins</common><common>striped dolphins</common><taxoncl><taxonrn>Species</taxonrn><taxonrv>Stenella frontalis</taxonrv><common>Atlantic spotted dolphin</common></taxoncl></taxoncl></taxoncl></taxoncl></taxoncl></taxoncl></taxoncl></taxoncl></taxoncl></taxoncl></taxoncl></taxonomy><crossref><citeinfo><origin>Halpin, P.N., A.J. Read, E. Fujioka, B.D. Best, B. Donnelly, L.J. Hazen, C. Kot, K. Urian, E. LaBrecque, A. Dimatteo, J. Cleary, C. Good, L.B. Crowder, and K.D. Hyrenbach</origin><pubdate>2009</pubdate><title>OBIS-SEAMAP: The world data center for marine mammal, sea bird, and sea turtle distributions</title><geoform>vector digital data</geoform><serinfo><sername>Oceanography</sername><issue>22(2):104-115</issue></serinfo><onlink>http://www.tos.org/oceanography/article/obis-seamap-the-world-data-center-for-marine-mammal-sea-bird-and-sea-turtle</onlink></citeinfo></crossref></idinfo><dataIdInfo><envirDesc Sync="TRUE">Microsoft Windows 2000 Version 5.0 (Build 2195) Service Pack 4; ESRI ArcCatalog 8.3.0.800</envirDesc><dataLang><languageCode Sync="TRUE" value="en"/></dataLang><idCitation><resTitle Sync="TRUE">CapeHatteras_O</resTitle><presForm><PresFormCd Sync="TRUE" value="005"/></presForm></idCitation><spatRpType><SpatRepTypCd Sync="TRUE" value="001"/></spatRpType><dataExt><geoEle><GeoBndBox esriExtentType="native"><westBL Sync="TRUE">-75.1687</westBL><eastBL Sync="TRUE">-74.497</eastBL><northBL Sync="TRUE">36.6855</northBL><southBL Sync="TRUE">35.3385</southBL><exTypeCode Sync="TRUE">1</exTypeCode></GeoBndBox></geoEle></dataExt><geoBox esriExtentType="decdegrees"><westBL Sync="TRUE">-75.1687</westBL><eastBL Sync="TRUE">-74.497</eastBL><northBL Sync="TRUE">36.6855</northBL><southBL Sync="TRUE">35.3385</southBL><exTypeCode Sync="TRUE">1</exTypeCode></geoBox></dataIdInfo><metainfo><langmeta Sync="TRUE">en</langmeta><metstdn Sync="TRUE">FGDC Content Standards for Digital Geospatial Metadata</metstdn><metstdv Sync="TRUE">FGDC-STD-001-1998</metstdv><mettc Sync="TRUE">local time</mettc><metc><cntinfo><cntorgp><cntper>Ei Fujioka</cntper><cntorg>Nicholas School, Duke University</cntorg></cntorgp><cntaddr><addrtype>REQUIRED: The mailing and/or physical address for the organization or individual.</addrtype><city>REQUIRED: The city of the address.</city><state>REQUIRED: The state or province of the address.</state><postal>REQUIRED: The ZIP or other postal code of the address.</postal></cntaddr><cntvoice>REQUIRED: The telephone number by which individuals can speak to the organization or individual.</cntvoice></cntinfo></metc><metd Sync="TRUE">20050812</metd><metextns><onlink>http://www.nbii.gov/datainfo/metadata/standards/index.html</onlink><metprof>Biological Data Profile</metprof></metextns><metextns><onlink Sync="TRUE">http://www.esri.com/metadata/esriprof80.html</onlink><metprof Sync="TRUE">ESRI Metadata Profile</metprof></metextns></metainfo><mdLang><languageCode Sync="TRUE" value="en"/></mdLang><mdStanName Sync="TRUE">ISO 19115 Geographic Information - Metadata</mdStanName><mdStanVer Sync="TRUE">DIS_ESRI1.0</mdStanVer><mdChar><CharSetCd Sync="TRUE" value="004"/></mdChar><mdHrLv><ScopeCd Sync="TRUE" value="005"/></mdHrLv><mdHrLvName Sync="TRUE">dataset</mdHrLvName><distinfo><resdesc Sync="TRUE">Downloadable Data</resdesc><stdorder><digform><digtinfo><transize Sync="TRUE">0.190</transize><dssize Sync="TRUE">0.190</dssize></digtinfo><digtopt><onlinopt><computer><networka><networkr>OBIS-SEAMAP</networkr></networka></computer></onlinopt></digtopt></digform><fees>Free</fees><ordering>Go to the OBIS-SEAMAP web site and click on [Datasets] tab appearing on upper left.</ordering></stdorder><distrib><cntinfo><cntperp><cntorg>Nicholas School, Duke Univ.</cntorg><cntper>OBIS-SEAMAP</cntper></cntperp><cntaddr><addrtype>mailing address</addrtype><city>Durham</city><state>NC</state><country>USA</country></cntaddr></cntinfo></distrib><distliab>Not to hold OBIS-SEAMAP liable for errors in the data. While we have made every effort to ensure the quality of the database, we cannot guarantee the accuracy of these datasets.
Also please refer to Use Constraints.
</distliab></distinfo><distInfo><distributor><distorTran><onLineSrc><orDesc Sync="TRUE">002</orDesc><linkage Sync="TRUE">file://\\BRYCE\C$\Fujioka\OBIS-SEAMAP\GIS\Others\CapeHatteras_O.shp</linkage><protocol Sync="TRUE">Local Area Network</protocol></onLineSrc><transSize Sync="TRUE">0.190</transSize></distorTran><distorFormat><formatName Sync="TRUE">Shapefile</formatName></distorFormat></distributor></distInfo><spdoinfo><direct Sync="TRUE">Vector</direct><ptvctinf><esriterm Name="CapeHatteras_O"><efeatyp Sync="TRUE">Simple</efeatyp><efeageom Sync="TRUE">Point</efeageom><esritopo Sync="TRUE">FALSE</esritopo><efeacnt Sync="TRUE">371</efeacnt><spindex Sync="TRUE">FALSE</spindex><linrefer Sync="TRUE">FALSE</linrefer></esriterm><sdtsterm Name="CapeHatteras_O"><sdtstype Sync="TRUE">Entity point</sdtstype><ptvctcnt Sync="TRUE">371</ptvctcnt></sdtsterm></ptvctinf></spdoinfo><spref><horizsys><cordsysn><geogcsn Sync="TRUE">GCS_WGS_1984</geogcsn></cordsysn><geograph><geogunit Sync="TRUE">Decimal degrees</geogunit><latres Sync="TRUE">0.000000</latres><longres Sync="TRUE">0.000000</longres></geograph><geodetic><horizdn Sync="TRUE">D_WGS_1984</horizdn><ellips Sync="TRUE">WGS_1984</ellips><semiaxis Sync="TRUE">6378137.000000</semiaxis><denflat Sync="TRUE">298.257224</denflat></geodetic></horizsys></spref><refSysInfo><RefSystem><refSysID><identCode Sync="TRUE">GCS_WGS_1984</identCode></refSysID></RefSystem></refSysInfo><spatRepInfo><VectSpatRep><topLvl><TopoLevCd Sync="TRUE" value="001"/></topLvl><geometObjs Name="CapeHatteras_O"><geoObjTyp><GeoObjTypCd Sync="TRUE" value="004"/></geoObjTyp><geoObjCnt Sync="TRUE">371</geoObjCnt></geometObjs></VectSpatRep></spatRepInfo><eainfo><detailed Name="CapeHatteras_O"><enttyp><enttypl Sync="TRUE">CapeHatteras_O</enttypl><enttypt Sync="TRUE">Feature Class</enttypt><enttypc Sync="TRUE">371</enttypc></enttyp><attr><attrlabl Sync="TRUE">FID</attrlabl><attalias Sync="TRUE">FID</attalias><attrtype Sync="TRUE">OID</attrtype><attwidth Sync="TRUE">4</attwidth><atprecis Sync="TRUE">0</atprecis><attscale Sync="TRUE">0</attscale><attrdef Sync="TRUE">Internal feature number.</attrdef><attrdefs Sync="TRUE">ESRI</attrdefs><attrdomv><udom Sync="TRUE">Sequential unique whole numbers that are automatically generated.</udom></attrdomv></attr><attr><attrlabl Sync="TRUE">Shape</attrlabl><attalias Sync="TRUE">Shape</attalias><attrtype Sync="TRUE">Geometry</attrtype><attwidth Sync="TRUE">0</attwidth><atprecis Sync="TRUE">0</atprecis><attscale Sync="TRUE">0</attscale><attrdef Sync="TRUE">Feature geometry.</attrdef><attrdefs Sync="TRUE">ESRI</attrdefs><attrdomv><udom Sync="TRUE">Coordinates defining the features.</udom></attrdomv></attr><attr><attrlabl>Dataset</attrlabl><attrtype>10</attrtype><attwidth>15</attwidth><attrdef>Dtaset name.
MM: marine mammals
SB: Sea birds
TU: Turtle and other species</attrdef><attalias>Dataset</attalias><attrdefs/></attr><attr><attrlabl>LineNo</attrlabl><attrtype>4</attrtype><attwidth/><attrdef>Line number from original text-format dataset.</attrdef><attalias>LineNo</attalias><attrdefs/></attr><attr><attrlabl>st_no</attrlabl><attrtype>3</attrtype><attwidth/><attrdef>Sighting No.
Sequentially assigned to all species.</attrdef><attalias>st_no</attalias><attrdefs/></attr><attr><attrlabl>date</attrlabl><attrtype>8</attrtype><attwidth/><attrdef>Date of the sighting.</attrdef><attalias>date</attalias><attrdefs/></attr><attr><attrlabl>time</attrlabl><attrtype>8</attrtype><attwidth/><attrdef>Time of the sighting in 24 hours, local time.</attrdef><attalias>time</attalias><attrdefs/></attr><attr><attrlabl>lat_ship</attrlabl><attrtype>7</attrtype><attwidth/><atnumdec/><attrdef>Latitude in decimal degree.</attrdef><attalias>lat_ship</attalias><attrdefs/></attr><attr><attrlabl>long_ship</attrlabl><attrtype>7</attrtype><attwidth/><atnumdec/><attrdef>Longitude in decimal degree.</attrdef><attalias>long_ship</attalias><attrdefs/></attr><attr><attrdomv><edom><edomv>1</edomv><edomvd>on effort</edomvd></edom><edom><edomv>0</edomv><edomvd>off effort</edomvd></edom></attrdomv><attrlabl>effort</attrlabl><attrtype>3</attrtype><attwidth/><attrdef>Wether the ship was on effort or off effort.</attrdef><attalias>effort</attalias><attrdefs/></attr><attr><attrdomv><rdom><rdommin>0</rdommin><rdommax>360</rdommax></rdom></attrdomv><attrlabl>bearing</attrlabl><attrtype>3</attrtype><attwidth/><attrdef>Bearing to sighting relative to bow.
This variable was not recorded for CH04_SB and CH04_TU.</attrdef><attalias>bearing</attalias><attrdefs/></attr><attr><attrlabl>dist</attrlabl><attrtype>7</attrtype><attwidth/><atnumdec/><attrdef>Distance to sighting (nmi).
This variable was not recorded for CH04_SB and CH04_TU.</attrdef><attalias>dist</attalias><attrdefs/></attr><attr><attrlabl>lat_st</attrlabl><attrtype>7</attrtype><attwidth/><atnumdec/><attrdef/><attalias>lat_st</attalias><attrdefs/></attr><attr><attrlabl>long_st</attrlabl><attrtype>7</attrtype><attwidth/><atnumdec/><attrdef/><attalias>long_st</attalias><attrdefs/></attr><attr><attrlabl>sp_id1</attrlabl><attrtype>3</attrtype><attwidth/><attrdef>Species ID.</attrdef><attalias>sp_id1</attalias><attrdefs/></attr><attr><attrlabl>common</attrlabl><attrtype>10</attrtype><attwidth>60</attwidth><attrdef>Species common name.</attrdef><attalias>Common</attalias><attrdefs>ITIS</attrdefs></attr><attr><attrlabl>scientific</attrlabl><attrtype>10</attrtype><attwidth>60</attwidth><attrdef>Species scientific name.</attrdef><attalias>scientific</attalias><attrdefs>ITIS</attrdefs></attr><attr><attrdomv><udom>Any number.</udom></attrdomv><attrlabl>tsn</attrlabl><attrtype>4</attrtype><attwidth/><attrdef>Taxonomic Serial Number defined by ITIS.</attrdef><attalias>tsn</attalias><attrdefs>ITIS</attrdefs></attr><attr><attrlabl>rank</attrlabl><attrtype>10</attrtype><attwidth>20</attwidth><attrdef>Rank such as species, genus and family.</attrdef><attalias>rank</attalias><attrdefs/></attr><attr><attrdomv><udom>Any integer</udom></attrdomv><attrlabl>best</attrlabl><attrtype>3</attrtype><attwidth/><attrdef>Best-estimated number of animals.</attrdef><attalias>best</attalias><attrdefs/></attr><attr><attrlabl>high</attrlabl><attrtype>3</attrtype><attwidth/><attrdef>Highest-estimated number of animals.</attrdef><attalias>high</attalias><attrdefs/></attr><attr><attrlabl>low</attrlabl><attrtype>3</attrtype><attwidth/><attrdef>Lowest-estimated number of animals.</attrdef><attalias>low</attalias><attrdefs/></attr><attr><attrlabl>comments</attrlabl><attrtype>10</attrtype><attwidth>106</attwidth><attrdef/><attalias>comments</attalias><attrdefs/></attr><attr><attrlabl>Excluded</attrlabl><attrtype>1</attrtype><attwidth/><attrdef>If true, the record was eliminated from analyses.</attrdef><attalias>Excluded</attalias><attrdefs/></attr></detailed></eainfo><mdDateSt Sync="TRUE">20050812</mdDateSt><dataqual><posacc><horizpa><horizpar>Latitude and longitude were originally recorded in degrees, decimal minutes (to within 0.01 decimal minute).</horizpar></horizpa><vertacc><vertaccr>Latitude and longitude were originally recorded in degrees, decimal minutes (to within 0.01 decimal minute).</vertaccr></vertacc></posacc><lineage/></dataqual></metadata>
