<?xml version="1.0" encoding="UTF-8"?>
<metadata xml:lang="en">
<idinfo>
	<citation>
		<citeinfo>
		<origin>Ampela, K. and G. Miller-Francisco</origin><pubdate>2016</pubdate><title>HRC KB26 SCC Aerial Surveys Feb 2014</title><geoform>vector digital data</geoform><serinfo><sername>OBIS-SEAMAP</sername><issue>1392</issue></serinfo><pubinfo><pubplace>http://seamap.env.duke.edu/dataset/1392</pubplace><publish>OBIS-SEAMAP</publish></pubinfo><onlink>http://seamap.env.duke.edu/dataset/1392</onlink></citeinfo>
	</citation><descript>
	<abstract>Features in this feature class represent animal sightings recorded during aerial monitoring surveys for marine mammals and sea turtles performed in February 2014 in the Hawaii Range Complex (HRC). Aerial surveys were conducted in conjunction with the Submarine Commander’s Course (SCC) naval training event in HRC on the Pacific Missile Range Facility (PMRF) Barking Sands Tactical Underwater Range and Barking Sands Underwater Range Extension between Kauai and Niihau, Hawaii during the period 18 February through 20 February 2014. The SCC training event occurred from 17 to 20 February 2014, in waters adjoining Kauai and Niihau, and involved surface ships, submarines, and aircraft. The approach involved flying elliptical-shaped patterns in advance of the cruiser (CG), which extended from the front of the ship (approximately 200 meters) out to approximately 2,500 meters over a width of 5 km. The survey platform was a small fixed-wing Aero Commander 500. Work was performed under HDR task order KB26 (IDIQ contract award N62470-10-D-3011, NAVFAC LANT).</abstract><purpose>Please contact data provider</purpose></descript><timeperd><timeinfo><rngdates><begdate>20140218</begdate><enddate>20140220</enddate></rngdates></timeinfo><current>ground condition</current></timeperd><status><progress>Complete</progress><update>None planned</update></status><spdom><descgeog>Pacific</descgeog><bounding><westbc>-159.976171</westbc><eastbc>-159.266616</eastbc><northbc>22.607013</northbc><southbc>21.95665</southbc></bounding>
	</spdom><keywords><theme><themekt>None</themekt><themekey>Marine Animal Survey</themekey><themekey>Marine Biology</themekey><themekey>Marine mammals</themekey><themekey>Sea turtles</themekey><themekey>Visual Sighting</themekey><themekey>Aircraft</themekey></theme><place><placekt>None</placekt><placekey>Pacific</placekey></place></keywords><taxonomy><keywtax><taxonkt>Taxon covered</taxonkt><taxonkey>Marine mammals</taxonkey><taxonkey>Sea turtles</taxonkey></keywtax><taxonsys><classsys><classcit><citeinfo><origin>Integrated Taxonomic Information System</origin><pubdate>Unknown</pubdate><title>Integrated Taxonomic Information System</title><geoform>Not applicable</geoform><othercit>Downloaded April, 2004</othercit><onlink>http://www.itis.usda.gov/</onlink></citeinfo></classcit></classsys><ider><cntinfo><cntperp><cntper>Refer to the contact information of the dataset</cntper><cntorg>Refer to the contact information of the dataset</cntorg></cntperp><cntaddr><addrtype>mailing and physical address</addrtype><address>Refer to the contact information of the dataset</address><city>Refer to the contact information of the dataset</city><state>Refer to the contact information of the dataset</state><postal>Refer to the contact information of the dataset</postal><country>Refer to the contact information of the dataset</country></cntaddr><cntvoice>Not provided</cntvoice></cntinfo></ider><taxonpro>Identified by observers or researchers conducting the survey</taxonpro></taxonsys><taxoncl><taxonrn>Kingdom</taxonrn><taxonrv>Animalia</taxonrv><taxoncl><taxonrn>Phylum</taxonrn><taxonrv>Chordata</taxonrv><taxoncl><taxonrn>Subphylum</taxonrn><taxonrv>Vertebrata</taxonrv><taxoncl><taxonrn>Class</taxonrn><taxonrv>Mammalia</taxonrv><taxoncl><taxonrn>Subclass</taxonrn><taxonrv>Theria</taxonrv><taxoncl><taxonrn>Infraclass</taxonrn><taxonrv>Eutheria</taxonrv><taxoncl><taxonrn>Order</taxonrn><taxonrv>Cetacea</taxonrv><taxoncl><taxonrn>Suborder</taxonrn><taxonrv>Odontoceti</taxonrv><taxoncl><taxonrn>Family</taxonrn><taxonrv>Delphinidae</taxonrv><taxoncl><taxonrn>Genus</taxonrn><taxonrv>Globicephala</taxonrv><taxoncl><taxonrn>Species</taxonrn><taxonrv>Globicephala macrorhynchus</taxonrv></taxoncl></taxoncl><taxoncl><taxonrn>Genus</taxonrn><taxonrv>Stenella</taxonrv><taxoncl><taxonrn>Species</taxonrn><taxonrv>Stenella longirostris</taxonrv></taxoncl></taxoncl></taxoncl><taxoncl><taxonrn>Family</taxonrn><taxonrv>Hyperoodontidae</taxonrv><taxoncl><taxonrn>Genus</taxonrn><taxonrv>Mesoplodon</taxonrv></taxoncl></taxoncl><taxoncl><taxonrn>Family</taxonrn><taxonrv>Physeteridae</taxonrv><taxoncl><taxonrn>Genus</taxonrn><taxonrv>Physeter</taxonrv><taxoncl><taxonrn>Species</taxonrn><taxonrv>Physeter macrocephalus</taxonrv></taxoncl></taxoncl></taxoncl></taxoncl><taxoncl><taxonrn>Suborder</taxonrn><taxonrv>Mysticeti</taxonrv><taxoncl><taxonrn>Family</taxonrn><taxonrv>Balaenopteridae</taxonrv><taxoncl><taxonrn>Genus</taxonrn><taxonrv>Megaptera</taxonrv><taxoncl><taxonrn>Species</taxonrn><taxonrv>Megaptera novaeangliae</taxonrv></taxoncl></taxoncl></taxoncl></taxoncl></taxoncl><taxoncl><taxonrn>Order</taxonrn><taxonrv>Carnivora</taxonrv><taxoncl><taxonrn>Suborder</taxonrn><taxonrv>Caniformia</taxonrv><taxoncl><taxonrn>Family</taxonrn><taxonrv>Phocidae</taxonrv><taxoncl><taxonrn>Genus</taxonrn><taxonrv>Monachus</taxonrv><taxoncl><taxonrn>Species</taxonrn><taxonrv>Monachus schauinslandi</taxonrv></taxoncl></taxoncl></taxoncl></taxoncl></taxoncl></taxoncl></taxoncl></taxoncl><taxoncl><taxonrn>Class</taxonrn><taxonrv>Reptilia</taxonrv><taxoncl><taxonrn>Order</taxonrn><taxonrv>Testudines</taxonrv><taxoncl><taxonrn>Suborder</taxonrn><taxonrv>Cryptodira</taxonrv><taxoncl><taxonrn>Superfamily</taxonrn><taxonrv>Chelonioidea</taxonrv><taxoncl><taxonrn>Family</taxonrn><taxonrv>Cheloniidae</taxonrv></taxoncl></taxoncl></taxoncl></taxoncl></taxoncl></taxoncl></taxoncl></taxoncl></taxonomy>
	<accconst>Open public unless otherwise noted. See Use Constraints for details.</accconst>
	<useconst>Provider-specific constraints:&#13;
Data use constraints are consistent with those outlined in Appendix B (Data Use Agreement) for NAVFAC contract N62470-10-D-3011.&#13;
&#13;
OBIS-SEAMAP constraints:&#13;
1. Not to use data obtained from OBIS-SEAMAP in any publication, product, or commercial application without proper attribution to the original data provider(s) and OBIS-SEAMAP unless the datasets are explicitly shown under the CC0 policy. Citations or credits are suggested as attribution. If the data you downloaded come from multiple datasets, a citation or credit to each of the datasets is required.&#13;
&#13;
Suggested citation for this dataset:&#13;
&#13;
Ampela, K. and G. Miller-Francisco. 2016. HRC KB26 SCC Aerial Surveys Feb 2014. Data downloaded from OBIS-SEAMAP (http://seamap.env.duke.edu/dataset/1392) on yyyy-mm-dd.&#13;
&#13;
Suggested citation for OBIS-SEAMAP:&#13;
&#13;
Halpin, P.N., A.J. Read, E. Fujioka, B.D. Best, B. Donnelly, L.J. Hazen, C. Kot, K. Urian, E. LaBrecque, A. Dimatteo, J. Cleary, C. Good, L.B. Crowder, and K.D. Hyrenbach. 2009. OBIS-SEAMAP: The world data center for marine mammal, sea bird, and sea turtle distributions. Oceanography 22(2):104-115&#13;
&#13;
2. To forward the citation of any publication / report that made use of the data / tools provided by OBIS-SEAMAP for inclusion in our list of references.&#13;
&#13;
3. Not to hold OBIS-SEAMAP or the original data providers liable for errors in the data. While we have made every effort to ensure the quality of the database, we cannot guarantee the accuracy of these datasets. &#13;
&#13;
4. The burden for determining fitness for use of the downloaded data for any analyses lies entirely with the user. OBIS-SEAMAP or the original data providers do not support outcomes of your analyses that used the data you downloaded from OBIS-SEAMAP.&#13;
&#13;
5. To consider inclusion of the accompanying transect (effort) dataset if available into the methodology of your analyses.&#13;
&#13;
6. Not to redistribute the data you downloaded from OBIS-SEAMAP through any media without contect from OBIS-SEAMAP and the original data providers unless the datasets are explicitly shown under the CC0 policy.</useconst>
	<ptcontac>
		<cntinfo>
			<cntperp><cntper>Grant Miller-Francisco; Kristen Ampela</cntper><cntorg>HDR Environmental, Operations and Construction, Inc.; HDR Environmental, Operations and Construction, Inc.</cntorg></cntperp>
			<cntaddr>
				<addrtype>mailing and physical address</addrtype>
			<address>415 Williamson Way; 8690 Balboa Avenue Suite 200</address><city>Ashland; San Diego</city><state>OR; CA</state><postal>97520; 92123</postal><country>United States; USA</country></cntaddr>
		<cntvoice>541.552.3108; 858-712-8261</cntvoice><cntemail>Grant.Francisco@hdrinc.com; Kristen.Ampela@hdrinc.com</cntemail></cntinfo>
	</ptcontac>
	<native>Relational database</native>
	<datacred>The U.S. Navy Marine Species Monitoring Program</datacred><crossref><citeinfo><origin>Halpin, P.N., A.J. Read, E. Fujioka, B.D. Best, B. Donnelly, L.J. Hazen, C. Kot, K. Urian, E. LaBrecque, A. Dimatteo, J. Cleary, C. Good, L.B. Crowder, and K.D. Hyrenbach</origin><pubdate>2009</pubdate><title>OBIS-SEAMAP: The world data center for marine mammal, sea bird, and sea turtle distributions</title><geoform>vector digital data</geoform><serinfo><sername>Oceanography</sername><issue>22(2):104-115</issue></serinfo><onlink>http://www.tos.org/oceanography/article/obis-seamap-the-world-data-center-for-marine-mammal-sea-bird-and-sea-turtle</onlink></citeinfo></crossref></idinfo>
	<dataqual>
		<attracc>
			<attraccr>All attributes were measured and recorded during the survey and validated by the data provider.</attraccr></attracc>
		<logic>Permissible values for date and time and coordinates were validated by the data provider and the OBIS-SEAMAP data manager. Species identification by the data provider was matched with Integrated Taxonomic Information System.</logic>
		<complete>All observation records are included.</complete><lineage><procstep><procdesc>Data were put through the OBIS-SEAMAP data registration steps.</procdesc><procdate>20160729</procdate></procstep></lineage></dataqual><spdoinfo><direct>Point</direct></spdoinfo><spref><horizsys><geograph>
				<latres>1e-06</latres><longres>1e-06</longres><geogunit>Decimal degrees</geogunit></geograph>
			<geodetic><horizdn>D_WGS_1984</horizdn><ellips>WGS_1984</ellips>
				<semiaxis>6378137.000000</semiaxis><denflat>298.257224</denflat></geodetic></horizsys></spref>

<eainfo><detailed><enttyp><enttypl>Biogeographic data</enttypl><enttypd>Biogeographic data</enttypd><enttypds>Not applicable</enttypds></enttyp><attr><attrlabl>oid</attrlabl><attrdef>Unique ID number (generated by OBIS-SEAMAP)</attrdef><attrdefs>Data provider</attrdefs><attrdomv><udom>Unique ID number (generated by OBIS-SEAMAP)</udom></attrdomv></attr><attr><attrlabl>objectid</attrlabl><attrdef>Unique ID number</attrdef><attrdefs>Data provider</attrdefs><attrdomv><rdom><rdommin>1</rdommin><rdommax>112</rdommax></rdom></attrdomv></attr><attr><attrlabl>altitudem</attrlabl><attrdef>The altitude of the observation platform (plane, vessel bridge, etc) above sea level in meters</attrdef><attrdefs>Data provider</attrdefs><attrdomv><rdom><rdommin>180.90</rdommin><rdommax>1085.30</rdommax></rdom></attrdomv></attr><attr><attrlabl>animalspeed</attrlabl><attrdef>A calculation based on multiple resights, calculating the distance travelled by the time elapsed between sighting events</attrdef><attrdefs>Data provider</attrdefs><attrdomv><rdom/></attrdomv></attr><attr><attrlabl>areakm2</attrlabl><attrdef>The area in km2 over which the survey took place</attrdef><attrdefs>Data provider</attrdefs><attrdomv><rdom/></attrdomv></attr><attr><attrlabl>aspectslope</attrlabl><attrdef>Bathymetric slope aspect at location of animal</attrdef><attrdefs>Data provider</attrdefs><attrdomv><rdom/></attrdomv></attr><attr><attrlabl>bearing</attrlabl><attrdef>Relative bearing from the platform to the sighting, where the front of the platform is zero degrees. Formats include clock face, degrees, etc.</attrdef><attrdefs>Data provider</attrdefs><attrdomv><rdom><rdommin>L</rdommin><rdommax>R</rdommax></rdom></attrdomv></attr><attr><attrlabl>bearingabs</attrlabl><attrdef>True (not magnetic) bearing to sighting. Calculated from relative bearing and platform bearing.</attrdef><attrdefs>Data provider</attrdefs><attrdomv><rdom><rdommin>1</rdommin><rdommax>358</rdommax></rdom></attrdomv></attr><attr><attrlabl>beaufortscale</attrlabl><attrdef>Beaufort sea state (0-12)</attrdef><attrdefs>Data provider</attrdefs><attrdomv><rdom><rdommin>1</rdommin><rdommax>4</rdommax></rdom></attrdomv></attr><attr><attrlabl>beaufortscaleleft</attrlabl><attrdef>Beaufort sea state on the left (port) side of the platform (0-12)</attrdef><attrdefs>Data provider</attrdefs><attrdomv><rdom><rdommin>1</rdommin><rdommax>4</rdommax></rdom></attrdomv></attr><attr><attrlabl>beaufortscaleright</attrlabl><attrdef>Beaufort sea state on the right (starboard) side of the platform (0-12)</attrdef><attrdefs>Data provider</attrdefs><attrdomv><rdom><rdommin>1</rdommin><rdommax>4</rdommax></rdom></attrdomv></attr><attr><attrlabl>behavior</attrlabl><attrdef>Initial behavioral state of the animal or group when first observed. Examples: Travel, Mill, Rest</attrdef><attrdefs>Data provider</attrdefs><attrdomv><udom>Initial behavioral state of the animal or group when first observed. Examples: Travel, Mill, Rest</udom></attrdomv></attr><attr><attrlabl>behaviorevent</attrlabl><attrdef>Discrete behavioral event(s) observed during the sighting. Examples: Breach, Tail Slap, Blow</attrdef><attrdefs>Data provider</attrdefs><attrdomv><udom>Discrete behavioral event(s) observed during the sighting. Examples: Breach, Tail Slap, Blow</udom></attrdomv></attr><attr><attrlabl>biopsy</attrlabl><attrdef>Was a biopsy attempted for the sighting?</attrdef><attrdefs>Data provider</attrdefs><attrdomv><udom>Was a biopsy attempted for the sighting?</udom></attrdomv></attr><attr><attrlabl>birds</attrlabl><attrdef>Are birds present?</attrdef><attrdefs>Data provider</attrdefs><attrdomv><udom>Are birds present?</udom></attrdomv></attr><attr><attrlabl>calvespresent</attrlabl><attrdef>Are calves present? Use notes field to indicate number of calves present.</attrdef><attrdefs>Data provider</attrdefs><attrdomv><codesetd><codesetn>Are calves present? Use notes field to indicate number of calves present.</codesetn><codesets>Data provider</codesets></codesetd></attrdomv></attr><attr><attrlabl>countcalves</attrlabl><attrdef>The number of calves in the sighting</attrdef><attrdefs>Data provider</attrdefs><attrdomv><rdom><rdommin>1</rdommin><rdommax>1</rdommax></rdom></attrdomv></attr><attr><attrlabl>countfemales</attrlabl><attrdef>The number of positively identified females in the sighting</attrdef><attrdefs>Data provider</attrdefs><attrdomv><rdom/></attrdomv></attr><attr><attrlabl>countjuveniles</attrlabl><attrdef>The number of positively identified juveniles in the sightings</attrdef><attrdefs>Data provider</attrdefs><attrdomv><rdom/></attrdomv></attr><attr><attrlabl>countmales</attrlabl><attrdef>The number of positively identified males in the sighting</attrdef><attrdefs>Data provider</attrdefs><attrdomv><rdom/></attrdomv></attr><attr><attrlabl>countnewborns</attrlabl><attrdef>The number of positively identified newborns/pups in the sighting</attrdef><attrdefs>Data provider</attrdefs><attrdomv><rdom/></attrdomv></attr><attr><attrlabl>counttotbest</attrlabl><attrdef>The best estimate of the number of animals in the sighting</attrdef><attrdefs>Data provider</attrdefs><attrdomv><rdom><rdommin>1</rdommin><rdommax>90</rdommax></rdom></attrdomv></attr><attr><attrlabl>counttotmax</attrlabl><attrdef>The highest estimate of the number of animals in the sighting</attrdef><attrdefs>Data provider</attrdefs><attrdomv><rdom><rdommin>1</rdommin><rdommax>100</rdommax></rdom></attrdomv></attr><attr><attrlabl>counttotmin</attrlabl><attrdef>The lowest estimate of the number of animals in the sighting</attrdef><attrdefs>Data provider</attrdefs><attrdomv><rdom><rdommin>1</rdommin><rdommax>80</rdommax></rdom></attrdomv></attr><attr><attrlabl>countvescargo</attrlabl><attrdef>The number of cargo ships present in the area</attrdef><attrdefs>Data provider</attrdefs><attrdomv><rdom/></attrdomv></attr><attr><attrlabl>countvesferries</attrlabl><attrdef>The number of ferries present in the area</attrdef><attrdefs>Data provider</attrdefs><attrdomv><rdom/></attrdomv></attr><attr><attrlabl>countvesfishing</attrlabl><attrdef>The number of fishing boats present in the area</attrdef><attrdefs>Data provider</attrdefs><attrdomv><rdom/></attrdomv></attr><attr><attrlabl>countvesmilitary</attrlabl><attrdef>The number of military vessels present in the area</attrdef><attrdefs>Data provider</attrdefs><attrdomv><rdom/></attrdomv></attr><attr><attrlabl>countvesmotoryachts</attrlabl><attrdef>The number of motor yachts present in the area</attrdef><attrdefs>Data provider</attrdefs><attrdomv><rdom/></attrdomv></attr><attr><attrlabl>countvesother</attrlabl><attrdef>The number of vessels in the area that do not fall into the above categories</attrdef><attrdefs>Data provider</attrdefs><attrdomv><rdom/></attrdomv></attr><attr><attrlabl>countvessailing</attrlabl><attrdef>The number of sailboats present in the area</attrdef><attrdefs>Data provider</attrdefs><attrdomv><rdom/></attrdomv></attr><attr><attrlabl>cue</attrlabl><attrdef>The sighting cue that initially drew the observers attention</attrdef><attrdefs>Data provider</attrdefs><attrdomv><udom>The sighting cue that initially drew the observers attention</udom></attrdomv></attr><attr><attrlabl>datetime</attrlabl><attrdef>Date and Time together in one cell value (LOCAL TIME)</attrdef><attrdefs>Data provider</attrdefs><attrdomv><rdom><rdommin>2014-02-18 08:13:05</rdommin><rdommax>2014-02-20 16:04:58</rdommax></rdom></attrdomv></attr><attr><attrlabl>datetimeutc</attrlabl><attrdef>Date and Time together in one cell value (UTC)</attrdef><attrdefs>Data provider</attrdefs><attrdomv><rdom/></attrdomv></attr><attr><attrlabl>depth</attrlabl><attrdef>The depth of the water at sighting location, based on known bathymetry</attrdef><attrdefs>Data provider</attrdefs><attrdomv><rdom><rdommin>-4623.0562160000</rdommin><rdommax>-0.4000048700</rdommax></rdom></attrdomv></attr><attr><attrlabl>depthsounding</attrlabl><attrdef>Depth as determined in situ via sounding</attrdef><attrdefs>Data provider</attrdefs><attrdomv><rdom/></attrdomv></attr><attr><attrlabl>dispmax</attrlabl><attrdef>The maximum distance between nearest neighbors within a group (in body lengths)</attrdef><attrdefs>Data provider</attrdefs><attrdomv><rdom/></attrdomv></attr><attr><attrlabl>dispmin</attrlabl><attrdef>The minimum distance between nearest neighbors within a group (in body lengths)</attrdef><attrdefs>Data provider</attrdefs><attrdomv><rdom/></attrdomv></attr><attr><attrlabl>distsight</attrlabl><attrdef>The radial distance to the animal</attrdef><attrdefs>Data provider</attrdefs><attrdomv><rdom><rdommin>250.29747320</rdommin><rdommax>11844.23981000</rdommax></rdom></attrdomv></attr><attr><attrlabl>distsightperp</attrlabl><attrdef>The perpendicular distance to the animal from the trackline</attrdef><attrdefs>Data provider</attrdefs><attrdomv><rdom><rdommin>250.29747320</rdommin><rdommax>11844.24112000</rdommax></rdom></attrdomv></attr><attr><attrlabl>effortstatus</attrlabl><attrdef>Indication of whether the survey team was actively searching with all designated observers focused on searching for marine mammal sighting cues. Options: On= dedicated observation effort with both observers on watch. If line, strip, or point transect - following formal distance sampling protocol regardless of survey mode (e.g. maintaining observation and platform protocols on a connector line). All other survey types - maintaining a consistent level of observation effort ; Off= not observing; If line, strip, or point transect - not following formal distance sampling protocol regardless of survey mode (e.g. platform speed or altitude is not consistent with protocol, incomplete observer effort, etc). All other survey types - no dedicated observation effort. Compormised= only one observer watching, observing through cloud/fog patches, dark, or other conditions that compromise ability to observe consistently</attrdef><attrdefs>Data provider</attrdefs><attrdomv><udom>Indication of whether the survey team was actively searching with all designated observers focused on searching for marine mammal sighting cues. Options: On= dedicated observation effort with both observers on watch. If line, strip, or point transect - following formal distance sampling protocol regardless of survey mode (e.g. maintaining observation and platform protocols on a connector line). All other survey types - maintaining a consistent level of observation effort ; Off= not observing; If line, strip, or point transect - not following formal distance sampling protocol regardless of survey mode (e.g. platform speed or altitude is not consistent with protocol, incomplete observer effort, etc). All other survey types - no dedicated observation effort. Compormised= only one observer watching, observing through cloud/fog patches, dark, or other conditions that compromise ability to observe consistently</udom></attrdomv></attr><attr><attrlabl>flightofday</attrlabl><attrdef>The sequential daily flight identifier (e.g., 1, 2, 3, etc.)</attrdef><attrdefs>Data provider</attrdefs><attrdomv><udom>The sequential daily flight identifier (e.g., 1, 2, 3, etc.)</udom></attrdomv></attr><attr><attrlabl>glareleft</attrlabl><attrdef>The amount of glare (0-100%) on the left (port) side of the platform. Refers to glare from 0 to 90 degrees, or viewshed for which observer is reponsible.</attrdef><attrdefs>Data provider</attrdefs><attrdomv><rdom/></attrdomv></attr><attr><attrlabl>glareright</attrlabl><attrdef>The amount of glare (0-100%) on the right (starboard) side of the platform. Refers to glare from 270-360 degrees, or viewshed for which observer is reponsible.</attrdef><attrdefs>Data provider</attrdefs><attrdomv><rdom/></attrdomv></attr><attr><attrlabl>groupid</attrlabl><attrdef>Identifier for a particular group within a sighting</attrdef><attrdefs>Data provider</attrdefs><attrdomv><udom>Identifier for a particular group within a sighting</udom></attrdomv></attr><attr><attrlabl>headinganimal</attrlabl><attrdef>Heading of the animal (sighting) at the time of the initial sighting (in degrees magnetic)</attrdef><attrdefs>Data provider</attrdefs><attrdomv><rdom><rdommin>0.000</rdommin><rdommax>342.220</rdommax></rdom></attrdomv></attr><attr><attrlabl>headingplatmagnetic</attrlabl><attrdef>Heading of the observation platform relative to magnetic North</attrdef><attrdefs>Data provider</attrdefs><attrdomv><rdom/></attrdomv></attr><attr><attrlabl>headingplattrue</attrlabl><attrdef>Heading of the observation platform relative to true North</attrdef><attrdefs>Data provider</attrdefs><attrdomv><rdom/></attrdomv></attr><attr><attrlabl>horizsun</attrlabl><attrdef>Horizontal glare calculation on NOAA large vessel surveys</attrdef><attrdefs>Data provider</attrdefs><attrdomv><rdom/></attrdomv></attr><attr><attrlabl>latanimal</attrlabl><attrdef>The calculated latitude of the animal at the initial time of the sighting</attrdef><attrdefs>Data provider</attrdefs><attrdomv><rdom><rdommin>21.9566500</rdommin><rdommax>22.6070130</rdommax></rdom></attrdomv></attr><attr><attrlabl>latplatform</attrlabl><attrdef>The latitude of the platform in decimal degrees</attrdef><attrdefs>Data provider</attrdefs><attrdomv><rdom><rdommin>21.9544130</rdommin><rdommax>22.6134000</rdommax></rdom></attrdomv></attr><attr><attrlabl>latvessel</attrlabl><attrdef>The latitude of the vessel(s) (NOT the survey platform) sighted during a survey</attrdef><attrdefs>Data provider</attrdefs><attrdomv><rdom/></attrdomv></attr><attr><attrlabl>legid</attrlabl><attrdef>Letter or number for survey leg/transect</attrdef><attrdefs>Data provider</attrdefs><attrdomv><udom>Letter or number for survey leg/transect</udom></attrdomv></attr><attr><attrlabl>legnotes</attrlabl><attrdef>Notes as entered for that particular leg of the survey</attrdef><attrdefs>Data provider</attrdefs><attrdomv><udom>Notes as entered for that particular leg of the survey</udom></attrdomv></attr><attr><attrlabl>legnumber</attrlabl><attrdef>A unique identifier for the leg associated with the survey</attrdef><attrdefs>Data provider</attrdefs><attrdomv><udom>A unique identifier for the leg associated with the survey</udom></attrdomv></attr><attr><attrlabl>linearity</attrlabl><attrdef>A metric describing animal travel, calculated by dividing the distance between the first and last recorded sighting waypoints by the sum total of all distances between waypoints. Values range between 0 and 1, with a number closer to 1 representing a straight line and close to 0 representing no constant direction of the animal.?</attrdef><attrdefs>Data provider</attrdefs><attrdomv><udom>A metric describing animal travel, calculated by dividing the distance between the first and last recorded sighting waypoints by the sum total of all distances between waypoints. Values range between 0 and 1, with a number closer to 1 representing a straight line and close to 0 representing no constant direction of the animal.?</udom></attrdomv></attr><attr><attrlabl>longanimal</attrlabl><attrdef>The calculated longitude of the animal (sighting)  at the initial time of the sighting</attrdef><attrdefs>Data provider</attrdefs><attrdomv><rdom><rdommin>-159.9761710</rdommin><rdommax>-159.2666160</rdommax></rdom></attrdomv></attr><attr><attrlabl>longplatform</attrlabl><attrdef>The Longitude of the platform in decimal degrees</attrdef><attrdefs>Data provider</attrdefs><attrdomv><rdom><rdommin>-159.9811750</rdommin><rdommax>-159.2795570</rdommax></rdom></attrdomv></attr><attr><attrlabl>longvessel</attrlabl><attrdef>The longitude of the vessel(s) (NOT the survey platform) sighted during a survey</attrdef><attrdefs>Data provider</attrdefs><attrdomv><rdom/></attrdomv></attr><attr><attrlabl>mitigation</attrlabl><attrdef>Was mitigation implemented?</attrdef><attrdefs>Data provider</attrdefs><attrdomv><udom>Was mitigation implemented?</udom></attrdomv></attr><attr><attrlabl>mitigationtype</attrlabl><attrdef>Type of mitigation implemented</attrdef><attrdefs>Data provider</attrdefs><attrdomv><udom>Type of mitigation implemented</udom></attrdomv></attr><attr><attrlabl>navydirectedleg</attrlabl><attrdef>Marker identifying whether the platform was directed by the Navy to go to a certain location, fly at a certain altitude, or leave the immediate area</attrdef><attrdefs>Data provider</attrdefs><attrdomv><udom>Marker identifying whether the platform was directed by the Navy to go to a certain location, fly at a certain altitude, or leave the immediate area</udom></attrdomv></attr><attr><attrlabl>observer</attrlabl><attrdef>The name of the observer who first sighted the animal</attrdef><attrdefs>Data provider</attrdefs><attrdomv><udom>The name of the observer who first sighted the animal</udom></attrdomv></attr><attr><attrlabl>observeraft</attrlabl><attrdef>Name of the observer in the aft position</attrdef><attrdefs>Data provider</attrdefs><attrdomv><udom>Name of the observer in the aft position</udom></attrdomv></attr><attr><attrlabl>observercenter</attrlabl><attrdef>Name of the observer in the center position or belly window of the aircraft</attrdef><attrdefs>Data provider</attrdefs><attrdomv><udom>Name of the observer in the center position or belly window of the aircraft</udom></attrdomv></attr><attr><attrlabl>observerforward</attrlabl><attrdef>Name of the observer in the forward position</attrdef><attrdefs>Data provider</attrdefs><attrdomv><udom>Name of the observer in the forward position</udom></attrdomv></attr><attr><attrlabl>observerleft</attrlabl><attrdef>Name of the observer on the left (port) side of the platform</attrdef><attrdefs>Data provider</attrdefs><attrdomv><udom>Name of the observer on the left (port) side of the platform</udom></attrdomv></attr><attr><attrlabl>observerrearleft</attrlabl><attrdef>Name of the observer in the rear left seat of the aircraft</attrdef><attrdefs>Data provider</attrdefs><attrdomv><udom>Name of the observer in the rear left seat of the aircraft</udom></attrdomv></attr><attr><attrlabl>observerrearright</attrlabl><attrdef>Name of the observer in the rear right seat of the aircraft</attrdef><attrdefs>Data provider</attrdefs><attrdomv><udom>Name of the observer in the rear right seat of the aircraft</udom></attrdomv></attr><attr><attrlabl>observerright</attrlabl><attrdef>Name of the observer on the right (starboard) side of the platform</attrdef><attrdefs>Data provider</attrdefs><attrdomv><udom>Name of the observer on the right (starboard) side of the platform</udom></attrdomv></attr><attr><attrlabl>ocean</attrlabl><attrdef>The ocean where the survey took place (Pacific, Atlantic, Indian, etc.)</attrdef><attrdefs>Data provider</attrdefs><attrdomv><udom>The ocean where the survey took place (Pacific, Atlantic, Indian, etc.)</udom></attrdomv></attr><attr><attrlabl>opticstype</attrlabl><attrdef>Indicates the type of optic used to fix a particular sighting (e.g., bigeyes, handheld binos, theodolite, naked eye). Useful when a platform uses several methods to sight animals</attrdef><attrdefs>Data provider</attrdefs><attrdomv><udom>Indicates the type of optic used to fix a particular sighting (e.g., bigeyes, handheld binos, theodolite, naked eye). Useful when a platform uses several methods to sight animals</udom></attrdomv></attr><attr><attrlabl>ordnance</attrlabl><attrdef>Was live ordnance in use at the time of the sighting?</attrdef><attrdefs>Data provider</attrdefs><attrdomv><udom>Was live ordnance in use at the time of the sighting?</udom></attrdomv></attr><attr><attrlabl>percentcloudcover</attrlabl><attrdef>Cloud cover as represented by a percentage</attrdef><attrdefs>Data provider</attrdefs><attrdomv><rdom/></attrdomv></attr><attr><attrlabl>percentcloudcoverleft</attrlabl><attrdef>Cloud cover on the left (port) side of the platform as represented by a percentage</attrdef><attrdefs>Data provider</attrdefs><attrdomv><rdom/></attrdomv></attr><attr><attrlabl>percentcloudcoverright</attrlabl><attrdef>Cloud cover on the right (starboard) side of the platform as represented by a percentage</attrdef><attrdefs>Data provider</attrdefs><attrdomv><rdom/></attrdomv></attr><attr><attrlabl>photoframes</attrlabl><attrdef>The photo frames used for the sighting; or total frames taken</attrdef><attrdefs>Data provider</attrdefs><attrdomv><udom>The photo frames used for the sighting; or total frames taken</udom></attrdomv></attr><attr><attrlabl>photographer</attrlabl><attrdef>Name of the photographer</attrdef><attrdefs>Data provider</attrdefs><attrdomv><udom>Name of the photographer</udom></attrdomv></attr><attr><attrlabl>photos</attrlabl><attrdef>Were photos taken as part of the sighting?</attrdef><attrdefs>Data provider</attrdefs><attrdomv><udom>Were photos taken as part of the sighting?</udom></attrdomv></attr><attr><attrlabl>pic</attrlabl><attrdef>Pilot in command</attrdef><attrdefs>Data provider</attrdefs><attrdomv><udom>Pilot in command</udom></attrdomv></attr><attr><attrlabl>platformded</attrlabl><attrdef>Indicates if the survey was a dedicated marine mammal survey, or if data was gathered opportunistically from a platform on a different mission</attrdef><attrdefs>Data provider</attrdefs><attrdomv><udom>Indicates if the survey was a dedicated marine mammal survey, or if data was gathered opportunistically from a platform on a different mission</udom></attrdomv></attr><attr><attrlabl>platformmodel</attrlabl><attrdef>Model of a/c or vessel (e.g. Partenavia Observer, RHIB, etc.)</attrdef><attrdefs>Data provider</attrdefs><attrdomv><udom>Model of a/c or vessel (e.g. Partenavia Observer, RHIB, etc.)</udom></attrdomv></attr><attr><attrlabl>platformspeed</attrlabl><attrdef>Speed of the platform at the time of the sighting</attrdef><attrdefs>Data provider</attrdefs><attrdomv><rdom/></attrdomv></attr><attr><attrlabl>platformtype</attrlabl><attrdef>Type of survey platform (e.g., "aerial", "vessel")</attrdef><attrdefs>Data provider</attrdefs><attrdomv><udom>Type of survey platform (e.g., "aerial", "vessel")</udom></attrdomv></attr><attr><attrlabl>rangecomplex</attrlabl><attrdef>The Range complex (or complexes) associated with the survey (JAX, SOCAL, Cherry Point, etc.)</attrdef><attrdefs>Data provider</attrdefs><attrdomv><udom>The Range complex (or complexes) associated with the survey (JAX, SOCAL, Cherry Point, etc.)</udom></attrdomv></attr><attr><attrlabl>reactioninit</attrlabl><attrdef>The type of reaction at the initial time of the sighting relative to the observation platform</attrdef><attrdefs>Data provider</attrdefs><attrdomv><udom>The type of reaction at the initial time of the sighting relative to the observation platform</udom></attrdomv></attr><attr><attrlabl>reactioninitcount</attrlabl><attrdef>The general count of animals that initially reacted to the observation platform. May be a number or text (i.e., "whole group")</attrdef><attrdefs>Data provider</attrdefs><attrdomv><udom>The general count of animals that initially reacted to the observation platform. May be a number or text (i.e., "whole group")</udom></attrdomv></attr><attr><attrlabl>reactionlater</attrlabl><attrdef>Identifies whether a reaction occurred as a response to the survey platform after the initial sighting of the group/individual</attrdef><attrdefs>Data provider</attrdefs><attrdomv><udom>Identifies whether a reaction occurred as a response to the survey platform after the initial sighting of the group/individual</udom></attrdomv></attr><attr><attrlabl>reactionlatercount</attrlabl><attrdef>The number of animals that reacted to the observation platform after the sighting occurred</attrdef><attrdefs>Data provider</attrdefs><attrdomv><udom>The number of animals that reacted to the observation platform after the sighting occurred</udom></attrdomv></attr><attr><attrlabl>recorder</attrlabl><attrdef>Name of the person recording data</attrdef><attrdefs>Data provider</attrdefs><attrdomv><udom>Name of the person recording data</udom></attrdomv></attr><attr><attrlabl>recorderfocal</attrlabl><attrdef>Name of the person recording focal follow data</attrdef><attrdefs>Data provider</attrdefs><attrdomv><udom>Name of the person recording focal follow data</udom></attrdomv></attr><attr><attrlabl>reorientationrate</attrlabl><attrdef>A magnitude of course changes along the trackline, calculated by summing all course changes (degrees) along the trackline divided by duration (minutes) of the trackline (Smultea and Wursig, 1995).</attrdef><attrdefs>Data provider</attrdefs><attrdomv><rdom/></attrdomv></attr><attr><attrlabl>resolution</attrlabl><attrdef>Bathymetric resolution in arc degrees at sighting position</attrdef><attrdefs>Data provider</attrdefs><attrdomv><rdom/></attrdomv></attr><attr><attrlabl>shoredist</attrlabl><attrdef>Distance to nearest shore</attrdef><attrdefs>Data provider</attrdefs><attrdomv><rdom><rdommin>207.28489450</rdommin><rdommax>52127.85389000</rdommax></rdom></attrdomv></attr><attr><attrlabl>sic</attrlabl><attrdef>Second (pilot) in command</attrdef><attrdefs>Data provider</attrdefs><attrdomv><udom>Second (pilot) in command</udom></attrdomv></attr><attr><attrlabl>sightingdetectionsensor</attrlabl><attrdef>Sighting detection method (e.g. MMO, lookout, bridge, acoustic)</attrdef><attrdefs>Data provider</attrdefs><attrdomv><udom>Sighting detection method (e.g. MMO, lookout, bridge, acoustic)</udom></attrdomv></attr><attr><attrlabl>sightingendloe</attrlabl><attrdef>Was Sighting 1. lost, or 2. Passed Beam (Lookout Effectiveness surveys only)</attrdef><attrdefs>Data provider</attrdefs><attrdomv><udom>Was Sighting 1. lost, or 2. Passed Beam (Lookout Effectiveness surveys only)</udom></attrdomv></attr><attr><attrlabl>sightingmulti</attrlabl><attrdef>Denotes if there are any additional species within a particular sighting (mixed group)</attrdef><attrdefs>Data provider</attrdefs><attrdomv><udom>Denotes if there are any additional species within a particular sighting (mixed group)</udom></attrdomv></attr><attr><attrlabl>sightingnotes</attrlabl><attrdef>Notes field to capture information not covered by existing attributes or other information of interest</attrdef><attrdefs>Data provider</attrdefs><attrdomv><udom>Notes field to capture information not covered by existing attributes or other information of interest</udom></attrdomv></attr><attr><attrlabl>sightingnumber</attrlabl><attrdef>The sighting number for the particular survey day</attrdef><attrdefs>Data provider</attrdefs><attrdomv><rdom><rdommin>1</rdommin><rdommax>42</rdommax></rdom></attrdomv></attr><attr><attrlabl>sightingrelmovement</attrlabl><attrdef>Relative movement of vessel and animal</attrdef><attrdefs>Data provider</attrdefs><attrdomv><udom>Relative movement of vessel and animal</udom></attrdomv></attr><attr><attrlabl>sightingtimeend</attrlabl><attrdef>The time at which the sighting was discontinued</attrdef><attrdefs>Data provider</attrdefs><attrdomv><rdom><rdommin>2014-02-18 10:14:41</rdommin><rdommax>2014-02-18 10:14:41</rdommax></rdom></attrdomv></attr><attr><attrlabl>sightingtrialloe</attrlabl><attrdef>Whether sighting was successful Lookout Effectiveness Trial</attrdef><attrdefs>Data provider</attrdefs><attrdomv><udom>Whether sighting was successful Lookout Effectiveness Trial</udom></attrdomv></attr><attr><attrlabl>slope</attrlabl><attrdef>Bathymetric slope at sighting location (angle)</attrdef><attrdefs>Data provider</attrdefs><attrdomv><rdom><rdommin>0.0927491160</rdommin><rdommax>43.7323110300</rdommax></rdom></attrdomv></attr><attr><attrlabl>sonar</attrlabl><attrdef>Was sonar active at the time of the sighting?</attrdef><attrdefs>Data provider</attrdefs><attrdomv><udom>Was sonar active at the time of the sighting?</udom></attrdomv></attr><attr><attrlabl>spcscode</attrlabl><attrdef>Species code used in authentic data (e.g., TTUR=Tursiops truncatus)</attrdef><attrdefs>Data provider</attrdefs><attrdomv><udom>Species code used in authentic data (e.g., TTUR=Tursiops truncatus)</udom></attrdomv></attr><attr><attrlabl>spcsconfidence</attrlabl><attrdef>Confidence level of the observer that he or she identified species correctly</attrdef><attrdefs>Data provider</attrdefs><attrdomv><udom>Confidence level of the observer that he or she identified species correctly</udom></attrdomv></attr><attr><attrlabl>spcshauledout</attrlabl><attrdef>Indicates if a pinniped is hauled out</attrdef><attrdefs>Data provider</attrdefs><attrdomv><udom>Indicates if a pinniped is hauled out</udom></attrdomv></attr><attr><attrlabl>spcsitis</attrlabl><attrdef>ITIS numeric species code</attrdef><attrdefs>Data provider</attrdefs><attrdomv><udom>ITIS numeric species code</udom></attrdomv></attr><attr><attrlabl>spcsnmcom</attrlabl><attrdef>Common name of the sighted species. Output should be singular (e.g. bottlenose dolphin)</attrdef><attrdefs>Data provider</attrdefs><attrdomv><udom>Common name of the sighted species. Output should be singular (e.g. bottlenose dolphin)</udom></attrdomv></attr><attr><attrlabl>spcsnmsci</attrlabl><attrdef>Scientific name of the sighted species</attrdef><attrdefs>Data provider</attrdefs><attrdomv><udom>Scientific name of the sighted species</udom></attrdomv></attr><attr><attrlabl>sp_tsn</attrlabl><attrdef>Taxonomic Serial Number added by OBIS-SEAMAP</attrdef><attrdefs>Data provider</attrdefs><attrdomv><rdom><rdommin>173828</rdommin><rdommax>202423</rdommax></rdom></attrdomv></attr><attr><attrlabl>surveyid</attrlabl><attrdef>A survey identifier consisting of data collector, range complex, platform, year, month, and day. (Data Collector/Source)_(Range Complex)_(Platform Type or Details)_(Year)(Month)(Day) (eg. SES_SOCAL_Aerial_20120417)</attrdef><attrdefs>Data provider</attrdefs><attrdomv><udom>A survey identifier consisting of data collector, range complex, platform, year, month, and day. (Data Collector/Source)_(Range Complex)_(Platform Type or Details)_(Year)(Month)(Day) (eg. SES_SOCAL_Aerial_20120417)</udom></attrdomv></attr><attr><attrlabl>surveypoint</attrlabl><attrdef>A waypoint taken along a trackline OR a start/end point for a trackline</attrdef><attrdefs>Data provider</attrdefs><attrdomv><udom>A waypoint taken along a trackline OR a start/end point for a trackline</udom></attrdomv></attr><attr><attrlabl>swell</attrlabl><attrdef>Swell height</attrdef><attrdefs>Data provider</attrdefs><attrdomv><rdom/></attrdomv></attr><attr><attrlabl>swelldirection</attrlabl><attrdef>Direction of swell</attrdef><attrdefs>Data provider</attrdefs><attrdomv><udom>Direction of swell</udom></attrdomv></attr><attr><attrlabl>tagging</attrlabl><attrdef>Was a tag deployment attempted for the sighting?</attrdef><attrdefs>Data provider</attrdefs><attrdomv><udom>Was a tag deployment attempted for the sighting?</udom></attrdomv></attr><attr><attrlabl>theoconvhorz</attrlabl><attrdef>Horizontal angle value from theodolite converted to a compass bearing</attrdef><attrdefs>Data provider</attrdefs><attrdomv><rdom/></attrdomv></attr><attr><attrlabl>theoconvvert</attrlabl><attrdef>Vertical angle value from theodolite converted to a declination angle</attrdef><attrdefs>Data provider</attrdefs><attrdomv><rdom/></attrdomv></attr><attr><attrlabl>theorawhorz</attrlabl><attrdef>Raw horizontal angular value from theodolite</attrdef><attrdefs>Data provider</attrdefs><attrdomv><rdom/></attrdomv></attr><attr><attrlabl>theorawvert</attrlabl><attrdef>Raw vertical angular value from theodolite</attrdef><attrdefs>Data provider</attrdefs><attrdomv><rdom/></attrdomv></attr><attr><attrlabl>trkdist</attrlabl><attrdef>Distance between two trackline points, in meters</attrdef><attrdefs>Data provider</attrdefs><attrdomv><rdom/></attrdomv></attr><attr><attrlabl>vertangleorreticle</attrlabl><attrdef>Reticle or declination angle</attrdef><attrdefs>Data provider</attrdefs><attrdomv><rdom><rdommin>2</rdommin><rdommax>60</rdommax></rdom></attrdomv></attr><attr><attrlabl>vertsun</attrlabl><attrdef>Vertical glare calculation on NOAA large vessel surveys</attrdef><attrdefs>Data provider</attrdefs><attrdomv><rdom/></attrdomv></attr><attr><attrlabl>vesselsize</attrlabl><attrdef>0-99 ft = small, 100-300 ft = medium, &gt;301 ft = large</attrdef><attrdefs>Data provider</attrdefs><attrdomv><udom>0-99 ft = small, 100-300 ft = medium, &gt;301 ft = large</udom></attrdomv></attr><attr><attrlabl>vesseltype</attrlabl><attrdef>Type of vessel observed (e.g. frigate, sailboat, submarine)</attrdef><attrdefs>Data provider</attrdefs><attrdomv><udom>Type of vessel observed (e.g. frigate, sailboat, submarine)</udom></attrdomv></attr><attr><attrlabl>video</attrlabl><attrdef>Was video taken during the sighting?</attrdef><attrdefs>Data provider</attrdefs><attrdomv><udom>Was video taken during the sighting?</udom></attrdomv></attr><attr><attrlabl>videographer</attrlabl><attrdef>Name of the videographer</attrdef><attrdefs>Data provider</attrdefs><attrdomv><udom>Name of the videographer</udom></attrdomv></attr><attr><attrlabl>visibility</attrlabl><attrdef>The estimated distance at which an animal could potentially be sighted</attrdef><attrdefs>Data provider</attrdefs><attrdomv><udom>The estimated distance at which an animal could potentially be sighted</udom></attrdomv></attr><attr><attrlabl>visibilityleft</attrlabl><attrdef>Sighting visibility in KM on the left (port) side of the platform</attrdef><attrdefs>Data provider</attrdefs><attrdomv><rdom/></attrdomv></attr><attr><attrlabl>visibilityright</attrlabl><attrdef>Sighting visibility in KM on the right (starboard) side of the platform</attrdef><attrdefs>Data provider</attrdefs><attrdomv><rdom/></attrdomv></attr><attr><attrlabl>waveheight</attrlabl><attrdef>Wave height</attrdef><attrdefs>Data provider</attrdefs><attrdomv><rdom/></attrdomv></attr><attr><attrlabl>winddirection</attrlabl><attrdef>Wind direction relative to true north</attrdef><attrdefs>Data provider</attrdefs><attrdomv><rdom/></attrdomv></attr><attr><attrlabl>windspeed</attrlabl><attrdef>Wind speed</attrdef><attrdefs>Data provider</attrdefs><attrdomv><rdom/></attrdomv></attr><attr><attrlabl>geom</attrlabl><attrdef>Geometry field added by OBIS-SEAMAP</attrdef><attrdefs>Data provider</attrdefs><attrdomv><udom>Geometry field added by OBIS-SEAMAP</udom></attrdomv></attr></detailed><overview><eaover>This section explains attributes included in the original dataset.&#13;
OBIS-SEAMAP restricts the attributes available to the public to date/time, lat/lon and species names/counts only.&#13;
Should you need other attributes described here, you are encouraged to contact the data provider.</eaover><eadetcit>HDR Environmental, Operations and Construction, Inc.</eadetcit></overview>
	</eainfo><distinfo>
	<distrib>
		<cntinfo>
			<cntorgp>
				<cntorg>Nicholas School of Environment, Duke Univ.</cntorg>
				<cntper>OBIS-SEAMAP</cntper>
			</cntorgp>
			<cntaddr>
				<addrtype>mailing and physical address</addrtype>
				<address>A328, LSRC</address><city>Durham</city><state>NC</state><postal>27708</postal><country>USA</country>
			</cntaddr>
			<cntvoice>919-613-8021</cntvoice>
			<cntemail>seamap-contact@duke.edu</cntemail>
		</cntinfo>
	</distrib><resdesc>OBIS-SEAMAP Dataset ID 1392</resdesc><distliab>Not to hold OBIS-SEAMAP liable for errors in the data. While we have made every effort to ensure the quality of the database, we cannot guarantee the accuracy of these datasets.&#13;
Also please refer to Use Constraints.</distliab>
	<stdorder>
		<digform>
			<digtinfo>
				<formname>CSV and ESRI shapefile</formname></digtinfo>
			<digtopt>
				<onlinopt>
					<computer>
						<networka>
							<networkr>OBIS-SEAMAP</networkr>
						</networka>
					</computer>
				</onlinopt>
			</digtopt>
		</digform>
		<fees>Free</fees>
		<ordering>Go to the OBIS-SEAMAP web site.</ordering>
	</stdorder>
	

	
</distinfo><metainfo>
	<metd>20170626</metd><metrd>20170626</metrd><metc>
		<cntinfo><cntperp>
	<cntper>Ei Fujioka</cntper>
	<cntorg>Nicholas School, Duke University</cntorg></cntperp><cntaddr><addrtype>mailing and physical address</addrtype><address>A328, LSRC</address><city>Durham</city><state>NC</state><postal>27708</postal><country>USA</country></cntaddr>
			<cntvoice>919-613-8021</cntvoice>
			<cntemail>seamap-contact@duke.edu</cntemail>
			</cntinfo>
	</metc><metstdn>FGDC Content Standards for Digital Geospatial Metadata</metstdn><metstdv>FGDC-STD-001-1998</metstdv><mettc>local time</mettc>
	
	
	
	
	<metextns><onlink>http://www.nbii.gov/</onlink><metprof>Biological Data Profile</metprof></metextns>
	
	</metainfo>
	
</metadata>
