<?xml version="1.0"?>
<metadata>
  <idinfo>
    <datacred>William A. McLellan, University of North Carolina Wilmington</datacred>
    <descript>
      <abstract>Aerial surveys were flown in parallel lines from the South Carolina/North Carolina border to the south end of Assateague Island, Virginia, United States from December 2006 to May 2007. All large whale, small cetaceans, sea turtles and large fish, and ship sightings were recorded. Surveys were conducted in Beaufort sea states of 5 or under and in clear weather conditions. Photos of all large whales exist in the VAB LAB photo data base at University of North Carolina Wilmington (UNCW). UNCW houses a data base that now extends from 1998 to 2007 for aerial surveys conducted in the mid-Atlantic and southeast Atlantic bight.</abstract>
      <purpose>To conduct systematic aerial surveys for large whales, specifically targeting right whales, during winter and spring off North Carolina and Virginia, United States.</purpose>
      <supplinf/>
    </descript>
    <citation>
      <citeinfo><origin>McLellan, W</origin><pubdate>2011</pubdate><title>UNCW Marine Mammal Aerial Surveys 2006-2007</title><onlink>http://seamap.env.duke.edu/dataset/400</onlink><serinfo><sername>OBIS-SEAMAP</sername><issue>400</issue></serinfo><pubinfo><pubplace>http://seamap.env.duke.edu/dataset/400</pubplace><publish>OBIS-SEAMAP</publish></pubinfo></citeinfo>
    </citation>
    <timeperd>
      <current>ground condition</current>
      <timeinfo>
        <rngdates>
          <begdate>2006-12-05</begdate>
          <enddate>2007-05-02</enddate>
        </rngdates>
      </timeinfo>
    </timeperd>
    <status>
      <progress>Complete</progress>
      <update>None planned</update>
    </status>
    <spdom>
      <bounding>
        <westbc>-78.404088</westbc>
        <eastbc>-74.86211</eastbc>
        <northbc>37.800967</northbc>
        <southbc>33.400493</southbc>
      </bounding>
      <lboundng>
        <leftbc>-78.404088</leftbc>
        <rightbc>-74.86211</rightbc>
        <topbc>37.800967</topbc>
        <bottombc>33.400493</bottombc>
      </lboundng>
    </spdom>
    <keywords><theme><themekey/></theme><place><placekey/></place><theme><themekt>Platform</themekt><themekey>Aircraft</themekey><themekey>Sightings</themekey></theme></keywords>
    <accconst>Open public unless otherwise noted. See Use Constraints for details.</accconst>
    <useconst>1. Not to use data obtained from OBIS-SEAMAP in any publication, product, or commercial application without proper attribution to the original data provider(s) and OBIS-SEAMAP unless the datasets are explicitly shown under the CC0 policy. Citations or credits are suggested as attribution. If the data you downloaded come from multiple datasets, a citation or credit to each of the datasets is required.

Suggested citation for this dataset:

McLellan, W. 2011. UNCW Marine Mammal Aerial Surveys 2006-2007. Data downloaded from OBIS-SEAMAP (http://seamap.env.duke.edu/dataset/400) on yyyy-mm-dd.

Suggested citation for OBIS-SEAMAP:

Halpin, P.N., A.J. Read, E. Fujioka, B.D. Best, B. Donnelly, L.J. Hazen, C. Kot, K. Urian, E. LaBrecque, A. Dimatteo, J. Cleary, C. Good, L.B. Crowder, and K.D. Hyrenbach. 2009. OBIS-SEAMAP: The world data center for marine mammal, sea bird, and sea turtle distributions. Oceanography 22(2):104-115

2. To forward the citation of any publication / report that made use of the data / tools provided by OBIS-SEAMAP for inclusion in our list of references.

3. Not to hold OBIS-SEAMAP or the original data providers liable for errors in the data. While we have made every effort to ensure the quality of the database, we cannot guarantee the accuracy of these datasets. 

4. The burden for determining fitness for use of the downloaded data for any analyses lies entirely with the user. OBIS-SEAMAP or the original data providers do not support outcomes of your analyses that used the data you downloaded from OBIS-SEAMAP.

5. To consider inclusion of the accompanying transect (effort) dataset if available into the methodology of your analyses.

6. Not to redistribute the data you downloaded from OBIS-SEAMAP through any media without contect from OBIS-SEAMAP and the original data providers unless the datasets are explicitly shown under the CC0 policy.</useconst>
    <natvform>Shapefile</natvform>
    
    
    
    <ptcontac>
      <cntinfo>
        <cntperp>
          <cntper>William McLellan</cntper>
          <cntorg>University of North Carolina Wilmington</cntorg>
        </cntperp>
        <cntpos/>
        <cntaddr>
          <addrtype>mailing and physical address</addrtype>
          <address>601 South College Road</address>
          <city>Wilmington</city>
          <state>NC</state>
          <postal>28403</postal>
          <country>USA</country>
        </cntaddr>
        <cntvoice>910-962-7266</cntvoice>
        <cntemail>mclellanw@uncw.edu</cntemail>
        <cntfax>910-962-4066</cntfax>
      </cntinfo>
    </ptcontac>
  <taxonomy><taxonsys><classsys><classcit><citeinfo><origin>Integrated Taxonomic Information System</origin><title>Integrated Taxonomic Information System</title><onlink>http://www.itis.usda.gov/</onlink><othercit>Downloaded April, 2004</othercit></citeinfo></classcit></classsys><ider><cntinfo><cntorgp><cntorg>Refer to the contact information of the dataset</cntorg></cntorgp></cntinfo></ider></taxonsys><taxoncl><taxonrn>Kingdom</taxonrn><taxonrv>Animalia</taxonrv><taxontsn>202423</taxontsn><taxoncl><taxonrn>Phylum</taxonrn><taxonrv>Chordata</taxonrv><taxontsn>158852</taxontsn><taxoncl><taxonrn>Subphylum</taxonrn><taxonrv>Vertebrata</taxonrv><taxontsn>331030</taxontsn><taxoncl><taxonrn>Class</taxonrn><taxonrv>Mammalia</taxonrv><taxontsn>179913</taxontsn><taxoncl><taxonrn>Subclass</taxonrn><taxonrv>Theria</taxonrv><taxontsn>179916</taxontsn><taxoncl><taxonrn>Infraclass</taxonrn><taxonrv>Eutheria</taxonrv><taxontsn>179925</taxontsn><taxoncl><taxonrn>Order</taxonrn><taxonrv>Cetacea</taxonrv><taxontsn>180403</taxontsn><taxoncl><taxonrn>Suborder</taxonrn><taxonrv>Mysticeti</taxonrv><taxontsn>552298</taxontsn><taxoncl><taxonrn>Family</taxonrn><taxonrv>Balaenopteridae</taxonrv><taxontsn>180522</taxontsn><taxoncl><taxonrn>Genus</taxonrn><taxonrv>Balaenoptera</taxonrv><taxontsn>180523</taxontsn><taxoncl><taxonrn>Species</taxonrn><taxonrv>Balaenoptera physalus</taxonrv><taxontsn>180527</taxontsn></taxoncl></taxoncl><taxoncl><taxonrn>Genus</taxonrn><taxonrv>Megaptera</taxonrv><taxontsn>180529</taxontsn><taxoncl><taxonrn>Species</taxonrn><taxonrv>Megaptera novaeangliae</taxonrv><taxontsn>180530</taxontsn></taxoncl></taxoncl></taxoncl><taxoncl><taxonrn>Family</taxonrn><taxonrv>Balaenidae</taxonrv><taxontsn>180531</taxontsn><taxoncl><taxonrn>Genus</taxonrn><taxonrv>Eubalaena</taxonrv><taxontsn>180536</taxontsn><taxoncl><taxonrn>Species</taxonrn><taxonrv>Eubalaena glacialis</taxonrv><taxontsn>180537</taxontsn></taxoncl></taxoncl></taxoncl></taxoncl><taxoncl><taxonrn>Suborder</taxonrn><taxonrv>Odontoceti</taxonrv><taxontsn>180404</taxontsn><taxoncl><taxonrn>Family</taxonrn><taxonrv>Delphinidae</taxonrv><taxontsn>180415</taxontsn><taxoncl><taxonrn>Genus</taxonrn><taxonrv>Delphinus</taxonrv><taxontsn>180437</taxontsn><taxoncl><taxonrn>Species</taxonrn><taxonrv>Delphinus delphis</taxonrv><taxontsn>180438</taxontsn></taxoncl></taxoncl><taxoncl><taxonrn>Genus</taxonrn><taxonrv>Globicephala</taxonrv><taxontsn>180464</taxontsn><taxoncl><taxonrn>Species</taxonrn><taxonrv>Globicephala macrorhynchus</taxonrv><taxontsn>180466</taxontsn></taxoncl></taxoncl><taxoncl><taxonrn>Genus</taxonrn><taxonrv>Tursiops</taxonrv><taxontsn>180425</taxontsn><taxoncl><taxonrn>Species</taxonrn><taxonrv>Tursiops truncatus</taxonrv><taxontsn>180426</taxontsn></taxoncl></taxoncl></taxoncl></taxoncl></taxoncl></taxoncl></taxoncl></taxoncl><taxoncl><taxonrn>Class</taxonrn><taxonrv>Reptilia</taxonrv><taxontsn>173747</taxontsn><taxoncl><taxonrn>Order</taxonrn><taxonrv>Testudines</taxonrv><taxontsn>173749</taxontsn><taxoncl><taxonrn>Family</taxonrn><taxonrv>Cheloniidae</taxonrv><taxontsn>173828</taxontsn><taxoncl><taxonrn>Genus</taxonrn><taxonrv>Caretta</taxonrv><taxontsn>173829</taxontsn><taxoncl><taxonrn>Species</taxonrn><taxonrv>Caretta caretta</taxonrv><taxontsn>173830</taxontsn></taxoncl></taxoncl><taxoncl><taxonrn>Genus</taxonrn><taxonrv>Lepidochelys</taxonrv><taxontsn>173838</taxontsn><taxoncl><taxonrn>Species</taxonrn><taxonrv>Lepidochelys kempii</taxonrv><taxontsn>551770</taxontsn></taxoncl></taxoncl></taxoncl></taxoncl></taxoncl></taxoncl></taxoncl></taxoncl></taxonomy><crossref><citeinfo><origin>Halpin, P.N., A.J. Read, E. Fujioka, B.D. Best, B. Donnelly, L.J. Hazen, C. Kot, K. Urian, E. LaBrecque, A. Dimatteo, J. Cleary, C. Good, L.B. Crowder, and K.D. Hyrenbach</origin><pubdate>2009</pubdate><title>OBIS-SEAMAP: The world data center for marine mammal, sea bird, and sea turtle distributions</title><geoform>vector digital data</geoform><serinfo><sername>Oceanography</sername><issue>22(2):104-115</issue></serinfo><onlink>http://www.tos.org/oceanography/article/obis-seamap-the-world-data-center-for-marine-mammal-sea-bird-and-sea-turtle</onlink></citeinfo></crossref></idinfo>
  <distinfo>
    <distrib><cntinfo><cntorgp><cntper>OBIS-SEAMAP</cntper><cntorg>Nicholas School of Environment, Duke University</cntorg></cntorgp><cntpos/><cntaddr><addrtype>mailing and physical address</addrtype><address>A328, LSRC</address><city>Durham</city><state>NC</state><postal>27708</postal><country>USA</country></cntaddr><cntvoice>919-613-8021</cntvoice><cntemail>seamap-contact@duke.edu</cntemail></cntinfo></distrib>
    <distliab>Not to hold OBIS-SEAMAP liable for errors in the data. While we have made every effort to ensure the quality of the database, we cannot guarantee the accuracy of these datasets.&#xD;
Also please refer to Use Constraints.&#xD;
</distliab>
  <stdorder><fees>Free</fees><ordering>Go to the OBIS-SEAMAP web site</ordering><digform><digtinfo><formname>zip</formname><filedec>zipped shapefile</filedec></digtinfo><digtopt><onlinopt><computer><networka><networkr>http://seamap.env.duke.edu/dataset/400</networkr></networka></computer></onlinopt></digtopt></digform></stdorder></distinfo>
  <metainfo>
    <metc><cntinfo><cntperp><cntper>Ei Fujioka</cntper><cntorg>Duke University</cntorg></cntperp><cntpos/><cntaddr><addrtype>mailing and physical address</addrtype><address>LSRC A328</address><city>Durham</city><state>NC</state><country>USA</country></cntaddr><cntemail>efujioka@duke.edu</cntemail></cntinfo></metc>
    <metextns>
      <onlink>http://www.nbii.gov/</onlink>
      <metprof>Biological Data Profile</metprof>
    </metextns>
  <metd>2007-07-20</metd></metainfo>
  <dataqual>
    <posacc>
      <horizpa>
        <horizpar/>
      </horizpa>
      <vertacc>
        <vertaccr/>
      </vertacc>
    </posacc>
    <attracc>
      <attraccr/>
    </attracc>
    <complete/>
  </dataqual>
<eainfo><overview><eadetcit>University of North Carolina Wilmington</eadetcit><eaover/></overview><detailed><attr><attrlabl>id</attrlabl><attrdef/></attr><attr><attrlabl>date</attrlabl><attrdef>Date of observation</attrdef></attr><attr><attrlabl>time</attrlabl><attrdef>Time of observation</attrdef></attr><attr><attrlabl>waypoint</attrlabl><attrdef/></attr><attr><attrlabl>lat</attrlabl><attrdef>Latitude of observation</attrdef></attr><attr><attrlabl>long</attrlabl><attrdef>Longitude of observation</attrdef></attr><attr><attrlabl>event</attrlabl><attrdef/></attr><attr><attrlabl>heading</attrlabl><attrdef/></attr><attr><attrlabl>track</attrlabl><attrdef/></attr><attr><attrlabl>obsrv</attrlabl><attrdef/></attr><attr><attrlabl>alt</attrlabl><attrdef/></attr><attr><attrlabl>visibility</attrlabl><attrdef/></attr><attr><attrlabl>bss</attrlabl><attrdef/></attr><attr><attrlabl>cloud</attrlabl><attrdef/></attr><attr><attrlabl>glare_l</attrlabl><attrdef/></attr><attr><attrlabl>glare_r</attrlabl><attrdef/></attr><attr><attrlabl>angle</attrlabl><attrdef/></attr><attr><attrlabl>cue</attrlabl><attrdef/></attr><attr><attrlabl>species</attrlabl><attrdef>Species observed</attrdef></attr><attr><attrlabl>tsn</attrlabl><attrdef>Species ITIS TSN</attrdef></attr><attr><attrlabl>reliability</attrlabl><attrdef/></attr><attr><attrlabl>min_count</attrlabl><attrdef/></attr><attr><attrlabl>max_count</attrlabl><attrdef/></attr><attr><attrlabl>obs_count</attrlabl><attrdef>Number of animals observed</attrdef></attr><attr><attrlabl>calves</attrlabl><attrdef/></attr><attr><attrlabl>avoid</attrlabl><attrdef/></attr><attr><attrlabl>pho_vid</attrlabl><attrdef/></attr><attr><attrlabl>comments</attrlabl><attrdef/></attr><attr><attrlabl>oid</attrlabl><attrdef>Unique ID number (generated by SEAMAP)</attrdef></attr></detailed></eainfo><spref><horizsys><cordsysn><geogcsn>GCS_WGS_1984</geogcsn></cordsysn><geograph><geogunit>Decimal degrees</geogunit><latres>0.000167</latres><longres>0.000167</longres></geograph><geodetic><horizdn>D_WGS_1984</horizdn><ellips>WGS_1984</ellips><semiaxis>6378137.000000</semiaxis><denflat>298.257224</denflat></geodetic></horizsys></spref></metadata>
