<?xml version="1.0" encoding="UTF-8"?>
<metadata xml:lang="en">
<Esri>
	<MetaID>{999A9551-D701-4CF5-9373-131D3DD8D969}</MetaID>
	<CreaDate>20050512</CreaDate>
	<CreaTime>19291400</CreaTime>
	<SyncOnce>FALSE</SyncOnce>
	<SyncDate>20060710</SyncDate>
	<SyncTime>17161900</SyncTime>
	<ModDate>20060815</ModDate>
	<ModTime>12091700</ModTime>
</Esri>
<idinfo>
	<keywords><theme><themekt>None</themekt><themekey>Vessels</themekey><themekey>Sightings</themekey></theme><place><placekt>None</placekt><placekey>Gulf of Mexico</placekey></place></keywords>
	<native Sync="TRUE">Relational database</native>
	<descript>
	<langdata Sync="TRUE">en</langdata>
	<abstract>Sperm Whale Seismic Study (SWSS) was a multi-institutional, interdisciplinary research project supported by the then Minerals Management Service (MMS; now Bureau of Ocean Energy Management - BOEM) under Cooperative Agreement 1435-01-02-CA-85186 for Cooperative Research on Sperm Whales and their Response to Seismic Exploration in the Gulf of Mexico through the Texas A&amp;M Research &#13;
&#13;
Foundation.The objectives of SWSS were to&#13;
(1) establish baseline information on the biology and behavior of sperm whales in the northern Gulf of Mexico,&#13;
(2) characterize sperm whale habitat use in the northern Gulf of Mexico, and&#13;
(3) determine possible changes in behavior of sperm whales when subjected to manmade noise, particularly from seismic airgun arrays used for offshore oil and gas exploration and geological monitoring.</abstract><purpose>Please contact data provider</purpose><supplinf>This dataset includes sightings of cetaceans other than sperm whales in 2002-2004. Sperm whale visual tracking data are found in &lt;a href='/dataset/904'&gt;BOEM Sperm Whale Seismic Study (SWSS) S-Tag sperm whale trackings 2002-2004&lt;/a&gt; which is also accompanied with effort data.&#13;
&#13;
Since the 2005 data are in a different format, they are registered separately as &lt;a href='/dataset/905'&gt;BOEM Sperm Whale Seismic Study (SWSS) S-Tag cetacean sightings 2005&lt;/a&gt;</supplinf></descript>
	<citation>
		<citeinfo><origin>Epperson, D</origin><pubdate>2013</pubdate><title>BOEM Sperm Whale Seismic Study (SWSS) S-Tag cetacean sightings 2002-2004</title><onlink>http://seamap.env.duke.edu/dataset/903</onlink><serinfo><sername>OBIS-SEAMAP</sername><issue>903</issue></serinfo><pubinfo><pubplace>http://seamap.env.duke.edu/dataset/903</pubplace><publish>OBIS-SEAMAP</publish></pubinfo></citeinfo>
	</citation>
	<timeperd><current>ground condition</current><timeinfo><rngdates><begdate>20020620</begdate><enddate>20040612</enddate></rngdates></timeinfo></timeperd>
	<status><progress>Complete</progress><update>None planned</update></status>
	<spdom><bounding><westbc>-94.7323074</westbc><eastbc>-86.5424957</eastbc><northbc>29.3124504</northbc><southbc>26.9614258</southbc></bounding><lboundng><leftbc Sync="TRUE">-94.7323074</leftbc><rightbc Sync="TRUE">-86.5424957</rightbc><bottombc Sync="TRUE">26.9614258</bottombc><topbc Sync="TRUE">29.3124504</topbc></lboundng><descgeog>Gulf of Mexico</descgeog></spdom>
	<accconst>Open public unless otherwise noted. See Use Constraints for details.</accconst>
	<useconst>1. Not to use data obtained from OBIS-SEAMAP in any publication, product, or commercial application without proper attribution to the original data provider(s) and OBIS-SEAMAP unless the datasets are explicitly shown under the CC0 policy. Citations or credits are suggested as attribution. If the data you downloaded come from multiple datasets, a citation or credit to each of the datasets is required.

Suggested citation for this dataset

Epperson, D. 2013. BOEM Sperm Whale Seismic Study (SWSS) S-Tag cetacean sightings 2002-2004. Data downloaded from OBIS-SEAMAP (http://seamap.env.duke.edu/dataset/903) on yyyy-mm-dd.

Suggested citation for OBIS-SEAMAP:

Halpin, P.N., A.J. Read, E. Fujioka, B.D. Best, B. Donnelly, L.J. Hazen, C. Kot, K. Urian, E. LaBrecque, A. Dimatteo, J. Cleary, C. Good, L.B. Crowder, and K.D. Hyrenbach. 2009. OBIS-SEAMAP: The world data center for marine mammal, sea bird, and sea turtle distributions. Oceanography 22(2):104-115

2. To forward the citation of any publication / report that made use of the data / tools provided by OBIS-SEAMAP for inclusion in our list of references.

3. Not to hold OBIS-SEAMAP or the original data providers liable for errors in the data. While we have made every effort to ensure the quality of the database, we cannot guarantee the accuracy of these datasets. 

4. The burden for determining fitness for use of the downloaded data for any analyses lies entirely with the user. OBIS-SEAMAP or the original data providers do not support outcomes of your analyses that used the data you downloaded from OBIS-SEAMAP.

5. To consider inclusion of the accompanying transect (effort) dataset if available into the methodology of your analyses.

6. Not to redistribute the data you downloaded from OBIS-SEAMAP through any media without contect from OBIS-SEAMAP and the original data providers unless the datasets are explicitly shown under the CC0 policy.</useconst>
	<natvform Sync="TRUE">Shapefile</natvform>
	
	<ptcontac>
		<cntinfo>
			<cntperp><cntper>Deborah Epperson</cntper><cntorg>Bureau of Safety and Environmental Enforcement</cntorg></cntperp>
			<cntaddr>
				<addrtype>mailing and physical address</addrtype>
			<address>1201 Elmwood Park Blvd.</address><city>New Orleans</city><state>LA</state><postal>70123</postal><country>USA</country></cntaddr>
		<cntpos/><cntvoice>504-736-3257</cntvoice><cntemail>Deborah.Epperson@bsee.gov</cntemail><cntfax/></cntinfo>
	</ptcontac>
<taxonomy><taxonsys><classsys><classcit><citeinfo><origin>Integrated Taxonomic Information System</origin><title>Integrated Taxonomic Information System</title><onlink>http://www.itis.usda.gov/</onlink><othercit>Downloaded April, 2004</othercit></citeinfo></classcit></classsys><ider><cntinfo><cntorgp><cntorg>Refer to the contact information of the dataset</cntorg></cntorgp></cntinfo></ider></taxonsys></taxonomy><datacred>Texas A&amp;M University&#13;
Oregon State University&#13;
Scripps Institution of Oceanography&#13;
Texas A&amp;M University-Galveston&#13;
University of Colorado&#13;
University of Durham&#13;
University of Saint Andrews&#13;
University of South Florida&#13;
Woods Hole Oceanographic Institution</datacred><crossref><citeinfo><origin>Jochens, A., D. Biggs, K. Benoit-Bird, D. Engelhaupt, J. Gordon, C. Hu, N. Jaquet, M. Johnson, R. Leben, B. Mate, P. Miller, J. Ortega-Ortiz, A. Thode, P. Tyack, and B. Würsig</origin><pubdate>2008</pubdate><title>Sperm whale seismic study in the Gulf of Mexico: Synthesis report</title><serinfo><sername>U.S. Dept. of the Interior, Minerals Management Service, Gulf of Mexico OCS Region, New Orleans, LA</sername><issue>OCS Study MMS 2008-006. 341 pp</issue></serinfo><onlink>http://seamap.env.duke.edu/downloads/resources/zd_810_2008-006.pdf</onlink></citeinfo></crossref><crossref><citeinfo><origin>Jochens, A., D. Biggs, D. Engelhaupt, J. Gordon, N. Jaquet, M. Johnson, R. Leben, B. Mate, P. Miller, J. Ortega-Ortiz, A. Thode, P. Tyack, J. Wormuth, and B. Würsig</origin><pubdate>2006</pubdate><title>Sperm whale seismic study in the Gulf of Mexico; Summary Report, 2002-2004</title><serinfo><sername>U.S. Dept. of the Interior, Minerals Management Service, Gulf of Mexico OCS Region, New Orleans, LA</sername><issue>OCS Study MMS 2006-034. 352 pp</issue></serinfo><onlink>http://seamap.env.duke.edu/downloads/resources/zd_810_2006-034.pdf</onlink></citeinfo></crossref><crossref><citeinfo><origin>Halpin, P.N., A.J. Read, E. Fujioka, B.D. Best, B. Donnelly, L.J. Hazen, C. Kot, K. Urian, E. LaBrecque, A. Dimatteo, J. Cleary, C. Good, L.B. Crowder, and K.D. Hyrenbach</origin><pubdate>2009</pubdate><title>OBIS-SEAMAP: The world data center for marine mammal, sea bird, and sea turtle distributions</title><serinfo><sername>Oceanography</sername><issue>22(2):104-115</issue></serinfo><onlink>http://www.tos.org/oceanography/article/obis-seamap-the-world-data-center-for-marine-mammal-sea-bird-and-sea-turtle</onlink></citeinfo></crossref></idinfo>

<metainfo>
	<langmeta Sync="TRUE">en</langmeta>
	<metstdn Sync="TRUE">FGDC Content Standards for Digital Geospatial Metadata</metstdn>
	<metstdv Sync="TRUE">FGDC-STD-001-1998</metstdv>
	<mettc Sync="TRUE">local time</mettc>
	<metc>
		<cntinfo>
			<cntorgp>
			<cntper>Ei Fujioka</cntper>
			<cntorg>Nicholas School of Environment, Duke University</cntorg>
			</cntorgp>
			<cntaddr><addrtype>mailing and physical address</addrtype><city>Durham</city><state>NC</state><postal>27708</postal><address>A328, LSRC</address><country>USA</country></cntaddr>
			<cntvoice>919-613-8021</cntvoice>
			<cntemail>seamap-contact@duke.edu</cntemail>
		<cntperp><cntper>Ei Fujioka</cntper><cntorg>Duke University</cntorg></cntperp><cntpos/></cntinfo>
	</metc>
	<metextns><onlink>http://www.nbii.gov/</onlink><metprof>Biological Data Profile</metprof></metextns><metextns><onlink Sync="TRUE">http://www.esri.com/metadata/esriprof80.html</onlink><metprof Sync="TRUE">ESRI Metadata Profile</metprof></metextns>
	<metd>20150811</metd>
<metrd>20150811</metrd></metainfo>

<mdLang><languageCode Sync="TRUE" value="en"/></mdLang>
<mdStanName Sync="TRUE">ISO 19115 Geographic Information - Metadata</mdStanName><mdStanVer Sync="TRUE">DIS_ESRI1.0</mdStanVer><mdChar><CharSetCd Sync="TRUE" value="004"/></mdChar><mdHrLv><ScopeCd Sync="TRUE" value="005"/></mdHrLv><mdHrLvName Sync="TRUE">dataset</mdHrLvName>

<distinfo>
	<resdesc Sync="TRUE">OBIS-SEAMAP Dataset ID 903</resdesc>
	<stdorder>
		<digform>
			<digtinfo>
				<transize Sync="TRUE">0.021</transize>
				<dssize Sync="TRUE">0.021</dssize>
			</digtinfo>
			<digtopt>
				<onlinopt>
					<computer>
						<networka>
							<networkr>OBIS-SEAMAP</networkr>
						</networka>
					</computer>
				</onlinopt>
			</digtopt>
		</digform>
		<fees>Free</fees>
		<ordering>Go to the OBIS-SEAMAP web site and click on [Datasets] tab appearing on upper left.</ordering>
	</stdorder>
	<distrib>
		<cntinfo>
			<cntorgp>
				<cntorg>Nicholas School of Environment, Duke Univ.</cntorg>
				<cntper>OBIS-SEAMAP</cntper>
			</cntorgp>
			<cntaddr>
				<addrtype>mailing and physical address</addrtype>
				<city>Durham</city><state>NC</state><country>USA</country><address>A328, LSRC</address><postal>27708</postal>
			</cntaddr>
			<cntvoice>919-613-8021</cntvoice>
			<cntemail>seamap-contact@duke.edu</cntemail>
		<cntpos/><cntefax/></cntinfo>
	</distrib>

	<distliab>Not to hold OBIS-SEAMAP liable for errors in the data. While we have made every effort to ensure the quality of the database, we cannot guarantee the accuracy of these datasets.&#13;
Also please refer to Use Constraints.</distliab>
</distinfo>

	<distInfo>
		<distributor><distorTran>
				<onLineSrc><orDesc Sync="TRUE">002</orDesc>
					<protocol Sync="TRUE">Local Area Network</protocol>
				</onLineSrc>
				<transSize Sync="TRUE">0.021</transSize></distorTran>
			<distorFormat><formatName Sync="TRUE">Shapefile</formatName></distorFormat>
		</distributor></distInfo>
	<spdoinfo><direct Sync="TRUE">Vector</direct><ptvctinf>
		</ptvctinf></spdoinfo>
	<spref><horizsys><cordsysn><geogcsn>GCS_WGS_1984</geogcsn></cordsysn><geograph><geogunit>Decimal degrees</geogunit><latres>1e-06</latres><longres>1e-06</longres></geograph><geodetic><horizdn>D_WGS_1984</horizdn><ellips>WGS_1984</ellips><semiaxis>6378137.000000</semiaxis><denflat>298.257224</denflat></geodetic></horizsys></spref><refSysInfo><RefSystem><refSysID><identCode Sync="TRUE">GCS_WGS_1984</identCode></refSysID></RefSystem></refSysInfo><spatRepInfo><VectSpatRep><topLvl><TopoLevCd Sync="TRUE" value="001"/></topLvl>
		</VectSpatRep>
	</spatRepInfo><eainfo><overview><eaover>This section explains attributes included in the original dataset.&#13;
OBIS-SEAMAP restricts the attributes available to the public to date/time, lat/lon and species names/counts only.&#13;
Should you need other attributes described here, you are encouraged to contact the data provider.</eaover><eadetcit>Bureau of Ocean Energy Management</eadetcit></overview><detailed><enttyp><enttypl>Biogeographic data</enttypl><enttypd>Biogeographic data</enttypd><enttypds>Not applicable</enttypds></enttyp><attr><attrlabl>oid</attrlabl><attrdef>Unique ID number (generated by OBIS-SEAMAP)</attrdef><attrdefs>Data provider</attrdefs><attrdomv><udom>Unique ID number (generated by OBIS-SEAMAP)</udom></attrdomv></attr><attr><attrlabl>row_id</attrlabl><attrdef>Row ID assigned by OBIS-SEAMAP</attrdef><attrdefs>Data provider</attrdefs><attrdomv><udom>Row ID assigned by OBIS-SEAMAP</udom></attrdomv></attr><attr><attrlabl>index</attrlabl><attrdef>Index of rows in the original data table</attrdef><attrdefs>Data provider</attrdefs><attrdomv><udom>Index of rows in the original data table</udom></attrdomv></attr><attr><attrlabl>gpsindex</attrlabl><attrdef>Foreign key to GPS data</attrdef><attrdefs>Data provider</attrdefs><attrdomv><udom>Foreign key to GPS data</udom></attrdomv></attr><attr><attrlabl>obs_datetime</attrlabl><attrdef>Date and time (local time zone)</attrdef><attrdefs>Data provider</attrdefs><attrdomv><udom>Date and time (local time zone)</udom></attrdomv></attr><attr><attrlabl>sighting_no</attrlabl><attrdef>Sighting No</attrdef><attrdefs>Data provider</attrdefs><attrdomv><udom>Sighting No</udom></attrdomv></attr><attr><attrlabl>other_time</attrlabl><attrdef>Other format of time</attrdef><attrdefs>Data provider</attrdefs><attrdomv><udom>Other format of time</udom></attrdomv></attr><attr><attrlabl>sp_obs</attrlabl><attrdef>Species code recorded</attrdef><attrdefs>Data provider</attrdefs><attrdomv><udom>Species code recorded</udom></attrdomv></attr><attr><attrlabl>sp_tsn</attrlabl><attrdef>ITIS Taxonomic Serial Number assigned by OBIS-SEAMAP</attrdef><attrdefs>Data provider</attrdefs><attrdomv><udom>ITIS Taxonomic Serial Number assigned by OBIS-SEAMAP</udom></attrdomv></attr><attr><attrlabl>cue</attrlabl><attrdef>Cue</attrdef><attrdefs>Data provider</attrdefs><attrdomv><udom>Cue</udom></attrdomv></attr><attr><attrlabl>distance</attrlabl><attrdef>Distance</attrdef><attrdefs>Data provider</attrdefs><attrdomv><udom>Distance</udom></attrdomv></attr><attr><attrlabl>bearing</attrlabl><attrdef>Bearing (°)</attrdef><attrdefs>Data provider</attrdefs><attrdomv><udom>Bearing (°)</udom></attrdomv></attr><attr><attrlabl>heading</attrlabl><attrdef>Heading</attrdef><attrdefs>Data provider</attrdefs><attrdomv><udom>Heading</udom></attrdomv></attr><attr><attrlabl>ship_heading</attrlabl><attrdef>Ship heading</attrdef><attrdefs>Data provider</attrdefs><attrdomv><udom>Ship heading</udom></attrdomv></attr><attr><attrlabl>seen_from</attrlabl><attrdef>Location of the observer</attrdef><attrdefs>Data provider</attrdefs><attrdomv><udom>Location of the observer</udom></attrdomv></attr><attr><attrlabl>seen_by</attrlabl><attrdef>Initial of the observer</attrdef><attrdefs>Data provider</attrdefs><attrdomv><udom>Initial of the observer</udom></attrdomv></attr><attr><attrlabl>obs_count</attrlabl><attrdef>Number of individuals (total of adults, juveniles and calves)</attrdef><attrdefs>Data provider</attrdefs><attrdomv><udom>Number of individuals (total of adults, juveniles and calves)</udom></attrdomv></attr><attr><attrlabl>adults</attrlabl><attrdef>Number of adults</attrdef><attrdefs>Data provider</attrdefs><attrdomv><udom>Number of adults</udom></attrdomv></attr><attr><attrlabl>juveniles</attrlabl><attrdef>Number of juvelines</attrdef><attrdefs>Data provider</attrdefs><attrdomv><udom>Number of juvelines</udom></attrdomv></attr><attr><attrlabl>calves</attrlabl><attrdef>Number of calves</attrdef><attrdefs>Data provider</attrdefs><attrdomv><udom>Number of calves</udom></attrdomv></attr><attr><attrlabl>birds</attrlabl><attrdef>code of birds (not actively filled)</attrdef><attrdefs>Data provider</attrdefs><attrdomv><udom>code of birds (not actively filled)</udom></attrdomv></attr><attr><attrlabl>behaviour1</attrlabl><attrdef>Behavior code 1</attrdef><attrdefs>Data provider</attrdefs><attrdomv><udom>Behavior code 1</udom></attrdomv></attr><attr><attrlabl>behaviour2</attrlabl><attrdef>Behavior code 2</attrdef><attrdefs>Data provider</attrdefs><attrdomv><udom>Behavior code 2</udom></attrdomv></attr><attr><attrlabl>behaviour3</attrlabl><attrdef>Behavior code 3</attrdef><attrdefs>Data provider</attrdefs><attrdomv><udom>Behavior code 3</udom></attrdomv></attr><attr><attrlabl>notes</attrlabl><attrdef>Notes</attrdef><attrdefs>Data provider</attrdefs><attrdomv><udom>Notes</udom></attrdomv></attr><attr><attrlabl>end_time</attrlabl><attrdef>End time</attrdef><attrdefs>Data provider</attrdefs><attrdomv><udom>End time</udom></attrdomv></attr><attr><attrlabl>reticle</attrlabl><attrdef>Reticle</attrdef><attrdefs>Data provider</attrdefs><attrdomv><udom>Reticle</udom></attrdomv></attr><attr><attrlabl>latitude</attrlabl><attrdef>Latitude in decimal degrees</attrdef><attrdefs>Data provider</attrdefs><attrdomv><udom>Latitude in decimal degrees</udom></attrdomv></attr><attr><attrlabl>longitude</attrlabl><attrdef>Longitude in decimal degrees</attrdef><attrdefs>Data provider</attrdefs><attrdomv><udom>Longitude in decimal degrees</udom></attrdomv></attr><attr><attrlabl>gps_heading</attrlabl><attrdef>GPS heading</attrdef><attrdefs>Data provider</attrdefs><attrdomv><udom>GPS heading</udom></attrdomv></attr><attr><attrlabl>headingtype</attrlabl><attrdef>Heading type</attrdef><attrdefs>Data provider</attrdefs><attrdomv><udom>Heading type</udom></attrdomv></attr><attr><attrlabl>speed</attrlabl><attrdef>Vessel speed in mph</attrdef><attrdefs>Data provider</attrdefs><attrdomv><udom>Vessel speed in mph</udom></attrdomv></attr><attr><attrlabl>speedtype</attrlabl><attrdef>Speed type</attrdef><attrdefs>Data provider</attrdefs><attrdomv><udom>Speed type</udom></attrdomv></attr><attr><attrlabl>gpserror</attrlabl><attrdef>GPS error</attrdef><attrdefs>Data provider</attrdefs><attrdomv><udom>GPS error</udom></attrdomv></attr><attr><attrlabl>datastatus</attrlabl><attrdef>Data status</attrdef><attrdefs>Data provider</attrdefs><attrdomv><udom>Data status</udom></attrdomv></attr><attr><attrlabl>lat_animal</attrlabl><attrdef>Latitude of animals</attrdef><attrdefs>Data provider</attrdefs><attrdomv><udom>Latitude of animals</udom></attrdomv></attr><attr><attrlabl>lon_animal</attrlabl><attrdef>Longitude of animals</attrdef><attrdefs>Data provider</attrdefs><attrdomv><udom>Longitude of animals</udom></attrdomv></attr><attr><attrlabl>geom</attrlabl><attrdef>Geometry field added by OBIS-SEAMAP</attrdef><attrdefs>Data provider</attrdefs><attrdomv><udom>Geometry field added by OBIS-SEAMAP</udom></attrdomv></attr></detailed></eainfo><mdDateSt Sync="TRUE">20060815</mdDateSt>
	<dataqual><posacc><horizpa><horizpar/></horizpa><vertacc><vertaccr/></vertacc></posacc><attracc><attraccr/></attracc><complete>All observation records are included.</complete><logic>Permissible values for date and time and coordinates were validated by the data provider and the OBIS-SEAMAP data manager. Species identification by the data provider was matched with Integrated Taxonomic Information System.</logic><lineage><procstep><procdesc>Data were put through the OBIS-SEAMAP data registration steps.</procdesc><procdate>20130329</procdate></procstep></lineage></dataqual>
</metadata>
