<?xml version="1.0" encoding="UTF-8"?>
<metadata xml:lang="en">
<idinfo>
	<citation>
		<citeinfo><origin>Halpin, P.N., A.J. Read, E. Fujioka, B.D. Best, B. Donnelly, L.J. Hazen, C. Kot, K. Urian, E. LaBrecque, A. Dimatteo, J. Cleary, C. Good, L.B. Crowder, and K.D. Hyrenbach</origin><pubdate>2009</pubdate><title>OBIS-SEAMAP: The world data center for marine mammal, sea bird, and sea turtle distributions</title><serinfo><sername>Oceanography</sername><issue>22(2):104-115</issue></serinfo><onlink>http://www.tos.org/oceanography/article/obis-seamap-the-world-data-center-for-marine-mammal-sea-bird-and-sea-turtle</onlink></citeinfo>
	</citation><descript>
	<abstract>Within the Gulf of Guinea the information on the cetacean abundance and distribution is scarce. A cetacean survey took place during geophysical surveys (2013–2014) along the coasts of Ghana and Côte d’Ivoire. Due to large group-sizes, melon-headed whales were the most abundant (0.34 animals&#13;
km−1) followed by Fraser’s dolphins and short-finned pilot whales. Range state records were confirmed for melon-headed whale and Fraser’s dolphin in Ivoirian waters and ten further species represented first at-sea sightings. Fraser’s dolphins, melon-headed whales, pantropical spotted dolphins, bottlenose dolphins, and pilot whales were recorded in areas with the highest fishing densities. Melon-headed whales, pilot whales, and rough-toothed dolphins were observed in vicinity of trawlers; bottlenose dolphins, pantropical spotted dolphins, and pilot whales in vicinity of canoes. The poor knowledge on population trends of cetaceans in this unique upwelling region, together with a high demand for cetacean products for human consumption (as “marine bushmeat”) may lead to a potential decline of some species that may go unnoticed. These new insights can provide a foundation for the urgently required risk assessments of cetacean mortality in fisheries within the northern Gulf of Guinea.</abstract><purpose>The objective of this study was to gather new information on the poorly monitored local cetacean populations in order to understand the threat posed by interactions with fisheries either due to unintended bycatch (entanglement) or direct capture. The information presented provides a valuable insight into the occurrence, relative abundance, and at-sea distribution of cetaceans and an indication as to which cetacean species appear to be under the greatest fishing pressure. As such, these findings provide new directions for future assessments of fishing pressure on cetaceans through incidental catches and directed takes.</purpose><supplinf>Information regarding location of fishing vessels is available upon request</supplinf></descript><timeperd><timeinfo><rngdates><begdate>20130418</begdate><enddate>20140524</enddate></rngdates></timeinfo><current>ground condition</current></timeperd><status><progress>Complete</progress><update>None planned</update></status><spdom><descgeog>Ghana</descgeog><bounding><westbc>-3.43817</westbc><eastbc>-1.84533</eastbc><northbc>4.87267</northbc><southbc>3.5995</southbc></bounding>
	</spdom><keywords><theme><themekt>None</themekt><themekey>Marine Animal Survey</themekey><themekey>Marine Biology</themekey><themekey>Marine mammals</themekey><themekey>Visual Sighting</themekey><themekey>Vessel</themekey></theme><place><placekt>None</placekt><placekey>Ghana</placekey><placekey>Ivorycoast</placekey></place></keywords><taxonomy><keywtax><taxonkt>Taxon covered</taxonkt><taxonkey>Marine mammals</taxonkey></keywtax><taxonsys><classsys><classcit><citeinfo><origin>Integrated Taxonomic Information System</origin><pubdate>Unknown</pubdate><title>Integrated Taxonomic Information System</title><geoform>Not applicable</geoform><othercit>Downloaded April, 2004</othercit><onlink>http://www.itis.usda.gov/</onlink></citeinfo></classcit></classsys><ider><cntinfo><cntperp><cntper>Refer to the contact information of the dataset</cntper><cntorg>Refer to the contact information of the dataset</cntorg></cntperp><cntaddr><addrtype>mailing and physical address</addrtype><address>Refer to the contact information of the dataset</address><city>Refer to the contact information of the dataset</city><state>Refer to the contact information of the dataset</state><postal>Refer to the contact information of the dataset</postal><country>Refer to the contact information of the dataset</country></cntaddr><cntvoice>Not provided</cntvoice></cntinfo></ider><taxonpro>Identified by observers or researchers conducting the survey</taxonpro></taxonsys><taxoncl><taxonrn>Kingdom</taxonrn><taxonrv>Animalia</taxonrv><taxoncl><taxonrn>Phylum</taxonrn><taxonrv>Chordata</taxonrv><taxoncl><taxonrn>Subphylum</taxonrn><taxonrv>Vertebrata</taxonrv><taxoncl><taxonrn>Class</taxonrn><taxonrv>Mammalia</taxonrv><taxoncl><taxonrn>Subclass</taxonrn><taxonrv>Theria</taxonrv><taxoncl><taxonrn>Infraclass</taxonrn><taxonrv>Eutheria</taxonrv><taxoncl><taxonrn>Order</taxonrn><taxonrv>Cetacea</taxonrv><taxoncl><taxonrn>Suborder</taxonrn><taxonrv>Mysticeti</taxonrv><taxoncl><taxonrn>Family</taxonrn><taxonrv>Balaenopteridae</taxonrv><taxoncl><taxonrn>Genus</taxonrn><taxonrv>Balaenoptera</taxonrv><taxoncl><taxonrn>Species</taxonrn><taxonrv>Balaenoptera brydei</taxonrv></taxoncl></taxoncl></taxoncl></taxoncl><taxoncl><taxonrn>Suborder</taxonrn><taxonrv>Odontoceti</taxonrv><taxoncl><taxonrn>Family</taxonrn><taxonrv>Delphinidae</taxonrv><taxoncl><taxonrn>Genus</taxonrn><taxonrv>Delphinus</taxonrv></taxoncl><taxoncl><taxonrn>Genus</taxonrn><taxonrv>Globicephala</taxonrv><taxoncl><taxonrn>Species</taxonrn><taxonrv>Globicephala macrorhynchus</taxonrv></taxoncl></taxoncl><taxoncl><taxonrn>Genus</taxonrn><taxonrv>Lagenodelphis</taxonrv><taxoncl><taxonrn>Species</taxonrn><taxonrv>Lagenodelphis hosei</taxonrv></taxoncl></taxoncl><taxoncl><taxonrn>Genus</taxonrn><taxonrv>Peponocephala</taxonrv><taxoncl><taxonrn>Species</taxonrn><taxonrv>Peponocephala electra</taxonrv></taxoncl></taxoncl><taxoncl><taxonrn>Genus</taxonrn><taxonrv>Stenella</taxonrv><taxoncl><taxonrn>Species</taxonrn><taxonrv>Stenella attenuata</taxonrv></taxoncl><taxoncl><taxonrn>Species</taxonrn><taxonrv>Stenella clymene</taxonrv></taxoncl><taxoncl><taxonrn>Species</taxonrn><taxonrv>Stenella longirostris</taxonrv></taxoncl></taxoncl><taxoncl><taxonrn>Genus</taxonrn><taxonrv>Steno</taxonrv><taxoncl><taxonrn>Species</taxonrn><taxonrv>Steno bredanensis</taxonrv></taxoncl></taxoncl><taxoncl><taxonrn>Genus</taxonrn><taxonrv>Tursiops</taxonrv><taxoncl><taxonrn>Species</taxonrn><taxonrv>Tursiops truncatus</taxonrv></taxoncl></taxoncl></taxoncl><taxoncl><taxonrn>Family</taxonrn><taxonrv>Physeteridae</taxonrv><taxoncl><taxonrn>Genus</taxonrn><taxonrv>Physeter</taxonrv><taxoncl><taxonrn>Species</taxonrn><taxonrv>Physeter macrocephalus</taxonrv></taxoncl></taxoncl></taxoncl></taxoncl></taxoncl></taxoncl></taxoncl></taxoncl></taxoncl></taxoncl></taxoncl></taxonomy>
	<accconst>Open public unless otherwise noted. See Use Constraints for details.</accconst>
	<useconst>1. Not to use data obtained from OBIS-SEAMAP in any publication, product, or commercial application without proper attribution to the original data provider(s) and OBIS-SEAMAP unless the datasets are explicitly shown under the CC0 policy. Citations or credits are suggested as attribution. If the data you downloaded come from multiple datasets, a citation or credit to each of the datasets is required.&#13;
&#13;
Suggested citation for this dataset:&#13;
&#13;
&#13;
&#13;
Suggested citation for OBIS-SEAMAP:&#13;
&#13;
Halpin, P.N., A.J. Read, E. Fujioka, B.D. Best, B. Donnelly, L.J. Hazen, C. Kot, K. Urian, E. LaBrecque, A. Dimatteo, J. Cleary, C. Good, L.B. Crowder, and K.D. Hyrenbach. 2009. OBIS-SEAMAP: The world data center for marine mammal, sea bird, and sea turtle distributions. Oceanography 22(2):104-115&#13;
&#13;
2. To forward the citation of any publication / report that made use of the data / tools provided by OBIS-SEAMAP for inclusion in our list of references.&#13;
&#13;
3. Not to hold OBIS-SEAMAP or the original data providers liable for errors in the data. While we have made every effort to ensure the quality of the database, we cannot guarantee the accuracy of these datasets. &#13;
&#13;
4. The burden for determining fitness for use of the downloaded data for any analyses lies entirely with the user. OBIS-SEAMAP or the original data providers do not support outcomes of your analyses that used the data you downloaded from OBIS-SEAMAP.&#13;
&#13;
5. To consider inclusion of the accompanying transect (effort) dataset if available into the methodology of your analyses.&#13;
&#13;
6. Not to redistribute the data you downloaded from OBIS-SEAMAP through any media without contect from OBIS-SEAMAP and the original data providers unless the datasets are explicitly shown under the CC0 policy.</useconst>
	<ptcontac>
		<cntinfo>
			<cntperp><cntper>Marijke de Boer</cntper><cntorg>Wageningen Marine Research, University of Wageningen</cntorg></cntperp>
			<cntaddr>
				<addrtype>mailing and physical address</addrtype>
			<address>Postbus 167</address><city>1780 AB Den Helder</city><country>The Netherlands</country></cntaddr>
		<cntvoice>unknown</cntvoice><cntemail>marijkedeboer@hotmail.com</cntemail></cntinfo>
	</ptcontac><datacred>Marijke N. de Boer</datacred>
	<native>Relational database</native>
	<crossref><citeinfo><origin>De Boer MN, Saulino JT, Van Waerebeek K and Aarts G.</origin><pubdate>2016</pubdate><title>Under Pressure: Cetaceans and Fisheries Co-occurrence off the Coasts of Ghana and Côte d’Ivoire (Gulf of Guinea).</title><geoform>vector digital data</geoform><serinfo><sername>Frontiers in Marine Science</sername><issue>3:178.</issue></serinfo><onlink>https://doi.org/10.3389/fmars.2016.00178</onlink></citeinfo></crossref><crossref><citeinfo><origin>Halpin, P.N., A.J. Read, E. Fujioka, B.D. Best, B. Donnelly, L.J. Hazen, C. Kot, K. Urian, E. LaBrecque, A. Dimatteo, J. Cleary, C. Good, L.B. Crowder, and K.D. Hyrenbach</origin><pubdate>2009</pubdate><title>OBIS-SEAMAP: The world data center for marine mammal, sea bird, and sea turtle distributions</title><geoform>vector digital data</geoform><serinfo><sername>Oceanography</sername><issue>22(2):104-115</issue></serinfo><onlink>http://www.tos.org/oceanography/article/obis-seamap-the-world-data-center-for-marine-mammal-sea-bird-and-sea-turtle</onlink></citeinfo></crossref></idinfo>
	<dataqual>
		<attracc>
			<attraccr>All attributes were measured and recorded during the survey and validated by the data provider.</attraccr></attracc>
		<logic>Permissible values for date and time and coordinates were validated by the data provider and the OBIS-SEAMAP data manager. Species identification by the data provider was matched with Integrated Taxonomic Information System.</logic>
		<complete>All observation records are included.</complete><lineage><procstep><procdesc>Data were put through the OBIS-SEAMAP data registration steps.</procdesc><procdate>20191003</procdate></procstep></lineage></dataqual><spdoinfo><direct>Point</direct></spdoinfo><spref><horizsys><geograph>
				<latres>1e-05</latres><longres>1e-05</longres><geogunit>Decimal degrees</geogunit></geograph>
			<geodetic><horizdn>D_WGS_1984</horizdn><ellips>WGS_1984</ellips>
				<semiaxis>6378137.000000</semiaxis><denflat>298.257224</denflat></geodetic></horizsys></spref>

<eainfo><detailed><enttyp><enttypl>Biogeographic data</enttypl><enttypd>Biogeographic data</enttypd><enttypds>Not applicable</enttypds></enttyp><attr><attrlabl>oid</attrlabl><attrdef>Unique ID number (generated by OBIS-SEAMAP)</attrdef><attrdefs>Data provider</attrdefs><attrdomv><udom>Unique ID number (generated by OBIS-SEAMAP)</udom></attrdomv></attr><attr><attrlabl>sighting_no</attrlabl><attrdef>Sighting Number</attrdef><attrdefs>Data provider</attrdefs><attrdomv><rdom><rdommin>1</rdommin><rdommax>273</rdommax></rdom></attrdomv></attr><attr><attrlabl>date_time</attrlabl><attrdef>Date and time at local time zone</attrdef><attrdefs>Data provider</attrdefs><attrdomv><rdom><rdommin>2013-04-18 16:10:00</rdommin><rdommax>2014-05-24 08:41:00</rdommax></rdom></attrdomv></attr><attr><attrlabl>datetime_utc</attrlabl><attrdef>Date and time at UTC</attrdef><attrdefs>Data provider</attrdefs><attrdomv><rdom><rdommin>2013-04-18 16:10:00</rdommin><rdommax>2014-05-24 08:41:00</rdommax></rdom></attrdomv></attr><attr><attrlabl>observer</attrlabl><attrdef>The name of the observer who first sighted the animal</attrdef><attrdefs>Data provider</attrdefs><attrdomv><udom>The name of the observer who first sighted the animal</udom></attrdomv></attr><attr><attrlabl>latitude</attrlabl><attrdef>Latitude in decimal degrees</attrdef><attrdefs>Data provider</attrdefs><attrdomv><rdom><rdommin>3.599500</rdommin><rdommax>4.872670</rdommax></rdom></attrdomv></attr><attr><attrlabl>longitude</attrlabl><attrdef>Longitude in decimal degrees</attrdef><attrdefs>Data provider</attrdefs><attrdomv><rdom><rdommin>-3.438170</rdommin><rdommax>-1.845330</rdommax></rdom></attrdomv></attr><attr><attrlabl>depth</attrlabl><attrdef>Water depth (metres)</attrdef><attrdefs>Data provider</attrdefs><attrdomv><rdom><rdommin>67.00</rdommin><rdommax>4980.00</rdommax></rdom></attrdomv></attr><attr><attrlabl>species</attrlabl><attrdef>Species name</attrdef><attrdefs>Data provider</attrdefs><attrdomv><udom>Species name</udom></attrdomv></attr><attr><attrlabl>latin_name</attrlabl><attrdef>Latin name</attrdef><attrdefs>Data provider</attrdefs><attrdomv><udom>Latin name</udom></attrdomv></attr><attr><attrlabl>sp_tsn</attrlabl><attrdef>Taxonomic Serial Number added by OBIS-SEAMAP</attrdef><attrdefs>Data provider</attrdefs><attrdomv><rdom><rdommin>180403</rdommin><rdommax>612597</rdommax></rdom></attrdomv></attr><attr><attrlabl>certainty</attrlabl><attrdef>Certainty</attrdef><attrdefs>Data provider</attrdefs><attrdomv><udom>Certainty</udom></attrdomv></attr><attr><attrlabl>bearing</attrlabl><attrdef>Bearing to animal</attrdef><attrdefs>Data provider</attrdefs><attrdomv><rdom><rdommin>0</rdommin><rdommax>357</rdommax></rdom></attrdomv></attr><attr><attrlabl>range_of_animal</attrlabl><attrdef>Range of animal (metres)</attrdef><attrdefs>Data provider</attrdefs><attrdomv><rdom><rdommin>50</rdommin><rdommax>7000</rdommax></rdom></attrdomv></attr><attr><attrlabl>total_number</attrlabl><attrdef>Total number of animals sighted</attrdef><attrdefs>Data provider</attrdefs><attrdomv><rdom><rdommin>1</rdommin><rdommax>1000</rdommax></rdom></attrdomv></attr><attr><attrlabl>num_adults</attrlabl><attrdef>Number of adults</attrdef><attrdefs>Data provider</attrdefs><attrdomv><rdom><rdommin>1</rdommin><rdommax>680</rdommax></rdom></attrdomv></attr><attr><attrlabl>num_juveniles</attrlabl><attrdef>Number of juveniles</attrdef><attrdefs>Data provider</attrdefs><attrdomv><rdom><rdommin>1</rdommin><rdommax>150</rdommax></rdom></attrdomv></attr><attr><attrlabl>num_calves</attrlabl><attrdef>Number of calves (visual sightings only)</attrdef><attrdefs>Data provider</attrdefs><attrdomv><rdom><rdommin>0</rdommin><rdommax>20</rdommax></rdom></attrdomv></attr><attr><attrlabl>photo</attrlabl><attrdef>Photo (yes/no)</attrdef><attrdefs>Data provider</attrdefs><attrdomv><udom>Photo (yes/no)</udom></attrdomv></attr><attr><attrlabl>behaviour</attrlabl><attrdef>Behaviour</attrdef><attrdefs>Data provider</attrdefs><attrdomv><udom>Behaviour</udom></attrdomv></attr><attr><attrlabl>direction_relative</attrlabl><attrdef>Direction of travel (relative to ship)</attrdef><attrdefs>Data provider</attrdefs><attrdomv><udom>Direction of travel (relative to ship)</udom></attrdomv></attr><attr><attrlabl>direction_compass</attrlabl><attrdef>Direction of travel (compass points)</attrdef><attrdefs>Data provider</attrdefs><attrdomv><udom>Direction of travel (compass points)</udom></attrdomv></attr><attr><attrlabl>sea_state</attrlabl><attrdef>Sea state</attrdef><attrdefs>Data provider</attrdefs><attrdomv><udom>Sea state</udom></attrdomv></attr><attr><attrlabl>swell</attrlabl><attrdef>Swell</attrdef><attrdefs>Data provider</attrdefs><attrdomv><udom>Swell</udom></attrdomv></attr><attr><attrlabl>visibility</attrlabl><attrdef>Visibility</attrdef><attrdefs>Data provider</attrdefs><attrdomv><udom>Visibility</udom></attrdomv></attr><attr><attrlabl>glare</attrlabl><attrdef>Glare</attrdef><attrdefs>Data provider</attrdefs><attrdomv><udom>Glare</udom></attrdomv></attr><attr><attrlabl>precipation</attrlabl><attrdef>Precipation</attrdef><attrdefs>Data provider</attrdefs><attrdomv><udom>Precipation</udom></attrdomv></attr><attr><attrlabl>sst</attrlabl><attrdef>SST in celsius</attrdef><attrdefs>Data provider</attrdefs><attrdomv><udom>SST in celsius</udom></attrdomv></attr><attr><attrlabl>timezone_h</attrlabl><attrdef>Time zone added by OBIS-SEAMAP</attrdef><attrdefs>Data provider</attrdefs><attrdomv><udom>Time zone added by OBIS-SEAMAP</udom></attrdomv></attr><attr><attrlabl>geom</attrlabl><attrdef>Geometry field added by OBIS-SEAMAP</attrdef><attrdefs>Data provider</attrdefs><attrdomv><udom>Geometry field added by OBIS-SEAMAP</udom></attrdomv></attr></detailed><overview><eaover>This section explains attributes included in the original dataset.&#13;
OBIS-SEAMAP restricts the attributes available to the public to date/time, lat/lon and species names/counts only.&#13;
Should you need other attributes described here, you are encouraged to contact the data provider.</eaover><eadetcit>Marijke de Boer</eadetcit></overview>
	</eainfo><distinfo>
	<distrib>
		<cntinfo>
			<cntorgp>
				<cntorg>Nicholas School of Environment, Duke Univ.</cntorg>
				<cntper>OBIS-SEAMAP</cntper>
			</cntorgp>
			<cntaddr>
				<addrtype>mailing and physical address</addrtype>
				<address>A328, LSRC</address><city>Durham</city><state>NC</state><postal>27708</postal><country>USA</country>
			</cntaddr>
			<cntvoice>919-613-8021</cntvoice>
			<cntemail>seamap-contact@duke.edu</cntemail>
		</cntinfo>
	</distrib><resdesc>OBIS-SEAMAP Dataset ID 2018</resdesc><distliab>Not to hold OBIS-SEAMAP liable for errors in the data. While we have made every effort to ensure the quality of the database, we cannot guarantee the accuracy of these datasets.&#13;
Also please refer to Use Constraints.</distliab>
	<stdorder>
		<digform>
			<digtinfo>
				<formname>CSV and ESRI shapefile</formname></digtinfo>
			<digtopt>
				<onlinopt>
					<computer>
						<networka>
							<networkr>OBIS-SEAMAP</networkr>
						</networka>
					</computer>
				</onlinopt>
			</digtopt>
		</digform>
		<fees>Free</fees>
		<ordering>Go to the OBIS-SEAMAP web site.</ordering>
	</stdorder>
	

	
</distinfo><metainfo>
	<metd>20191009</metd><metrd>20191009</metrd><metc>
		<cntinfo><cntperp>
	<cntper>Ei Fujioka</cntper>
	<cntorg>Nicholas School, Duke University</cntorg></cntperp><cntaddr><addrtype>mailing and physical address</addrtype><address>A328, LSRC</address><city>Durham</city><state>NC</state><postal>27708</postal><country>USA</country></cntaddr>
			<cntvoice>919-613-8021</cntvoice>
			<cntemail>seamap-contact@duke.edu</cntemail>
			</cntinfo>
	</metc><metstdn>FGDC Content Standards for Digital Geospatial Metadata</metstdn><metstdv>FGDC-STD-001-1998</metstdv><mettc>local time</mettc>
	
	
	
	
	<metextns><onlink>http://www.nbii.gov/</onlink><metprof>Biological Data Profile</metprof></metextns>
	
	</metainfo>
	
</metadata>
