<?xml version="1.0" encoding="UTF-8"?>
<metadata xml:lang="en">
<idinfo>
	<citation>
		<citeinfo>
		<origin>Ampela, K. and C. Bacon</origin><pubdate>2017</pubdate><title>MIRC PIFSC Small Vessel Surveys Jun-Aug 2013</title><geoform>vector digital data</geoform><serinfo><sername>OBIS-SEAMAP</sername><issue>1536</issue></serinfo><pubinfo><pubplace>http://seamap.env.duke.edu/dataset/1536</pubplace><publish>OBIS-SEAMAP</publish></pubinfo><onlink>http://seamap.env.duke.edu/dataset/1536</onlink></citeinfo>
	</citation><descript>
	<abstract>Features in this feature class represent sightings from the PIFSC Small Vessel Surveys Jun-Aug 2013.</abstract><purpose>Please contact data provider</purpose></descript><timeperd><timeinfo><rngdates><begdate>20130622</begdate><enddate>20130727</enddate></rngdates></timeinfo><current>ground condition</current></timeperd><status><progress>Complete</progress><update>None planned</update></status><spdom><descgeog>Pacific</descgeog><bounding><westbc>144.609652</westbc><eastbc>145.886734</eastbc><northbc>15.431498</northbc><southbc>13.28793</southbc></bounding>
	</spdom><keywords><theme><themekt>None</themekt><themekey>Marine Animal Survey</themekey><themekey>Marine Biology</themekey><themekey>Marine mammals</themekey><themekey>Sea turtles</themekey><themekey>Visual Sighting</themekey><themekey>Vessel</themekey></theme><place><placekt>None</placekt><placekey>Pacific</placekey></place></keywords><taxonomy><keywtax><taxonkt>Taxon covered</taxonkt><taxonkey>Marine mammals</taxonkey><taxonkey>Sea turtles</taxonkey></keywtax><taxonsys><classsys><classcit><citeinfo><origin>Integrated Taxonomic Information System</origin><pubdate>Unknown</pubdate><title>Integrated Taxonomic Information System</title><geoform>Not applicable</geoform><othercit>Downloaded April, 2004</othercit><onlink>http://www.itis.usda.gov/</onlink></citeinfo></classcit></classsys><ider><cntinfo><cntperp><cntper>Refer to the contact information of the dataset</cntper><cntorg>Refer to the contact information of the dataset</cntorg></cntperp><cntaddr><addrtype>mailing and physical address</addrtype><address>Refer to the contact information of the dataset</address><city>Refer to the contact information of the dataset</city><state>Refer to the contact information of the dataset</state><postal>Refer to the contact information of the dataset</postal><country>Refer to the contact information of the dataset</country></cntaddr><cntvoice>Not provided</cntvoice></cntinfo></ider><taxonpro>Identified by observers or researchers conducting the survey</taxonpro></taxonsys><taxoncl><taxonrn>Kingdom</taxonrn><taxonrv>Animalia</taxonrv><taxoncl><taxonrn>Phylum</taxonrn><taxonrv>Chordata</taxonrv><taxoncl><taxonrn>Subphylum</taxonrn><taxonrv>Vertebrata</taxonrv><taxoncl><taxonrn>Class</taxonrn><taxonrv>Reptilia</taxonrv><taxoncl><taxonrn>Order</taxonrn><taxonrv>Testudines</taxonrv><taxoncl><taxonrn>Suborder</taxonrn><taxonrv>Cryptodira</taxonrv><taxoncl><taxonrn>Superfamily</taxonrn><taxonrv>Chelonioidea</taxonrv><taxoncl><taxonrn>Family</taxonrn><taxonrv>Cheloniidae</taxonrv><taxoncl><taxonrn>Subfamily</taxonrn><taxonrv>Cheloniinae</taxonrv><taxoncl><taxonrn>Genus</taxonrn><taxonrv>Chelonia</taxonrv><taxoncl><taxonrn>Species</taxonrn><taxonrv>Chelonia mydas</taxonrv></taxoncl></taxoncl></taxoncl></taxoncl></taxoncl></taxoncl></taxoncl></taxoncl><taxoncl><taxonrn>Class</taxonrn><taxonrv>Mammalia</taxonrv><taxoncl><taxonrn>Subclass</taxonrn><taxonrv>Theria</taxonrv><taxoncl><taxonrn>Infraclass</taxonrn><taxonrv>Eutheria</taxonrv><taxoncl><taxonrn>Order</taxonrn><taxonrv>Cetacea</taxonrv><taxoncl><taxonrn>Suborder</taxonrn><taxonrv>Odontoceti</taxonrv><taxoncl><taxonrn>Family</taxonrn><taxonrv>Delphinidae</taxonrv><taxoncl><taxonrn>Genus</taxonrn><taxonrv>Feresa</taxonrv><taxoncl><taxonrn>Species</taxonrn><taxonrv>Feresa attenuata</taxonrv></taxoncl></taxoncl><taxoncl><taxonrn>Genus</taxonrn><taxonrv>Globicephala</taxonrv><taxoncl><taxonrn>Species</taxonrn><taxonrv>Globicephala macrorhynchus</taxonrv></taxoncl></taxoncl><taxoncl><taxonrn>Genus</taxonrn><taxonrv>Pseudorca</taxonrv><taxoncl><taxonrn>Species</taxonrn><taxonrv>Pseudorca crassidens</taxonrv></taxoncl></taxoncl><taxoncl><taxonrn>Genus</taxonrn><taxonrv>Stenella</taxonrv><taxoncl><taxonrn>Species</taxonrn><taxonrv>Stenella attenuata</taxonrv></taxoncl><taxoncl><taxonrn>Species</taxonrn><taxonrv>Stenella longirostris</taxonrv></taxoncl></taxoncl><taxoncl><taxonrn>Genus</taxonrn><taxonrv>Steno</taxonrv><taxoncl><taxonrn>Species</taxonrn><taxonrv>Steno bredanensis</taxonrv></taxoncl></taxoncl><taxoncl><taxonrn>Genus</taxonrn><taxonrv>Tursiops</taxonrv><taxoncl><taxonrn>Species</taxonrn><taxonrv>Tursiops truncatus</taxonrv></taxoncl></taxoncl></taxoncl><taxoncl><taxonrn>Family</taxonrn><taxonrv>Physeteridae</taxonrv><taxoncl><taxonrn>Genus</taxonrn><taxonrv>Physeter</taxonrv><taxoncl><taxonrn>Species</taxonrn><taxonrv>Physeter macrocephalus</taxonrv></taxoncl></taxoncl></taxoncl></taxoncl></taxoncl></taxoncl></taxoncl></taxoncl></taxoncl></taxoncl></taxoncl></taxonomy>
	<accconst>Open public unless otherwise noted. See Use Constraints for details.</accconst>
	<useconst>1. Not to use data obtained from OBIS-SEAMAP in any publication, product, or commercial application without proper attribution to the original data provider(s) and OBIS-SEAMAP unless the datasets are explicitly shown under the CC0 policy. Citations or credits are suggested as attribution. If the data you downloaded come from multiple datasets, a citation or credit to each of the datasets is required.&#13;
&#13;
Suggested citation for this dataset:&#13;
&#13;
Ampela, K. and C. Bacon. 2017. MIRC PIFSC Small Vessel Surveys Jun-Aug 2013. Data downloaded from OBIS-SEAMAP (http://seamap.env.duke.edu/dataset/1536) on yyyy-mm-dd.&#13;
&#13;
Suggested citation for OBIS-SEAMAP:&#13;
&#13;
Halpin, P.N., A.J. Read, E. Fujioka, B.D. Best, B. Donnelly, L.J. Hazen, C. Kot, K. Urian, E. LaBrecque, A. Dimatteo, J. Cleary, C. Good, L.B. Crowder, and K.D. Hyrenbach. 2009. OBIS-SEAMAP: The world data center for marine mammal, sea bird, and sea turtle distributions. Oceanography 22(2):104-115&#13;
&#13;
2. To forward the citation of any publication / report that made use of the data / tools provided by OBIS-SEAMAP for inclusion in our list of references.&#13;
&#13;
3. Not to hold OBIS-SEAMAP or the original data providers liable for errors in the data. While we have made every effort to ensure the quality of the database, we cannot guarantee the accuracy of these datasets. &#13;
&#13;
4. The burden for determining fitness for use of the downloaded data for any analyses lies entirely with the user. OBIS-SEAMAP or the original data providers do not support outcomes of your analyses that used the data you downloaded from OBIS-SEAMAP.&#13;
&#13;
5. To consider inclusion of the accompanying transect (effort) dataset if available into the methodology of your analyses.&#13;
&#13;
6. Not to redistribute the data you downloaded from OBIS-SEAMAP through any media without contect from OBIS-SEAMAP and the original data providers unless the datasets are explicitly shown under the CC0 policy.</useconst>
	<ptcontac>
		<cntinfo>
			<cntperp><cntper>Cathy Bacon; Kristen Ampela</cntper><cntorg>HDR Environmental, Operations and Construction, Inc.; HDR Environmental, Operations and Construction, Inc.</cntorg></cntperp>
			<cntaddr>
				<addrtype>mailing and physical address</addrtype>
			<address>n/a; 8690 Balboa Avenue Suite 200</address><city>n/a; San Diego</city><state>n/a; CA</state><postal>n/a; 92123</postal><country>United States; USA</country></cntaddr>
		<cntvoice>6823511490; 858-712-8261</cntvoice><cntemail>catherine.bacon@hdrinc.com; Kristen.Ampela@hdrinc.com</cntemail></cntinfo>
	</ptcontac><datacred>The U.S. Navy Marine Species Monitoring Program</datacred>
	<native>Relational database</native>
	<crossref><citeinfo><origin>Halpin, P.N., A.J. Read, E. Fujioka, B.D. Best, B. Donnelly, L.J. Hazen, C. Kot, K. Urian, E. LaBrecque, A. Dimatteo, J. Cleary, C. Good, L.B. Crowder, and K.D. Hyrenbach</origin><pubdate>2009</pubdate><title>OBIS-SEAMAP: The world data center for marine mammal, sea bird, and sea turtle distributions</title><geoform>vector digital data</geoform><serinfo><sername>Oceanography</sername><issue>22(2):104-115</issue></serinfo><onlink>http://www.tos.org/oceanography/article/obis-seamap-the-world-data-center-for-marine-mammal-sea-bird-and-sea-turtle</onlink></citeinfo></crossref></idinfo>
	<dataqual>
		<attracc>
			<attraccr>All attributes were measured and recorded during the survey and validated by the data provider.</attraccr></attracc>
		<logic>Permissible values for date and time and coordinates were validated by the data provider and the OBIS-SEAMAP data manager. Species identification by the data provider was matched with Integrated Taxonomic Information System.</logic>
		<complete>All observation records are included.</complete><lineage><procstep><procdesc>Data were put through the OBIS-SEAMAP data registration steps.</procdesc><procdate>20170808</procdate></procstep></lineage></dataqual><spdoinfo><direct>Point</direct></spdoinfo><spref><horizsys><geograph>
				<latres>1e-06</latres><longres>1e-06</longres><geogunit>Decimal degrees</geogunit></geograph>
			<geodetic><horizdn>D_WGS_1984</horizdn><ellips>WGS_1984</ellips>
				<semiaxis>6378137.000000</semiaxis><denflat>298.257224</denflat></geodetic></horizsys></spref>

<eainfo><detailed><enttyp><enttypl>Biogeographic data</enttypl><enttypd>Biogeographic data</enttypd><enttypds>Not applicable</enttypds></enttyp><attr><attrlabl>oid</attrlabl><attrdef>Unique ID number (generated by OBIS-SEAMAP)</attrdef><attrdefs>Data provider</attrdefs><attrdomv><udom>Unique ID number (generated by OBIS-SEAMAP)</udom></attrdomv></attr><attr><attrlabl>objectid</attrlabl><attrdef>Internal ID</attrdef><attrdefs>Data provider</attrdefs><attrdomv><rdom><rdommin>1</rdommin><rdommax>116</rdommax></rdom></attrdomv></attr><attr><attrlabl>objectid_1</attrlabl><attrdef>Internal ID</attrdef><attrdefs>Data provider</attrdefs><attrdomv><rdom><rdommin>44</rdommin><rdommax>674</rdommax></rdom></attrdomv></attr><attr><attrlabl>altitudem</attrlabl><attrdef>Altitude in meters (blank)</attrdef><attrdefs>Data provider</attrdefs><attrdomv><udom>Altitude in meters (blank)</udom></attrdomv></attr><attr><attrlabl>bearing</attrlabl><attrdef>Bearing (blank)</attrdef><attrdefs>Data provider</attrdefs><attrdomv><udom>Bearing (blank)</udom></attrdomv></attr><attr><attrlabl>beaufortscale</attrlabl><attrdef>(blank)</attrdef><attrdefs>Data provider</attrdefs><attrdomv><udom>(blank)</udom></attrdomv></attr><attr><attrlabl>beheventinitfld</attrlabl><attrdef>Behavior</attrdef><attrdefs>Data provider</attrdefs><attrdomv><udom>Behavior</udom></attrdomv></attr><attr><attrlabl>calvespercent</attrlabl><attrdef>(blank)</attrdef><attrdefs>Data provider</attrdefs><attrdomv><udom>(blank)</udom></attrdomv></attr><attr><attrlabl>contract</attrlabl><attrdef>Contract name</attrdef><attrdefs>Data provider</attrdefs><attrdomv><udom>Contract name</udom></attrdomv></attr><attr><attrlabl>countcalves</attrlabl><attrdef>The number of calves</attrdef><attrdefs>Data provider</attrdefs><attrdomv><rdom><rdommin>0</rdommin><rdommax>2</rdommax></rdom></attrdomv></attr><attr><attrlabl>counttotbest</attrlabl><attrdef>The best estimate of the group size</attrdef><attrdefs>Data provider</attrdefs><attrdomv><rdom><rdommin>1</rdommin><rdommax>65</rdommax></rdom></attrdomv></attr><attr><attrlabl>counttotmax</attrlabl><attrdef>The maximum of the group size</attrdef><attrdefs>Data provider</attrdefs><attrdomv><rdom><rdommin>0</rdommin><rdommax>100</rdommax></rdom></attrdomv></attr><attr><attrlabl>counttotmin</attrlabl><attrdef>The minimum of the group size</attrdef><attrdefs>Data provider</attrdefs><attrdomv><rdom><rdommin>1</rdommin><rdommax>55</rdommax></rdom></attrdomv></attr><attr><attrlabl>declangle</attrlabl><attrdef>Declination angle (blank)</attrdef><attrdefs>Data provider</attrdefs><attrdomv><udom>Declination angle (blank)</udom></attrdomv></attr><attr><attrlabl>effortobs</attrlabl><attrdef>Indicate if the observe is on effort</attrdef><attrdefs>Data provider</attrdefs><attrdomv><udom>Indicate if the observe is on effort</udom></attrdomv></attr><attr><attrlabl>groupid</attrlabl><attrdef>(blank)</attrdef><attrdefs>Data provider</attrdefs><attrdomv><udom>(blank)</udom></attrdomv></attr><attr><attrlabl>headinganimal</attrlabl><attrdef>(blank)</attrdef><attrdefs>Data provider</attrdefs><attrdomv><udom>(blank)</udom></attrdomv></attr><attr><attrlabl>headingplatmagnetic</attrlabl><attrdef>(blank)</attrdef><attrdefs>Data provider</attrdefs><attrdomv><udom>(blank)</udom></attrdomv></attr><attr><attrlabl>headingplattrue</attrlabl><attrdef>(blank)</attrdef><attrdefs>Data provider</attrdefs><attrdomv><udom>(blank)</udom></attrdomv></attr><attr><attrlabl>latanimal</attrlabl><attrdef>Latitude of the animals in degrees</attrdef><attrdefs>Data provider</attrdefs><attrdomv><rdom><rdommin>13.2879300</rdommin><rdommax>15.4314980</rdommax></rdom></attrdomv></attr><attr><attrlabl>latplatform</attrlabl><attrdef>Latitude of the platform in degrees (blank)</attrdef><attrdefs>Data provider</attrdefs><attrdomv><udom>Latitude of the platform in degrees (blank)</udom></attrdomv></attr><attr><attrlabl>legnumber</attrlabl><attrdef>(blank)</attrdef><attrdefs>Data provider</attrdefs><attrdomv><udom>(blank)</udom></attrdomv></attr><attr><attrlabl>legtype</attrlabl><attrdef>(blank)</attrdef><attrdefs>Data provider</attrdefs><attrdomv><udom>(blank)</udom></attrdomv></attr><attr><attrlabl>longanimal</attrlabl><attrdef>Longitude of the animals in degrees</attrdef><attrdefs>Data provider</attrdefs><attrdomv><rdom><rdommin>144.6096520</rdommin><rdommax>145.8867340</rdommax></rdom></attrdomv></attr><attr><attrlabl>longplatform</attrlabl><attrdef>Longitude of the platform in degrees (blank)</attrdef><attrdefs>Data provider</attrdefs><attrdomv><udom>Longitude of the platform in degrees (blank)</udom></attrdomv></attr><attr><attrlabl>observer</attrlabl><attrdef>(blank)</attrdef><attrdefs>Data provider</attrdefs><attrdomv><udom>(blank)</udom></attrdomv></attr><attr><attrlabl>observerleft</attrlabl><attrdef>(blank)</attrdef><attrdefs>Data provider</attrdefs><attrdomv><udom>(blank)</udom></attrdomv></attr><attr><attrlabl>observerright</attrlabl><attrdef>(blank)</attrdef><attrdefs>Data provider</attrdefs><attrdomv><udom>(blank)</udom></attrdomv></attr><attr><attrlabl>ocean</attrlabl><attrdef>Ocean (always Pacific)</attrdef><attrdefs>Data provider</attrdefs><attrdomv><udom>Ocean (always Pacific)</udom></attrdomv></attr><attr><attrlabl>percentcloudcover</attrlabl><attrdef>(blank)</attrdef><attrdefs>Data provider</attrdefs><attrdomv><udom>(blank)</udom></attrdomv></attr><attr><attrlabl>platformded</attrlabl><attrdef>(blank)</attrdef><attrdefs>Data provider</attrdefs><attrdomv><udom>(blank)</udom></attrdomv></attr><attr><attrlabl>platformtype</attrlabl><attrdef>Platform type (always Vessel)</attrdef><attrdefs>Data provider</attrdefs><attrdomv><udom>Platform type (always Vessel)</udom></attrdomv></attr><attr><attrlabl>rangecomplex</attrlabl><attrdef>Range complex</attrdef><attrdefs>Data provider</attrdefs><attrdomv><udom>Range complex</udom></attrdomv></attr><attr><attrlabl>reactioninit</attrlabl><attrdef>(blank)</attrdef><attrdefs>Data provider</attrdefs><attrdomv><udom>(blank)</udom></attrdomv></attr><attr><attrlabl>reactioninitcount</attrlabl><attrdef>(blank)</attrdef><attrdefs>Data provider</attrdefs><attrdomv><udom>(blank)</udom></attrdomv></attr><attr><attrlabl>reticle</attrlabl><attrdef>(blank)</attrdef><attrdefs>Data provider</attrdefs><attrdomv><udom>(blank)</udom></attrdomv></attr><attr><attrlabl>sightability</attrlabl><attrdef>(blank)</attrdef><attrdefs>Data provider</attrdefs><attrdomv><udom>(blank)</udom></attrdomv></attr><attr><attrlabl>sightingdate</attrlabl><attrdef>Date of the sighting</attrdef><attrdefs>Data provider</attrdefs><attrdomv><rdom><rdommin>2013-06-22</rdommin><rdommax>2013-07-27</rdommax></rdom></attrdomv></attr><attr><attrlabl>sightingnotes</attrlabl><attrdef>Notes of the sighting</attrdef><attrdefs>Data provider</attrdefs><attrdomv><udom>Notes of the sighting</udom></attrdomv></attr><attr><attrlabl>sightingnumber</attrlabl><attrdef>(blank)</attrdef><attrdefs>Data provider</attrdefs><attrdomv><udom>(blank)</udom></attrdomv></attr><attr><attrlabl>sightingtime</attrlabl><attrdef>Time of the sighting at local time zone</attrdef><attrdefs>Data provider</attrdefs><attrdomv><rdom><rdommin>05:58:37</rdommin><rdommax>18:20:39</rdommax></rdom></attrdomv></attr><attr><attrlabl>spcshauledout</attrlabl><attrdef>(blank)</attrdef><attrdefs>Data provider</attrdefs><attrdomv><udom>(blank)</udom></attrdomv></attr><attr><attrlabl>spcsnmcom</attrlabl><attrdef>Species common name</attrdef><attrdefs>Data provider</attrdefs><attrdomv><udom>Species common name</udom></attrdomv></attr><attr><attrlabl>spcsnmsci</attrlabl><attrdef>Species scientific name</attrdef><attrdefs>Data provider</attrdefs><attrdomv><udom>Species scientific name</udom></attrdomv></attr><attr><attrlabl>sp_tsn</attrlabl><attrdef>Taxonomic Serial Number added by OBIS-SEAMAP</attrdef><attrdefs>Data provider</attrdefs><attrdomv><rdom><rdommin>173828</rdommin><rdommax>180488</rdommax></rdom></attrdomv></attr><attr><attrlabl>spcspossresight</attrlabl><attrdef>(blank)</attrdef><attrdefs>Data provider</attrdefs><attrdomv><udom>(blank)</udom></attrdomv></attr><attr><attrlabl>surveycat</attrlabl><attrdef>(blank)</attrdef><attrdefs>Data provider</attrdefs><attrdomv><udom>(blank)</udom></attrdomv></attr><attr><attrlabl>surveydates</attrlabl><attrdef>(blank)</attrdef><attrdefs>Data provider</attrdefs><attrdomv><udom>(blank)</udom></attrdomv></attr><attr><attrlabl>surveyid</attrlabl><attrdef>Survey ID</attrdef><attrdefs>Data provider</attrdefs><attrdomv><udom>Survey ID</udom></attrdomv></attr><attr><attrlabl>surveylink</attrlabl><attrdef>definition not provided</attrdef><attrdefs>Data provider</attrdefs><attrdomv><udom>definition not provided</udom></attrdomv></attr><attr><attrlabl>surveytype</attrlabl><attrdef>(blank)</attrdef><attrdefs>Data provider</attrdefs><attrdomv><udom>(blank)</udom></attrdomv></attr><attr><attrlabl>swell</attrlabl><attrdef>(blank)</attrdef><attrdefs>Data provider</attrdefs><attrdomv><udom>(blank)</udom></attrdomv></attr><attr><attrlabl>aspect</attrlabl><attrdef>(blank)</attrdef><attrdefs>Data provider</attrdefs><attrdomv><udom>(blank)</udom></attrdomv></attr><attr><attrlabl>beaufortclass</attrlabl><attrdef>(blank)</attrdef><attrdefs>Data provider</attrdefs><attrdomv><udom>(blank)</udom></attrdomv></attr><attr><attrlabl>beheventinit</attrlabl><attrdef>(blank)</attrdef><attrdefs>Data provider</attrdefs><attrdomv><udom>(blank)</udom></attrdomv></attr><attr><attrlabl>beheventnumber</attrlabl><attrdef>(blank)</attrdef><attrdefs>Data provider</attrdefs><attrdomv><udom>(blank)</udom></attrdomv></attr><attr><attrlabl>binoculars</attrlabl><attrdef>(blank)</attrdef><attrdefs>Data provider</attrdefs><attrdomv><udom>(blank)</udom></attrdomv></attr><attr><attrlabl>birds</attrlabl><attrdef>(blank)</attrdef><attrdefs>Data provider</attrdefs><attrdomv><udom>(blank)</udom></attrdomv></attr><attr><attrlabl>countfemales</attrlabl><attrdef>(blank)</attrdef><attrdefs>Data provider</attrdefs><attrdomv><udom>(blank)</udom></attrdomv></attr><attr><attrlabl>countjuveniles</attrlabl><attrdef>(blank)</attrdef><attrdefs>Data provider</attrdefs><attrdomv><udom>(blank)</udom></attrdomv></attr><attr><attrlabl>countmales</attrlabl><attrdef>(blank)</attrdef><attrdefs>Data provider</attrdefs><attrdomv><udom>(blank)</udom></attrdomv></attr><attr><attrlabl>countnewborns</attrlabl><attrdef>(blank)</attrdef><attrdefs>Data provider</attrdefs><attrdomv><udom>(blank)</udom></attrdomv></attr><attr><attrlabl>countvescargo</attrlabl><attrdef>(blank)</attrdef><attrdefs>Data provider</attrdefs><attrdomv><udom>(blank)</udom></attrdomv></attr><attr><attrlabl>countvesferries</attrlabl><attrdef>(blank)</attrdef><attrdefs>Data provider</attrdefs><attrdomv><udom>(blank)</udom></attrdomv></attr><attr><attrlabl>countvesfishing</attrlabl><attrdef>(blank)</attrdef><attrdefs>Data provider</attrdefs><attrdomv><udom>(blank)</udom></attrdomv></attr><attr><attrlabl>countvesmilitary</attrlabl><attrdef>(blank)</attrdef><attrdefs>Data provider</attrdefs><attrdomv><udom>(blank)</udom></attrdomv></attr><attr><attrlabl>countvesmotoryachts</attrlabl><attrdef>(blank)</attrdef><attrdefs>Data provider</attrdefs><attrdomv><udom>(blank)</udom></attrdomv></attr><attr><attrlabl>countvessailing</attrlabl><attrdef>(blank)</attrdef><attrdefs>Data provider</attrdefs><attrdomv><udom>(blank)</udom></attrdomv></attr><attr><attrlabl>cue</attrlabl><attrdef>Cue of the sighting</attrdef><attrdefs>Data provider</attrdefs><attrdomv><udom>Cue of the sighting</udom></attrdomv></attr><attr><attrlabl>depth</attrlabl><attrdef>Botom depth in meters</attrdef><attrdefs>Data provider</attrdefs><attrdomv><rdom><rdommin>-1703</rdommin><rdommax>92</rdommax></rdom></attrdomv></attr><attr><attrlabl>dispcohesion</attrlabl><attrdef>(blank)</attrdef><attrdefs>Data provider</attrdefs><attrdomv><udom>(blank)</udom></attrdomv></attr><attr><attrlabl>dispmax</attrlabl><attrdef>(blank)</attrdef><attrdefs>Data provider</attrdefs><attrdomv><udom>(blank)</udom></attrdomv></attr><attr><attrlabl>dispmin</attrlabl><attrdef>(blank)</attrdef><attrdefs>Data provider</attrdefs><attrdomv><udom>(blank)</udom></attrdomv></attr><attr><attrlabl>distlateral</attrlabl><attrdef>(blank)</attrdef><attrdefs>Data provider</attrdefs><attrdomv><udom>(blank)</udom></attrdomv></attr><attr><attrlabl>distsight</attrlabl><attrdef>(blank)</attrdef><attrdefs>Data provider</attrdefs><attrdomv><udom>(blank)</udom></attrdomv></attr><attr><attrlabl>efforttransect</attrlabl><attrdef>(blank)</attrdef><attrdefs>Data provider</attrdefs><attrdomv><udom>(blank)</udom></attrdomv></attr><attr><attrlabl>flightofday</attrlabl><attrdef>(blank)</attrdef><attrdefs>Data provider</attrdefs><attrdomv><udom>(blank)</udom></attrdomv></attr><attr><attrlabl>glare</attrlabl><attrdef>(blank)</attrdef><attrdefs>Data provider</attrdefs><attrdomv><udom>(blank)</udom></attrdomv></attr><attr><attrlabl>glareleft</attrlabl><attrdef>(blank)</attrdef><attrdefs>Data provider</attrdefs><attrdomv><udom>(blank)</udom></attrdomv></attr><attr><attrlabl>glaremaxangle</attrlabl><attrdef>(blank)</attrdef><attrdefs>Data provider</attrdefs><attrdomv><udom>(blank)</udom></attrdomv></attr><attr><attrlabl>glareminangle</attrlabl><attrdef>(blank)</attrdef><attrdefs>Data provider</attrdefs><attrdomv><udom>(blank)</udom></attrdomv></attr><attr><attrlabl>glareright</attrlabl><attrdef>(blank)</attrdef><attrdefs>Data provider</attrdefs><attrdomv><udom>(blank)</udom></attrdomv></attr><attr><attrlabl>latplatformend</attrlabl><attrdef>Latitude of the end of the sighting</attrdef><attrdefs>Data provider</attrdefs><attrdomv><rdom><rdommin>13.399894710</rdommin><rdommax>15.424158360</rdommax></rdom></attrdomv></attr><attr><attrlabl>longplatformend</attrlabl><attrdef>Longitudeof the end of the sighting</attrdef><attrdefs>Data provider</attrdefs><attrdomv><rdom><rdommin>144.56457410</rdommin><rdommax>145.88313940</rdommax></rdom></attrdomv></attr><attr><attrlabl>observeraft</attrlabl><attrdef>(blank)</attrdef><attrdefs>Data provider</attrdefs><attrdomv><udom>(blank)</udom></attrdomv></attr><attr><attrlabl>observerforward</attrlabl><attrdef>(blank)</attrdef><attrdefs>Data provider</attrdefs><attrdomv><udom>(blank)</udom></attrdomv></attr><attr><attrlabl>pctime</attrlabl><attrdef>(blank)</attrdef><attrdefs>Data provider</attrdefs><attrdomv><udom>(blank)</udom></attrdomv></attr><attr><attrlabl>photoframes</attrlabl><attrdef>Photo frame ID</attrdef><attrdefs>Data provider</attrdefs><attrdomv><rdom><rdommin>3</rdommin><rdommax>2161</rdommax></rdom></attrdomv></attr><attr><attrlabl>photos</attrlabl><attrdef>Indicate if a photo was taken</attrdef><attrdefs>Data provider</attrdefs><attrdomv><udom>Indicate if a photo was taken</udom></attrdomv></attr><attr><attrlabl>platformspeed</attrlabl><attrdef>(blank)</attrdef><attrdefs>Data provider</attrdefs><attrdomv><udom>(blank)</udom></attrdomv></attr><attr><attrlabl>reactionlater</attrlabl><attrdef>(blank)</attrdef><attrdefs>Data provider</attrdefs><attrdomv><udom>(blank)</udom></attrdomv></attr><attr><attrlabl>reactionlatercount</attrlabl><attrdef>(blank)</attrdef><attrdefs>Data provider</attrdefs><attrdomv><udom>(blank)</udom></attrdomv></attr><attr><attrlabl>recorder</attrlabl><attrdef>(blank)</attrdef><attrdefs>Data provider</attrdefs><attrdomv><udom>(blank)</udom></attrdomv></attr><attr><attrlabl>sightingmulti</attrlabl><attrdef>(blank)</attrdef><attrdefs>Data provider</attrdefs><attrdomv><udom>(blank)</udom></attrdomv></attr><attr><attrlabl>sightingmultispcs</attrlabl><attrdef>(blank)</attrdef><attrdefs>Data provider</attrdefs><attrdomv><udom>(blank)</udom></attrdomv></attr><attr><attrlabl>sightingmultispcscount</attrlabl><attrdef>(blank)</attrdef><attrdefs>Data provider</attrdefs><attrdomv><udom>(blank)</udom></attrdomv></attr><attr><attrlabl>sightingmultispcsprcnt</attrlabl><attrdef>(blank)</attrdef><attrdefs>Data provider</attrdefs><attrdomv><udom>(blank)</udom></attrdomv></attr><attr><attrlabl>sightingtimeend</attrlabl><attrdef>The end time of the sighting</attrdef><attrdefs>Data provider</attrdefs><attrdomv><rdom><rdommin>06:28:00</rdommin><rdommax>17:52:15</rdommax></rdom></attrdomv></attr><attr><attrlabl>spcsbw</attrlabl><attrdef>(blank)</attrdef><attrdefs>Data provider</attrdefs><attrdomv><udom>(blank)</udom></attrdomv></attr><attr><attrlabl>spcscertaintyfinal</attrlabl><attrdef>(blank)</attrdef><attrdefs>Data provider</attrdefs><attrdomv><udom>(blank)</udom></attrdomv></attr><attr><attrlabl>spcscertaintyinit</attrlabl><attrdef>(blank)</attrdef><attrdefs>Data provider</attrdefs><attrdomv><udom>(blank)</udom></attrdomv></attr><attr><attrlabl>spcscode</attrlabl><attrdef>(blank)</attrdef><attrdefs>Data provider</attrdefs><attrdomv><udom>(blank)</udom></attrdomv></attr><attr><attrlabl>spcsconfidence</attrlabl><attrdef>(blank)</attrdef><attrdefs>Data provider</attrdefs><attrdomv><udom>(blank)</udom></attrdomv></attr><attr><attrlabl>spcsnmsciinit</attrlabl><attrdef>Species code</attrdef><attrdefs>Data provider</attrdefs><attrdomv><udom>Species code</udom></attrdomv></attr><attr><attrlabl>subgroups</attrlabl><attrdef>Group code</attrdef><attrdefs>Data provider</attrdefs><attrdomv><udom>Group code</udom></attrdomv></attr><attr><attrlabl>surveyarea</attrlabl><attrdef>(blank)</attrdef><attrdefs>Data provider</attrdefs><attrdomv><udom>(blank)</udom></attrdomv></attr><attr><attrlabl>surveyidreport</attrlabl><attrdef>definition not provided</attrdef><attrdefs>Data provider</attrdefs><attrdomv><udom>definition not provided</udom></attrdomv></attr><attr><attrlabl>surveynumber</attrlabl><attrdef>(blank)</attrdef><attrdefs>Data provider</attrdefs><attrdomv><udom>(blank)</udom></attrdomv></attr><attr><attrlabl>surveysegmentid</attrlabl><attrdef>(blank)</attrdef><attrdefs>Data provider</attrdefs><attrdomv><udom>(blank)</udom></attrdomv></attr><attr><attrlabl>surveytypeid</attrlabl><attrdef>(blank)</attrdef><attrdefs>Data provider</attrdefs><attrdomv><udom>(blank)</udom></attrdomv></attr><attr><attrlabl>video</attrlabl><attrdef>(blank)</attrdef><attrdefs>Data provider</attrdefs><attrdomv><udom>(blank)</udom></attrdomv></attr><attr><attrlabl>visibility</attrlabl><attrdef>(blank)</attrdef><attrdefs>Data provider</attrdefs><attrdomv><udom>(blank)</udom></attrdomv></attr><attr><attrlabl>visibilityleft</attrlabl><attrdef>(blank)</attrdef><attrdefs>Data provider</attrdefs><attrdomv><udom>(blank)</udom></attrdomv></attr><attr><attrlabl>visibilityright</attrlabl><attrdef>(blank)</attrdef><attrdefs>Data provider</attrdefs><attrdomv><udom>(blank)</udom></attrdomv></attr><attr><attrlabl>waterseason</attrlabl><attrdef>(blank)</attrdef><attrdefs>Data provider</attrdefs><attrdomv><udom>(blank)</udom></attrdomv></attr><attr><attrlabl>weather</attrlabl><attrdef>(blank)</attrdef><attrdefs>Data provider</attrdefs><attrdomv><udom>(blank)</udom></attrdomv></attr><attr><attrlabl>winddirection</attrlabl><attrdef>(blank)</attrdef><attrdefs>Data provider</attrdefs><attrdomv><udom>(blank)</udom></attrdomv></attr><attr><attrlabl>windspeed</attrlabl><attrdef>(blank)</attrdef><attrdefs>Data provider</attrdefs><attrdomv><udom>(blank)</udom></attrdomv></attr><attr><attrlabl>flagged</attrlabl><attrdef>(blank)</attrdef><attrdefs>Data provider</attrdefs><attrdomv><udom>(blank)</udom></attrdomv></attr><attr><attrlabl>near_fid</attrlabl><attrdef>definition not provided</attrdef><attrdefs>Data provider</attrdefs><attrdomv><rdom><rdommin>8</rdommin><rdommax>158</rdommax></rdom></attrdomv></attr><attr><attrlabl>near_dist</attrlabl><attrdef>definition not provided</attrdef><attrdefs>Data provider</attrdefs><attrdomv><rdom><rdommin>16.209095480</rdommin><rdommax>19530.896000000</rdommax></rdom></attrdomv></attr><attr><attrlabl>bathy_res</attrlabl><attrdef>definition not provided</attrdef><attrdefs>Data provider</attrdefs><attrdomv><udom>definition not provided</udom></attrdomv></attr><attr><attrlabl>geom</attrlabl><attrdef>Geometry field added by OBIS-SEAMAP</attrdef><attrdefs>Data provider</attrdefs><attrdomv><udom>Geometry field added by OBIS-SEAMAP</udom></attrdomv></attr></detailed><overview><eaover>This section explains attributes included in the original dataset.&#13;
OBIS-SEAMAP restricts the attributes available to the public to date/time, lat/lon and species names/counts only.&#13;
Should you need other attributes described here, you are encouraged to contact the data provider.</eaover><eadetcit>HDR Environmental, Operations and Construction, Inc.</eadetcit></overview>
	</eainfo><distinfo>
	<distrib>
		<cntinfo>
			<cntorgp>
				<cntorg>Nicholas School of Environment, Duke Univ.</cntorg>
				<cntper>OBIS-SEAMAP</cntper>
			</cntorgp>
			<cntaddr>
				<addrtype>mailing and physical address</addrtype>
				<address>A328, LSRC</address><city>Durham</city><state>NC</state><postal>27708</postal><country>USA</country>
			</cntaddr>
			<cntvoice>919-613-8021</cntvoice>
			<cntemail>seamap-contact@duke.edu</cntemail>
		</cntinfo>
	</distrib><resdesc>OBIS-SEAMAP Dataset ID 1536</resdesc><distliab>Not to hold OBIS-SEAMAP liable for errors in the data. While we have made every effort to ensure the quality of the database, we cannot guarantee the accuracy of these datasets.&#13;
Also please refer to Use Constraints.</distliab>
	<stdorder>
		<digform>
			<digtinfo>
				<formname>CSV and ESRI shapefile</formname></digtinfo>
			<digtopt>
				<onlinopt>
					<computer>
						<networka>
							<networkr>OBIS-SEAMAP</networkr>
						</networka>
					</computer>
				</onlinopt>
			</digtopt>
		</digform>
		<fees>Free</fees>
		<ordering>Go to the OBIS-SEAMAP web site.</ordering>
	</stdorder>
	

	
</distinfo><metainfo>
	<metd>20170811</metd><metrd>20170811</metrd><metc>
		<cntinfo><cntperp>
	<cntper>Ei Fujioka</cntper>
	<cntorg>Nicholas School, Duke University</cntorg></cntperp><cntaddr><addrtype>mailing and physical address</addrtype><address>A328, LSRC</address><city>Durham</city><state>NC</state><postal>27708</postal><country>USA</country></cntaddr>
			<cntvoice>919-613-8021</cntvoice>
			<cntemail>seamap-contact@duke.edu</cntemail>
			</cntinfo>
	</metc><metstdn>FGDC Content Standards for Digital Geospatial Metadata</metstdn><metstdv>FGDC-STD-001-1998</metstdv><mettc>local time</mettc>
	
	
	
	
	<metextns><onlink>http://www.nbii.gov/</onlink><metprof>Biological Data Profile</metprof></metextns>
	
	</metainfo>
	
</metadata>
