<?xml version="1.0" encoding="UTF-8"?>
<metadata xml:lang="en">
<Esri>
	<MetaID>{999A9551-D701-4CF5-9373-131D3DD8D969}</MetaID>
	<CreaDate>20050512</CreaDate>
	<CreaTime>19291400</CreaTime>
	<SyncOnce>FALSE</SyncOnce>
	<SyncDate>20060710</SyncDate>
	<SyncTime>17161900</SyncTime>
	<ModDate>20060815</ModDate>
	<ModTime>12091700</ModTime>
</Esri>
<idinfo>
	<keywords><theme><themekt>Platform</themekt><themekey>Aircraft</themekey><themekey>Sightings</themekey></theme><theme><themekt>User defined</themekt></theme></keywords>
	<native Sync="TRUE">Microsoft Windows 2000 Version 5.0 (Build 2195) Service Pack 4; ESRI ArcCatalog 9.1.0.722</native>
	<descript>
	<langdata Sync="TRUE">en</langdata>
	<abstract/><purpose/><supplinf>The original survey data are separated into two datasets, from left-side and right-side observers upon provider's request. This dataset is from the left side sightings data. The right side sightings data are available on OBIS-SEAMAP in the &lt;a href=/datasets/detail/859&gt;USWTR Jax Aerial Survey -Right side- 2011-2012&lt;/a&gt; dataset.</supplinf></descript>
	<citation>
		<citeinfo><origin>McLellan, W</origin><pubdate>2012</pubdate><title>USWTR JAX Aerial Survey -Left side- 2011-2012</title><onlink>http://seamap.env.duke.edu/dataset/857</onlink><serinfo><sername>OBIS-SEAMAP</sername><issue>857</issue></serinfo><pubinfo><pubplace>http://seamap.env.duke.edu/dataset/857</pubplace><publish>OBIS-SEAMAP</publish></pubinfo></citeinfo>
	</citation>
	<timeperd><current>ground condition</current><timeinfo><rngdates><begdate>2011-05-19</begdate><enddate>2012-04-19</enddate></rngdates></timeinfo></timeperd>
	<status><progress>Complete</progress><update>None planned</update></status>
	<spdom><bounding><westbc>-80.690317</westbc><eastbc>-79.822932</eastbc><northbc>30.574196</northbc><southbc>29.954577</southbc></bounding><lboundng><leftbc Sync="TRUE">-80.690317</leftbc><rightbc Sync="TRUE">-79.822932</rightbc><bottombc Sync="TRUE">29.954577</bottombc><topbc Sync="TRUE">30.574196</topbc></lboundng></spdom>
	<accconst>Open public unless otherwise noted. See Use Constraints for details.</accconst>
	<useconst>1. Not to use data obtained from OBIS-SEAMAP in any publication, product, or commercial application without proper attribution to the original data provider(s) and OBIS-SEAMAP unless the datasets are explicitly shown under the CC0 policy. Citations or credits are suggested as attribution. If the data you downloaded come from multiple datasets, a citation or credit to each of the datasets is required.

Suggested citation for this dataset:

McLellan, W. 2012. USWTR JAX Aerial Survey -Left side- 2011-2012. Data downloaded from OBIS-SEAMAP (http://seamap.env.duke.edu/dataset/857) on yyyy-mm-dd.

Suggested citation for OBIS-SEAMAP:

Halpin, P.N., A.J. Read, E. Fujioka, B.D. Best, B. Donnelly, L.J. Hazen, C. Kot, K. Urian, E. LaBrecque, A. Dimatteo, J. Cleary, C. Good, L.B. Crowder, and K.D. Hyrenbach. 2009. OBIS-SEAMAP: The world data center for marine mammal, sea bird, and sea turtle distributions. Oceanography 22(2):104-115

2. To forward the citation of any publication / report that made use of the data / tools provided by OBIS-SEAMAP for inclusion in our list of references.

3. Not to hold OBIS-SEAMAP or the original data providers liable for errors in the data. While we have made every effort to ensure the quality of the database, we cannot guarantee the accuracy of these datasets. 

4. The burden for determining fitness for use of the downloaded data for any analyses lies entirely with the user. OBIS-SEAMAP or the original data providers do not support outcomes of your analyses that used the data you downloaded from OBIS-SEAMAP.

5. To consider inclusion of the accompanying transect (effort) dataset if available into the methodology of your analyses.

6. Not to redistribute the data you downloaded from OBIS-SEAMAP through any media without contect from OBIS-SEAMAP and the original data providers unless the datasets are explicitly shown under the CC0 policy.</useconst>
	<natvform Sync="TRUE">Shapefile</natvform>
	
	<ptcontac>
		<cntinfo>
			<cntperp><cntper>William McLellan</cntper><cntorg>University of North Carolina Wilmington</cntorg></cntperp>
			<cntaddr>
				<addrtype>mailing and physical address</addrtype>
			<address>Biology &amp; Marine Biology 601 South College Road</address><city>Wilmington</city><state>NC</state><postal>28403</postal><country>USA</country></cntaddr>
		<cntpos/><cntvoice>910-962-7266</cntvoice><cntemail>mclellanw@uncw.edu</cntemail><cntfax>910-962-4066</cntfax></cntinfo>
	</ptcontac>
<taxonomy><taxonsys><classsys><classcit><citeinfo><origin>Integrated Taxonomic Information System</origin><title>Integrated Taxonomic Information System</title><onlink>http://www.itis.usda.gov/</onlink><othercit>Downloaded April, 2004</othercit></citeinfo></classcit></classsys><ider><cntinfo><cntorgp><cntorg>Refer to the contact information of the dataset</cntorg></cntorgp></cntinfo></ider></taxonsys></taxonomy><datacred>William A. McLellan, University of North Carolina Wilmington</datacred><crossref><citeinfo><origin>Halpin, P.N., A.J. Read, E. Fujioka, B.D. Best, B. Donnelly, L.J. Hazen, C. Kot, K. Urian, E. LaBrecque, A. Dimatteo, J. Cleary, C. Good, L.B. Crowder, and K.D. Hyrenbach</origin><pubdate>2009</pubdate><title>OBIS-SEAMAP: The world data center for marine mammal, sea bird, and sea turtle distributions</title><geoform>vector digital data</geoform><serinfo><sername>Oceanography</sername><issue>22(2):104-115</issue></serinfo><onlink>http://www.tos.org/oceanography/article/obis-seamap-the-world-data-center-for-marine-mammal-sea-bird-and-sea-turtle</onlink></citeinfo></crossref></idinfo>

<metainfo>
	<langmeta Sync="TRUE">en</langmeta>
	<metstdn Sync="TRUE">FGDC Content Standards for Digital Geospatial Metadata</metstdn>
	<metstdv Sync="TRUE">FGDC-STD-001-1998</metstdv>
	<mettc Sync="TRUE">local time</mettc>
	<metc>
		<cntinfo>
			<cntorgp>
			<cntper>Ei Fujioka</cntper>
			<cntorg>Nicholas School of Environment, Duke University</cntorg>
			</cntorgp>
			<cntaddr><addrtype>mailing and physical address</addrtype><city>Durham</city><state>NC</state><postal>27708</postal><address>A328, LSRC</address><country>USA</country></cntaddr>
			<cntvoice>919-613-8021</cntvoice>
			<cntemail>seamap-contact@duke.edu</cntemail>
		<cntperp><cntper>Ei Fujioka</cntper><cntorg>Duke University</cntorg></cntperp><cntpos/></cntinfo>
	</metc>
	<metextns><onlink>http://www.nbii.gov/</onlink><metprof>Biological Data Profile</metprof></metextns><metextns><onlink Sync="TRUE">http://www.esri.com/metadata/esriprof80.html</onlink><metprof Sync="TRUE">ESRI Metadata Profile</metprof></metextns>
	<metd>2012-08-08</metd>
<metrd>2012-08-14</metrd></metainfo>

<mdLang><languageCode Sync="TRUE" value="en"/></mdLang>
<mdStanName Sync="TRUE">ISO 19115 Geographic Information - Metadata</mdStanName><mdStanVer Sync="TRUE">DIS_ESRI1.0</mdStanVer><mdChar><CharSetCd Sync="TRUE" value="004"/></mdChar><mdHrLv><ScopeCd Sync="TRUE" value="005"/></mdHrLv><mdHrLvName Sync="TRUE">dataset</mdHrLvName>

<distinfo>
	<resdesc Sync="TRUE">Downloadable Data</resdesc>
	<stdorder>
		<digform>
			<digtinfo>
				<transize Sync="TRUE">0.021</transize>
				<dssize Sync="TRUE">0.021</dssize>
			</digtinfo>
			<digtopt>
				<onlinopt>
					<computer>
						<networka>
							<networkr>OBIS-SEAMAP</networkr>
						</networka>
					</computer>
				</onlinopt>
			</digtopt>
		</digform>
		<fees>Free</fees>
		<ordering>Go to the OBIS-SEAMAP web site and click on [Datasets] tab appearing on upper left.</ordering>
	</stdorder>
	<distrib>
		<cntinfo>
			<cntorgp>
				<cntorg>Nicholas School of Environment, Duke Univ.</cntorg>
				<cntper>OBIS-SEAMAP</cntper>
			</cntorgp>
			<cntaddr>
				<addrtype>mailing and physical address</addrtype>
				<city>Durham</city><state>NC</state><country>USA</country><address>A328, LSRC</address><postal>27708</postal>
			</cntaddr>
			<cntvoice>919-613-8021</cntvoice>
			<cntemail>seamap-contact@duke.edu</cntemail>
		<cntpos/><cntefax/></cntinfo>
	</distrib>

	<distliab>Not to hold OBIS-SEAMAP liable for errors in the data. While we have made every effort to ensure the quality of the database, we cannot guarantee the accuracy of these datasets.&#13;
Also please refer to Use Constraints.&#13;
</distliab>
</distinfo>

	<distInfo>
		<distributor><distorTran>
				<onLineSrc><orDesc Sync="TRUE">002</orDesc>
					<protocol Sync="TRUE">Local Area Network</protocol>
				</onLineSrc>
				<transSize Sync="TRUE">0.021</transSize></distorTran>
			<distorFormat><formatName Sync="TRUE">Shapefile</formatName></distorFormat>
		</distributor></distInfo>
	<spdoinfo><direct Sync="TRUE">Vector</direct><ptvctinf>
		</ptvctinf></spdoinfo>
	<spref><horizsys><cordsysn><geogcsn>GCS_WGS_1984</geogcsn></cordsysn><geograph><geogunit>Decimal degrees</geogunit><latres>0.000167</latres><longres>0.000167</longres></geograph><geodetic><horizdn>D_WGS_1984</horizdn><ellips>WGS_1984</ellips><semiaxis>6378137.000000</semiaxis><denflat>298.257224</denflat></geodetic></horizsys></spref><refSysInfo><RefSystem><refSysID><identCode Sync="TRUE">GCS_WGS_1984</identCode></refSysID></RefSystem></refSysInfo><spatRepInfo><VectSpatRep><topLvl><TopoLevCd Sync="TRUE" value="001"/></topLvl>
		</VectSpatRep>
	</spatRepInfo><eainfo><overview><eaover>This section explains attributes included in the original dataset.&#13;
OBIS-SEAMAP restricts the attributes available to the public to date/time, lat/lon and species names/counts only.&#13;
Should you need other attributes described here, you are encouraged to contact the data provider.</eaover><eadetcit>University of North Carolina Wilmington</eadetcit></overview><detailed><attr><attrlabl>oid</attrlabl><attrdef>Row ID assigned by OBIS-SEAMAP</attrdef></attr><attr><attrlabl>obs_date</attrlabl><attrdef>Observation date</attrdef></attr><attr><attrlabl>obs_time</attrlabl><attrdef>observation time</attrdef></attr><attr><attrlabl>waypoint</attrlabl><attrdef>Waypoint</attrdef></attr><attr><attrlabl>latitude</attrlabl><attrdef>Latitude in decimal degrees</attrdef></attr><attr><attrlabl>longitude</attrlabl><attrdef>Longitude in decimal degrees</attrdef></attr><attr><attrlabl>event</attrlabl><attrdef>Event. 1.1 = On effort/on track; 1.2 = Off effort. Full codes are available upon request.</attrdef></attr><attr><attrlabl>heading</attrlabl><attrdef>Heading</attrdef></attr><attr><attrlabl>track_num</attrlabl><attrdef>Track number</attrdef></attr><attr><attrlabl>observer</attrlabl><attrdef>Observer Number</attrdef></attr><attr><attrlabl>vizability</attrlabl><attrdef>Visibility</attrdef></attr><attr><attrlabl>bss</attrlabl><attrdef>BSS</attrdef></attr><attr><attrlabl>cloud</attrlabl><attrdef>Cloud cover code. Code descriptions available upon request.</attrdef></attr><attr><attrlabl>glare_l</attrlabl><attrdef>Glare Left</attrdef></attr><attr><attrlabl>glare_r</attrlabl><attrdef>Glare Right</attrdef></attr><attr><attrlabl>vertical_angle</attrlabl><attrdef>Angle</attrdef></attr><attr><attrlabl>horizontal_angle</attrlabl><attrdef>Degree forward</attrdef></attr><attr><attrlabl>sighting_cue</attrlabl><attrdef>Sighting cue</attrdef></attr><attr><attrlabl>sp_obs</attrlabl><attrdef>Species name recorded</attrdef></attr><attr><attrlabl>sp_tsn</attrlabl><attrdef>ITIS taxonomic serial number.</attrdef></attr><attr><attrlabl>reliability</attrlabl><attrdef>Reliability</attrdef></attr><attr><attrlabl>min_count</attrlabl><attrdef>Minimum number of animals</attrdef></attr><attr><attrlabl>max_count</attrlabl><attrdef>Maximum number of animals</attrdef></attr><attr><attrlabl>obs_count</attrlabl><attrdef>best estimate of number of animals</attrdef></attr><attr><attrlabl>comments</attrlabl><attrdef>Comments</attrdef></attr></detailed></eainfo><mdDateSt Sync="TRUE">20060815</mdDateSt>
	<dataqual><posacc><horizpa><horizpar/></horizpa><vertacc><vertaccr/></vertacc></posacc><attracc><attraccr/></attracc><complete/></dataqual>
</metadata>
