<?xml version="1.0" encoding="UTF-8"?>
<metadata xml:lang="en">
<idinfo>
	<citation>
		<citeinfo><origin>Halpin, P.N., A.J. Read, E. Fujioka, B.D. Best, B. Donnelly, L.J. Hazen, C. Kot, K. Urian, E. LaBrecque, A. Dimatteo, J. Cleary, C. Good, L.B. Crowder, and K.D. Hyrenbach</origin><pubdate>2009</pubdate><title>OBIS-SEAMAP: The world data center for marine mammal, sea bird, and sea turtle distributions</title><serinfo><sername>Oceanography</sername><issue>22(2):104-115</issue></serinfo><onlink>http://www.tos.org/oceanography/article/obis-seamap-the-world-data-center-for-marine-mammal-sea-bird-and-sea-turtle</onlink></citeinfo>
	</citation><descript>
	<abstract>In support of New York State’s commitment to incorporating offshore wind into its energy portfolio, the New York State Energy Research and Development Authority (NYSERDA) embarked on a multi-year ultra-high resolution aerial digital survey of marine resources in a 43,745.20 km2 (12,754.06 mi2) offshore planning area (OPA) in 2016. The OPA encompasses the waters of the New York Bight from Long Island southeast to the continental shelf break. Surveys are conducted on a quarterly basis, timed to coincide with periods of abundance of avian and marine species that could be vulnerable to impacts from offshore wind activities. Each survey collected images covering at least 7% of the OPA. &#13;
For each survey, approximately 300,000 images were collected within the OPA using a transect design. During the first survey year, special attention was also paid to the wind energy area (WEA) using a more detailed grid survey design, collecting around 100,000 images. Each survey collected images covering at least 10% of the WEA. WEA survey data are in a separate dataset.&#13;
There was some variation in sampling effort among surveys as a different camera system that captured a larger footprint was used after the Summer 2016 survey.&#13;
&#13;
YR2 consists of Survey05 Summer2017, Survey06 Fall2017, Survey07 Winter2017-18, Survey08 Spring2018.</abstract><purpose>The New York State Energy Research and Development Authority (NYSERDA) contracted with Normandeau Associates Inc. (Normandeau) and teaming partner APEM Inc. (APEM) to use high resolution aerial digital imagery to collect data on birds, marine mammals, sea turtles, cartilaginous fish, and other taxa encountered offshore. Surveys are conducted four times a year over three years. The surveys have been designed in light of available historical data and use the latest digital and sensor technology to provide high identification success. Survey results for birds, marine mammals, turtles, and cartilaginous fish are presented in semiannual reports, which will cumulatively provide insight into interseasonal and interannual variation in species composition, densities, and distributions. Reports are available at https://remote.normandeau.com/nys_docs.php.</purpose><supplinf>[2022-06-06] The following recorded species names got their assigned scientific names corrected.&#13;
SAND TIGER SHARK: Carcharhinus plumbeus =&gt; Carcharias taurus&#13;
SANDERLING: Carcharias taurus =&gt; Calidris alba&#13;
BLACK SCOTER: Pluvialis squatarola =&gt; Melanitta nigra&#13;
BLACK TERN: Pterodroma hasitata =&gt; Chlidonias niger&#13;
BLACK-BELLIED PLOVER: Rissa tridactyla =&gt; Pluvialis squatarola&#13;
BLACK-CAPPED PETREL: Melanitta nigra =&gt; Pterodroma hasitata&#13;
BLACK-LEGGED KITTIWAKE: Chlidonias niger =&gt; Rissa tridactyla&#13;
LOGGERHEAD TURTLE: Cheloniidae =&gt; Caretta caretta&#13;
LOGGERHEAD/KEMP'S TURTLE: Caretta caretta =&gt; Cheloniidae&#13;
RED PHALAROPE: Mergus serrator =&gt; Phalaropus fulicarius&#13;
RED/RED-NECKED PHALAROPE: Phalaropus lobatus =&gt; Phalaropus&#13;
RED-BREASTED MERGANSER: Phalaropus fulicarius =&gt; Mergus serrator&#13;
RED-NECKED PHALAROPE: Phalaropus =&gt; Phalaropus lobatus&#13;
SANDBAR SHARK: Calidris alba =&gt; Carcharhinus plumbeus&#13;
&#13;
[2020-08-06] Data were updated with additional attributes. Species identification was revised.&#13;
&#13;
Transect area is calculated based on the planned aircraft altitude and assumed to be a consistent value. Actual coverage of the area may vary due to fluctuations in the aircraft altitude during the survey. This may result in target observation points being displayed outside the transect area.&#13;
&#13;
Tracklines are viewable online as a static layer.&#13;
&#13;
The data in 2016 is available at&#13;
http://seamap.env.duke.edu/dataset/1817&#13;
http://seamap.env.duke.edu/dataset/1818</supplinf></descript><timeperd><timeinfo><rngdates><begdate>20170806</begdate><enddate>20180426</enddate></rngdates></timeinfo><current>ground condition</current></timeperd><status><progress>Complete</progress><update>None planned</update></status><spdom><descgeog>North Atlantic</descgeog><bounding><westbc>-73.8907</westbc><eastbc>-70.6058</eastbc><northbc>41.0079</northbc><southbc>38.4576</southbc></bounding>
	</spdom><keywords><theme><themekt>None</themekt><themekey>Marine Animal Survey</themekey><themekey>Marine Biology</themekey><themekey>Seabirds</themekey><themekey>Marine mammals</themekey><themekey>Sea turtles</themekey><themekey>Visual Sighting</themekey><themekey>Aircraft</themekey></theme><place><placekt>None</placekt><placekey>North Atlantic</placekey><placekey>New York Bight</placekey></place></keywords><taxonomy><keywtax><taxonkt>Taxon covered</taxonkt><taxonkey>Marine mammals</taxonkey><taxonkey>seabirds</taxonkey><taxonkey>Sea turtles</taxonkey><taxonkey>Rays and sharks</taxonkey></keywtax><taxonsys><classsys><classcit><citeinfo><origin>Integrated Taxonomic Information System</origin><pubdate>Unknown</pubdate><title>Integrated Taxonomic Information System</title><geoform>Not applicable</geoform><othercit>Downloaded April, 2004</othercit><onlink>http://www.itis.usda.gov/</onlink></citeinfo></classcit></classsys><ider><cntinfo><cntperp><cntper>Refer to the contact information of the dataset</cntper><cntorg>Refer to the contact information of the dataset</cntorg></cntperp><cntaddr><addrtype>mailing and physical address</addrtype><address>Refer to the contact information of the dataset</address><city>Refer to the contact information of the dataset</city><state>Refer to the contact information of the dataset</state><postal>Refer to the contact information of the dataset</postal><country>Refer to the contact information of the dataset</country></cntaddr><cntvoice>Not provided</cntvoice></cntinfo></ider><taxonpro>Identified by observers or researchers conducting the survey</taxonpro></taxonsys><taxoncl><taxonrn>Kingdom</taxonrn><taxonrv>Animalia</taxonrv><taxoncl><taxonrn>Phylum</taxonrn><taxonrv>Chordata</taxonrv><taxoncl><taxonrn>Subphylum</taxonrn><taxonrv>Vertebrata</taxonrv><taxoncl><taxonrn>Class</taxonrn><taxonrv>Aves</taxonrv><taxoncl><taxonrn>Order</taxonrn><taxonrv>Charadriiformes</taxonrv><taxoncl><taxonrn>Family</taxonrn><taxonrv>Alcidae</taxonrv><taxoncl><taxonrn>Genus</taxonrn><taxonrv>Alca</taxonrv><taxoncl><taxonrn>Species</taxonrn><taxonrv>Alca torda</taxonrv></taxoncl></taxoncl><taxoncl><taxonrn>Genus</taxonrn><taxonrv>Alle</taxonrv><taxoncl><taxonrn>Species</taxonrn><taxonrv>Alle alle</taxonrv></taxoncl></taxoncl><taxoncl><taxonrn>Genus</taxonrn><taxonrv>Fratercula</taxonrv><taxoncl><taxonrn>Species</taxonrn><taxonrv>Fratercula arctica</taxonrv></taxoncl></taxoncl><taxoncl><taxonrn>Genus</taxonrn><taxonrv>Uria</taxonrv></taxoncl></taxoncl><taxoncl><taxonrn>Family</taxonrn><taxonrv>Laridae</taxonrv><taxoncl><taxonrn>Genus</taxonrn><taxonrv>Chlidonias</taxonrv><taxoncl><taxonrn>Species</taxonrn><taxonrv>Chlidonias niger</taxonrv></taxoncl></taxoncl><taxoncl><taxoncl><taxonrn>Species</taxonrn><taxonrv>Chroicocephalus philadelphia</taxonrv></taxoncl></taxoncl><taxoncl><taxoncl><taxonrn>Species</taxonrn><taxonrv>Hydrocoloeus minutus</taxonrv></taxoncl></taxoncl><taxoncl><taxonrn>Genus</taxonrn><taxonrv>Larus</taxonrv><taxoncl><taxonrn>Species</taxonrn><taxonrv>Larus argentatus</taxonrv></taxoncl><taxoncl><taxonrn>Species</taxonrn><taxonrv>Larus delawarensis</taxonrv></taxoncl><taxoncl><taxonrn>Species</taxonrn><taxonrv>Larus fuscus</taxonrv></taxoncl><taxoncl><taxonrn>Species</taxonrn><taxonrv>Larus glaucoides</taxonrv></taxoncl><taxoncl><taxonrn>Species</taxonrn><taxonrv>Larus hyperboreus</taxonrv></taxoncl><taxoncl><taxonrn>Species</taxonrn><taxonrv>Larus marinus</taxonrv></taxoncl></taxoncl><taxoncl><taxoncl><taxonrn>Species</taxonrn><taxonrv>Leucophaeus atricilla</taxonrv></taxoncl></taxoncl><taxoncl><taxonrn>Genus</taxonrn><taxonrv>Sterna</taxonrv><taxoncl><taxonrn>Species</taxonrn><taxonrv>Sterna forsteri</taxonrv></taxoncl><taxoncl><taxonrn>Species</taxonrn><taxonrv>Sterna hirundo</taxonrv></taxoncl></taxoncl></taxoncl><taxoncl><taxonrn>Family</taxonrn><taxonrv>Stercorariidae</taxonrv><taxoncl><taxonrn>Genus</taxonrn><taxonrv>Stercorarius</taxonrv><taxoncl><taxonrn>Species</taxonrn><taxonrv>Stercorarius parasiticus</taxonrv></taxoncl><taxoncl><taxonrn>Species</taxonrn><taxonrv>Stercorarius skua</taxonrv></taxoncl></taxoncl></taxoncl></taxoncl><taxoncl><taxonrn>Order</taxonrn><taxonrv>Procellariiformes</taxonrv><taxoncl><taxonrn>Family</taxonrn><taxonrv>Procellariidae</taxonrv><taxoncl><taxonrn>Genus</taxonrn><taxonrv>Calonectris</taxonrv><taxoncl><taxonrn>Species</taxonrn><taxonrv>Calonectris diomedea</taxonrv></taxoncl></taxoncl><taxoncl><taxonrn>Genus</taxonrn><taxonrv>Fulmarus</taxonrv><taxoncl><taxonrn>Species</taxonrn><taxonrv>Fulmarus glacialis</taxonrv></taxoncl></taxoncl><taxoncl><taxonrn>Genus</taxonrn><taxonrv>Pterodroma</taxonrv><taxoncl><taxonrn>Species</taxonrn><taxonrv>Pterodroma hasitata</taxonrv></taxoncl></taxoncl><taxoncl><taxonrn>Genus</taxonrn><taxonrv>Puffinus</taxonrv><taxoncl><taxonrn>Species</taxonrn><taxonrv>Puffinus gravis</taxonrv></taxoncl><taxoncl><taxonrn>Species</taxonrn><taxonrv>Puffinus griseus</taxonrv></taxoncl><taxoncl><taxonrn>Species</taxonrn><taxonrv>Puffinus puffinus</taxonrv></taxoncl></taxoncl></taxoncl><taxoncl><taxonrn>Family</taxonrn><taxonrv>Hydrobatidae</taxonrv><taxoncl><taxonrn>Subfamily</taxonrn><taxonrv>Oceanitinae</taxonrv><taxoncl><taxonrn>Genus</taxonrn><taxonrv>Oceanites</taxonrv><taxoncl><taxonrn>Species</taxonrn><taxonrv>Oceanites oceanicus</taxonrv></taxoncl></taxoncl></taxoncl><taxoncl><taxonrn>Subfamily</taxonrn><taxonrv>Hydrobatinae</taxonrv><taxoncl><taxonrn>Genus</taxonrn><taxonrv>Oceanodroma</taxonrv><taxoncl><taxonrn>Species</taxonrn><taxonrv>Oceanodroma leucorhoa</taxonrv></taxoncl></taxoncl></taxoncl></taxoncl></taxoncl><taxoncl><taxonrn>Order</taxonrn><taxonrv>Suliformes</taxonrv><taxoncl><taxonrn>Family</taxonrn><taxonrv>Sulidae</taxonrv><taxoncl><taxonrn>Genus</taxonrn><taxonrv>Morus</taxonrv><taxoncl><taxonrn>Species</taxonrn><taxonrv>Morus bassanus</taxonrv></taxoncl></taxoncl><taxoncl><taxonrn>Genus</taxonrn><taxonrv>Sula</taxonrv><taxoncl><taxonrn>Species</taxonrn><taxonrv>Sula leucogaster</taxonrv></taxoncl></taxoncl></taxoncl><taxoncl><taxonrn>Family</taxonrn><taxonrv>Phalacrocoracidae</taxonrv></taxoncl></taxoncl></taxoncl><taxoncl><taxonrn>Class</taxonrn><taxonrv>Chondrichthyes</taxonrv><taxoncl><taxonrn>Subclass</taxonrn><taxonrv>Elasmobranchii</taxonrv><taxoncl><taxonrn>Superorder</taxonrn><taxonrv>Euselachii</taxonrv><taxoncl><taxonrn>Order</taxonrn><taxonrv>Lamniformes</taxonrv><taxoncl><taxonrn>Family</taxonrn><taxonrv>Alopiidae</taxonrv><taxoncl><taxonrn>Genus</taxonrn><taxonrv>Alopias</taxonrv><taxoncl><taxonrn>Species</taxonrn><taxonrv>Alopias vulpinus</taxonrv></taxoncl></taxoncl></taxoncl><taxoncl><taxonrn>Family</taxonrn><taxonrv>Lamnidae</taxonrv><taxoncl><taxonrn>Genus</taxonrn><taxonrv>Carcharodon</taxonrv><taxoncl><taxonrn>Species</taxonrn><taxonrv>Carcharodon carcharias</taxonrv></taxoncl></taxoncl><taxoncl><taxonrn>Genus</taxonrn><taxonrv>Isurus</taxonrv><taxoncl><taxonrn>Species</taxonrn><taxonrv>Isurus oxyrinchus</taxonrv></taxoncl></taxoncl></taxoncl><taxoncl><taxonrn>Family</taxonrn><taxonrv>Cetorhinidae</taxonrv><taxoncl><taxonrn>Genus</taxonrn><taxonrv>Cetorhinus</taxonrv><taxoncl><taxonrn>Species</taxonrn><taxonrv>Cetorhinus maximus</taxonrv></taxoncl></taxoncl></taxoncl></taxoncl><taxoncl><taxonrn>Order</taxonrn><taxonrv>Carcharhiniformes</taxonrv><taxoncl><taxonrn>Family</taxonrn><taxonrv>Carcharhinidae</taxonrv><taxoncl><taxoncl><taxonrn>Species</taxonrn><taxonrv>Carcharhinus obscurus</taxonrv></taxoncl><taxoncl><taxonrn>Species</taxonrn><taxonrv>Carcharhinus plumbeus</taxonrv></taxoncl></taxoncl><taxoncl><taxoncl><taxonrn>Species</taxonrn><taxonrv>Galeocerdo cuvier</taxonrv></taxoncl></taxoncl><taxoncl><taxonrn>Genus</taxonrn><taxonrv>Prionace</taxonrv><taxoncl><taxonrn>Species</taxonrn><taxonrv>Prionace glauca</taxonrv></taxoncl></taxoncl></taxoncl><taxoncl><taxonrn>Family</taxonrn><taxonrv>Sphyrnidae</taxonrv><taxoncl><taxonrn>Genus</taxonrn><taxonrv>Sphyrna</taxonrv><taxoncl><taxonrn>Species</taxonrn><taxonrv>Sphyrna mokarran</taxonrv></taxoncl><taxoncl><taxonrn>Species</taxonrn><taxonrv>Sphyrna zygaena</taxonrv></taxoncl></taxoncl></taxoncl></taxoncl><taxoncl><taxonrn>Order</taxonrn><taxonrv>Myliobatiformes</taxonrv><taxoncl><taxonrn>Family</taxonrn><taxonrv>Mobulidae</taxonrv><taxoncl><taxonrn>Genus</taxonrn><taxonrv>Manta</taxonrv><taxoncl><taxonrn>Species</taxonrn><taxonrv>Manta birostris</taxonrv></taxoncl></taxoncl><taxoncl><taxonrn>Genus</taxonrn><taxonrv>Mobula</taxonrv><taxoncl><taxonrn>Species</taxonrn><taxonrv>Mobula mobular</taxonrv></taxoncl></taxoncl></taxoncl><taxoncl><taxonrn>Family</taxonrn><taxonrv>Rhinopteridae</taxonrv><taxoncl><taxonrn>Genus</taxonrn><taxonrv>Rhinoptera</taxonrv><taxoncl><taxonrn>Species</taxonrn><taxonrv>Rhinoptera bonasus</taxonrv></taxoncl></taxoncl></taxoncl></taxoncl><taxoncl><taxonrn>Order</taxonrn><taxonrv>Orectolobiformes</taxonrv><taxoncl><taxonrn>Family</taxonrn><taxonrv>Rhincodontidae</taxonrv><taxoncl><taxonrn>Genus</taxonrn><taxonrv>Rhincodon</taxonrv><taxoncl><taxonrn>Species</taxonrn><taxonrv>Rhincodon typus</taxonrv></taxoncl></taxoncl></taxoncl></taxoncl></taxoncl></taxoncl></taxoncl><taxoncl><taxonrn>Class</taxonrn><taxonrv>Mammalia</taxonrv><taxoncl><taxonrn>Subclass</taxonrn><taxonrv>Theria</taxonrv><taxoncl><taxonrn>Infraclass</taxonrn><taxonrv>Eutheria</taxonrv><taxoncl><taxonrn>Order</taxonrn><taxonrv>Cetacea</taxonrv><taxoncl><taxonrn>Suborder</taxonrn><taxonrv>Mysticeti</taxonrv><taxoncl><taxonrn>Family</taxonrn><taxonrv>Balaenopteridae</taxonrv><taxoncl><taxonrn>Genus</taxonrn><taxonrv>Balaenoptera</taxonrv><taxoncl><taxonrn>Species</taxonrn><taxonrv>Balaenoptera acutorostrata</taxonrv></taxoncl><taxoncl><taxonrn>Species</taxonrn><taxonrv>Balaenoptera borealis</taxonrv></taxoncl><taxoncl><taxonrn>Species</taxonrn><taxonrv>Balaenoptera physalus</taxonrv></taxoncl></taxoncl><taxoncl><taxonrn>Genus</taxonrn><taxonrv>Megaptera</taxonrv><taxoncl><taxonrn>Species</taxonrn><taxonrv>Megaptera novaeangliae</taxonrv></taxoncl></taxoncl></taxoncl></taxoncl><taxoncl><taxonrn>Suborder</taxonrn><taxonrv>Odontoceti</taxonrv><taxoncl><taxonrn>Family</taxonrn><taxonrv>Delphinidae</taxonrv><taxoncl><taxonrn>Genus</taxonrn><taxonrv>Delphinus</taxonrv><taxoncl><taxonrn>Species</taxonrn><taxonrv>Delphinus delphis</taxonrv></taxoncl></taxoncl><taxoncl><taxonrn>Genus</taxonrn><taxonrv>Globicephala</taxonrv><taxoncl><taxonrn>Species</taxonrn><taxonrv>Globicephala macrorhynchus</taxonrv></taxoncl></taxoncl><taxoncl><taxonrn>Genus</taxonrn><taxonrv>Grampus</taxonrv><taxoncl><taxonrn>Species</taxonrn><taxonrv>Grampus griseus</taxonrv></taxoncl></taxoncl><taxoncl><taxonrn>Genus</taxonrn><taxonrv>Lagenorhynchus</taxonrv><taxoncl><taxonrn>Species</taxonrn><taxonrv>Lagenorhynchus acutus</taxonrv></taxoncl></taxoncl><taxoncl><taxonrn>Genus</taxonrn><taxonrv>Stenella</taxonrv><taxoncl><taxonrn>Species</taxonrn><taxonrv>Stenella coeruleoalba</taxonrv></taxoncl></taxoncl><taxoncl><taxonrn>Genus</taxonrn><taxonrv>Steno</taxonrv><taxoncl><taxonrn>Species</taxonrn><taxonrv>Steno bredanensis</taxonrv></taxoncl></taxoncl><taxoncl><taxonrn>Genus</taxonrn><taxonrv>Tursiops</taxonrv><taxoncl><taxonrn>Species</taxonrn><taxonrv>Tursiops truncatus</taxonrv></taxoncl></taxoncl></taxoncl><taxoncl><taxonrn>Family</taxonrn><taxonrv>Kogiidae</taxonrv><taxoncl><taxonrn>Genus</taxonrn><taxonrv>Kogia</taxonrv><taxoncl><taxonrn>Species</taxonrn><taxonrv>Kogia breviceps</taxonrv></taxoncl><taxoncl><taxonrn>Species</taxonrn><taxonrv>Kogia sima</taxonrv></taxoncl></taxoncl></taxoncl><taxoncl><taxonrn>Family</taxonrn><taxonrv>Hyperoodontidae</taxonrv><taxoncl><taxonrn>Genus</taxonrn><taxonrv>Mesoplodon</taxonrv></taxoncl></taxoncl><taxoncl><taxonrn>Family</taxonrn><taxonrv>Phocoenidae</taxonrv><taxoncl><taxonrn>Genus</taxonrn><taxonrv>Phocoena</taxonrv><taxoncl><taxonrn>Species</taxonrn><taxonrv>Phocoena phocoena</taxonrv></taxoncl></taxoncl></taxoncl><taxoncl><taxonrn>Family</taxonrn><taxonrv>Physeteridae</taxonrv><taxoncl><taxonrn>Genus</taxonrn><taxonrv>Physeter</taxonrv><taxoncl><taxonrn>Species</taxonrn><taxonrv>Physeter macrocephalus</taxonrv></taxoncl></taxoncl></taxoncl></taxoncl></taxoncl><taxoncl><taxonrn>Order</taxonrn><taxonrv>Carnivora</taxonrv><taxoncl><taxonrn>Suborder</taxonrn><taxonrv>Caniformia</taxonrv><taxoncl><taxonrn>Family</taxonrn><taxonrv>Phocidae</taxonrv><taxoncl><taxonrn>Genus</taxonrn><taxonrv>Halichoerus</taxonrv><taxoncl><taxonrn>Species</taxonrn><taxonrv>Halichoerus grypus</taxonrv></taxoncl></taxoncl><taxoncl><taxonrn>Genus</taxonrn><taxonrv>Phoca</taxonrv><taxoncl><taxonrn>Species</taxonrn><taxonrv>Phoca vitulina</taxonrv></taxoncl></taxoncl></taxoncl></taxoncl></taxoncl></taxoncl></taxoncl></taxoncl><taxoncl><taxonrn>Class</taxonrn><taxonrv>Reptilia</taxonrv><taxoncl><taxonrn>Order</taxonrn><taxonrv>Testudines</taxonrv><taxoncl><taxonrn>Suborder</taxonrn><taxonrv>Cryptodira</taxonrv><taxoncl><taxonrn>Superfamily</taxonrn><taxonrv>Chelonioidea</taxonrv><taxoncl><taxonrn>Family</taxonrn><taxonrv>Cheloniidae</taxonrv><taxoncl><taxonrn>Subfamily</taxonrn><taxonrv>Carettinae</taxonrv><taxoncl><taxonrn>Genus</taxonrn><taxonrv>Caretta</taxonrv><taxoncl><taxonrn>Species</taxonrn><taxonrv>Caretta caretta</taxonrv></taxoncl></taxoncl><taxoncl><taxonrn>Genus</taxonrn><taxonrv>Lepidochelys</taxonrv><taxoncl><taxonrn>Species</taxonrn><taxonrv>Lepidochelys kempii</taxonrv></taxoncl></taxoncl></taxoncl></taxoncl><taxoncl><taxonrn>Family</taxonrn><taxonrv>Dermochelyidae</taxonrv><taxoncl><taxonrn>Genus</taxonrn><taxonrv>Dermochelys</taxonrv><taxoncl><taxonrn>Species</taxonrn><taxonrv>Dermochelys coriacea</taxonrv></taxoncl></taxoncl></taxoncl></taxoncl></taxoncl></taxoncl></taxoncl></taxoncl></taxoncl></taxoncl></taxonomy>
	<accconst>This dataset and related graphics are being provided to the public free of charge and for informational purposes only. They are not legal documents and are not intended to be used as such. This dataset was not prepared for, nor is it to be used for or relied upon for legal, engineering, navigation, or surveying purposes. The data are not better than the original sources from which they were derived. It is the responsibility of the data user to use the data appropriately and within the limitations of geospatial data in general, and these data in particular. Use of these data, where metadata reveals the source of the data, requires proper citation to the data source as provided. The New York State Energy Research and Development Authority (NYSERDA) is not responsible for improper or incorrect use of the data described and/or contained on this web site.The New York State Energy Research and Development Authority (NYSERDA) gives no warranty, expressed or implied, as to the accuracy, reliability, or completeness of these data. This disclaimer applies both to individual use of the data and aggregate use with other data. The New York State Energy Research and Development Authority (NYSERDA) makes no claims, promises, or guarantees about the accuracy, completeness, or adequacy of the datasets and expressly disclaims liability for errors and omissions in the contents of this dataset. No warranty of any kind, implied, expressed or statutory, including but not limited to warranties of non-infringement of third party rights, title, merchantability, fitness for a particular purpose and freedom from computer virus, is given with respect to the contents of this website or its hyperlinks to other Internet resources.</accconst>
	<useconst>1. Not to use data obtained from OBIS-SEAMAP in any publication, product, or commercial application without proper attribution to the original data provider(s) and OBIS-SEAMAP unless the datasets are explicitly shown under the CC0 policy. Citations or credits are suggested as attribution. If the data you downloaded come from multiple datasets, a citation or credit to each of the datasets is required.&#13;
&#13;
Suggested citation for this dataset:&#13;
&#13;
&#13;
&#13;
Suggested citation for OBIS-SEAMAP:&#13;
&#13;
Halpin, P.N., A.J. Read, E. Fujioka, B.D. Best, B. Donnelly, L.J. Hazen, C. Kot, K. Urian, E. LaBrecque, A. Dimatteo, J. Cleary, C. Good, L.B. Crowder, and K.D. Hyrenbach. 2009. OBIS-SEAMAP: The world data center for marine mammal, sea bird, and sea turtle distributions. Oceanography 22(2):104-115&#13;
&#13;
2. To forward the citation of any publication / report that made use of the data / tools provided by OBIS-SEAMAP for inclusion in our list of references.&#13;
&#13;
3. Not to hold OBIS-SEAMAP or the original data providers liable for errors in the data. While we have made every effort to ensure the quality of the database, we cannot guarantee the accuracy of these datasets. &#13;
&#13;
4. The burden for determining fitness for use of the downloaded data for any analyses lies entirely with the user. OBIS-SEAMAP or the original data providers do not support outcomes of your analyses that used the data you downloaded from OBIS-SEAMAP.&#13;
&#13;
5. To consider inclusion of the accompanying transect (effort) dataset if available into the methodology of your analyses.&#13;
&#13;
6. Not to redistribute the data you downloaded from OBIS-SEAMAP through any media without contect from OBIS-SEAMAP and the original data providers unless the datasets are explicitly shown under the CC0 policy.</useconst>
	<ptcontac>
		<cntinfo>
			<cntperp><cntper>Michelle Vukovich</cntper><cntorg>Normandeau Associates, Inc.</cntorg></cntperp>
			<cntaddr>
				<addrtype>mailing and physical address</addrtype>
			<address>4581 NW 6th Street, Suite H</address><city>Gainesville</city><state>FL</state><postal>32609</postal><country>USA</country></cntaddr>
		<cntvoice>352-505-1828</cntvoice><cntemail>jwillmott@normandeau.com</cntemail></cntinfo>
	</ptcontac><datacred>NYSERDA, Normandeau Associates Inc., APEM Ltd.</datacred>
	<native>Relational database</native>
	<crossref><citeinfo><origin>APEM and Normandeau Associates prepared for New York State Energy Research and Development Authority</origin><pubdate>2019</pubdate><title>Digital Aerial Baseline Survey of Marine Wildlife in Support of Offshore Wind Energy - OPA 2017</title><geoform>vector digital data</geoform><serinfo><sername>Data downloaded from OBIS-SEAMAP (http://seamap.env.duke.edu/dataset/1817) on yyyy-mm-dd</sername></serinfo><onlink>https://remote.normandeau.com</onlink></citeinfo></crossref><crossref><citeinfo><origin>Halpin, P.N., A.J. Read, E. Fujioka, B.D. Best, B. Donnelly, L.J. Hazen, C. Kot, K. Urian, E. LaBrecque, A. Dimatteo, J. Cleary, C. Good, L.B. Crowder, and K.D. Hyrenbach</origin><pubdate>2009</pubdate><title>OBIS-SEAMAP: The world data center for marine mammal, sea bird, and sea turtle distributions</title><geoform>vector digital data</geoform><serinfo><sername>Oceanography</sername><issue>22(2):104-115</issue></serinfo><onlink>http://www.tos.org/oceanography/article/obis-seamap-the-world-data-center-for-marine-mammal-sea-bird-and-sea-turtle</onlink></citeinfo></crossref></idinfo>
	<dataqual>
		<attracc>
			<attraccr>All attributes were measured and recorded during the survey and validated by the data provider.</attraccr></attracc>
		<logic>Permissible values for date and time and coordinates were validated by the data provider and the OBIS-SEAMAP data manager. Species identification by the data provider was matched with Integrated Taxonomic Information System.</logic>
		<complete>All observation records are included.</complete><lineage><procstep><procdesc>Data were put through the OBIS-SEAMAP data registration steps.</procdesc><procdate>20220606</procdate></procstep></lineage></dataqual><spdoinfo><direct>Point</direct></spdoinfo><spref><horizsys><geograph>
				<latres>0.0001</latres><longres>0.0001</longres><geogunit>Decimal degrees</geogunit></geograph>
			<geodetic><horizdn>D_WGS_1984</horizdn><ellips>WGS_1984</ellips>
				<semiaxis>6378137.000000</semiaxis><denflat>298.257224</denflat></geodetic></horizsys></spref>

<eainfo><detailed><enttyp><enttypl>Biogeographic data</enttypl><enttypd>Biogeographic data</enttypd><enttypds>Not applicable</enttypds></enttyp><attr><attrlabl>oid</attrlabl><attrdef>Unique ID number (generated by OBIS-SEAMAP)</attrdef><attrdefs>Data provider</attrdefs><attrdomv><udom>Unique ID number (generated by OBIS-SEAMAP)</udom></attrdomv></attr><attr><attrlabl>snag_id</attrlabl><attrdef>Unique ID for target Each entry is 1 individual (except for Fish Shoals which is one entry per 1 shoal encompassing uncounted number of fish)</attrdef><attrdefs>Data provider</attrdefs><attrdomv><udom>Unique ID for target Each entry is 1 individual (except for Fish Shoals which is one entry per 1 shoal encompassing uncounted number of fish)</udom></attrdomv></attr><attr><attrlabl>surveyid</attrlabl><attrdef>Survey identifier including Number, Season, and Year</attrdef><attrdefs>Data provider</attrdefs><attrdomv><udom>Survey identifier including Number, Season, and Year</udom></attrdomv></attr><attr><attrlabl>datetaken</attrlabl><attrdef>Date image taken, in local time (EST/EDT)</attrdef><attrdefs>Data provider</attrdefs><attrdomv><rdom><rdommin>2017-08-06</rdommin><rdommax>2018-04-26</rdommax></rdom></attrdomv></attr><attr><attrlabl>timetaken</attrlabl><attrdef>Time image taken, in local time (EST/EDT)</attrdef><attrdefs>Data provider</attrdefs><attrdomv><rdom><rdommin>06:56:14</rdommin><rdommax>17:46:55</rdommax></rdom></attrdomv></attr><attr><attrlabl>id_type</attrlabl><attrdef>1st level of identification</attrdef><attrdefs>Data provider</attrdefs><attrdomv><udom>1st level of identification</udom></attrdomv></attr><attr><attrlabl>id_subtype</attrlabl><attrdef>2nd level of identification Target group type if identified Needs id = Target has not been reviewed for ID Unid. Type = Target has been reviewed and cannot be identified to a subtype</attrdef><attrdefs>Data provider</attrdefs><attrdomv><udom>2nd level of identification Target group type if identified Needs id = Target has not been reviewed for ID Unid. Type = Target has been reviewed and cannot be identified to a subtype</udom></attrdomv></attr><attr><attrlabl>id_species</attrlabl><attrdef>3rd level of identification Common Name if identified Needs id = Target has not been reviewed for ID species unknown = Target has been reviewed and cannot be identified to species</attrdef><attrdefs>Data provider</attrdefs><attrdomv><udom>3rd level of identification Common Name if identified Needs id = Target has not been reviewed for ID species unknown = Target has been reviewed and cannot be identified to species</udom></attrdomv></attr><attr><attrlabl>sp_tsn</attrlabl><attrdef>Taxonomic Serial Number added by OBIS-SEAMAP</attrdef><attrdefs>Data provider</attrdefs><attrdomv><rdom><rdommin>159785</rdommin><rdommax>824079</rdommax></rdom></attrdomv></attr><attr><attrlabl>obs_count</attrlabl><attrdef>Number of animals (always 1)</attrdef><attrdefs>Data provider</attrdefs><attrdomv><rdom><rdommin>1</rdommin><rdommax>1</rdommax></rdom></attrdomv></attr><attr><attrlabl>id_confid</attrlabl><attrdef>Confidence level of ID: Definite Probable Possible blank = not rated</attrdef><attrdefs>Data provider</attrdefs><attrdomv><udom>Confidence level of ID: Definite Probable Possible blank = not rated</udom></attrdomv></attr><attr><attrlabl>lengthcm</attrlabl><attrdef>Generally, head-to-tail length in cm. This is NOT turtle carapace. Ignored for non-animal &amp; fish shoal. NULL = not determined</attrdef><attrdefs>Data provider</attrdefs><attrdomv><udom>Generally, head-to-tail length in cm. This is NOT turtle carapace. Ignored for non-animal &amp; fish shoal. NULL = not determined</udom></attrdomv></attr><attr><attrlabl>wingspancm</attrlabl><attrdef>Wing span tip to tip in cm. 0 = wings are folded up/bird is sitting on surface. Applies to avian only</attrdef><attrdefs>Data provider</attrdefs><attrdomv><udom>Wing span tip to tip in cm. 0 = wings are folded up/bird is sitting on surface. Applies to avian only</udom></attrdomv></attr><attr><attrlabl>altitudem</attrlabl><attrdef>Altitude above sea level in meters of flying birds. 0 = non-flying bird; unk = unable to calculate altitude of flying bird. Applies to avian only</attrdef><attrdefs>Data provider</attrdefs><attrdomv><udom>Altitude above sea level in meters of flying birds. 0 = non-flying bird; unk = unable to calculate altitude of flying bird. Applies to avian only</udom></attrdomv></attr><attr><attrlabl>alterror</attrlabl><attrdef>Mean altitude error (meters) = the average error for each species in the species group</attrdef><attrdefs>Data provider</attrdefs><attrdomv><rdom><rdommin>-999.000</rdommin><rdommax>74.890</rdommax></rdom></attrdomv></attr><attr><attrlabl>surface</attrlabl><attrdef>Depth rating.  blank = not rated</attrdef><attrdefs>Data provider</attrdefs><attrdomv><udom>Depth rating.  blank = not rated</udom></attrdomv></attr><attr><attrlabl>headingdeg</attrlabl><attrdef>Direction of target (in degrees)</attrdef><attrdefs>Data provider</attrdefs><attrdomv><udom>Direction of target (in degrees)</udom></attrdomv></attr><attr><attrlabl>listed</attrlabl><attrdef>Yes = Species/Species Group status is listed (as of 2016)</attrdef><attrdefs>Data provider</attrdefs><attrdomv><udom>Yes = Species/Species Group status is listed (as of 2016)</udom></attrdomv></attr><attr><attrlabl>parentimg</attrlabl><attrdef>Image name where target is located</attrdef><attrdefs>Data provider</attrdefs><attrdomv><udom>Image name where target is located</udom></attrdomv></attr><attr><attrlabl>latitude</attrlabl><attrdef>Latitude in decimal degrees (WGS84)</attrdef><attrdefs>Data provider</attrdefs><attrdomv><rdom><rdommin>38.45760</rdommin><rdommax>41.00790</rdommax></rdom></attrdomv></attr><attr><attrlabl>longitude</attrlabl><attrdef>Longitude in decimal degrees (WGS84)</attrdef><attrdefs>Data provider</attrdefs><attrdomv><rdom><rdommin>-73.89070</rdommin><rdommax>-70.60580</rdommax></rdom></attrdomv></attr><attr><attrlabl>sargassum</attrlabl><attrdef>Sargassum is present in image with target. 1 = present; 0 = not present; blank = not evaluated</attrdef><attrdefs>Data provider</attrdefs><attrdomv><udom>Sargassum is present in image with target. 1 = present; 0 = not present; blank = not evaluated</udom></attrdomv></attr><attr><attrlabl>area</attrlabl><attrdef>Survey area: Always OPA (Offshore Planning Area)</attrdef><attrdefs>Data provider</attrdefs><attrdomv><udom>Survey area: Always OPA (Offshore Planning Area)</udom></attrdomv></attr><attr><attrlabl>scientific</attrlabl><attrdef>Scientific name if species is identified</attrdef><attrdefs>Data provider</attrdefs><attrdomv><udom>Scientific name if species is identified</udom></attrdomv></attr><attr><attrlabl>family</attrlabl><attrdef>Family if species is identified</attrdef><attrdefs>Data provider</attrdefs><attrdomv><udom>Family if species is identified</udom></attrdomv></attr><attr><attrlabl>transectid</attrlabl><attrdef>Corresponding transect number in format Area-SurveyDateYYYYMMDD-Transect# (e.g. OPA-20160827-101)</attrdef><attrdefs>Data provider</attrdefs><attrdomv><udom>Corresponding transect number in format Area-SurveyDateYYYYMMDD-Transect# (e.g. OPA-20160827-101)</udom></attrdomv></attr><attr><attrlabl>transectno</attrlabl><attrdef>Corresponding transect number only</attrdef><attrdefs>Data provider</attrdefs><attrdomv><rdom><rdommin>501</rdommin><rdommax>831</rdommax></rdom></attrdomv></attr><attr><attrlabl>shoalid</attrlabl><attrdef>For fish shoals: Unique identifier for individual shoal</attrdef><attrdefs>Data provider</attrdefs><attrdomv><rdom><rdommin>12767</rdommin><rdommax>14389</rdommax></rdom></attrdomv></attr><attr><attrlabl>shlareasqm</attrlabl><attrdef>For fish shoals: Area of shoal in square meters. Measurement of area is limited to shoal visibility.</attrdef><attrdefs>Data provider</attrdefs><attrdomv><rdom><rdommin>1</rdommin><rdommax>2002</rdommax></rdom></attrdomv></attr><attr><attrlabl>shlextend</attrlabl><attrdef>For fish shoals: Yes/No if shoal extends beyond the aerial image. Shoals are only measured up to edge of image; if they extend beyond the image, that portion is unable to be included in the shoal area.</attrdef><attrdefs>Data provider</attrdefs><attrdomv><udom>For fish shoals: Yes/No if shoal extends beyond the aerial image. Shoals are only measured up to edge of image; if they extend beyond the image, that portion is unable to be included in the shoal area.</udom></attrdomv></attr><attr><attrlabl>visibility</attrlabl><attrdef>Visibility (greater than, km)</attrdef><attrdefs>Data provider</attrdefs><attrdomv><udom>Visibility (greater than, km)</udom></attrdomv></attr><attr><attrlabl>seastate</attrlabl><attrdef>Sea State (mean values) 0 Calm (Glass) 1 Calm (Rippled) 2 Smooth 3 Slight 4 Moderate</attrdef><attrdefs>Data provider</attrdefs><attrdomv><udom>Sea State (mean values) 0 Calm (Glass) 1 Calm (Rippled) 2 Smooth 3 Slight 4 Moderate</udom></attrdomv></attr><attr><attrlabl>glint</attrlabl><attrdef>Glint Percentage (highest %)</attrdef><attrdefs>Data provider</attrdefs><attrdomv><udom>Glint Percentage (highest %)</udom></attrdomv></attr><attr><attrlabl>turbidity</attrlabl><attrdef>Turbidity (mean values) 0 Clear 1 Slightly Turbid 2 Moderately Turbid 3 Highly Turbid</attrdef><attrdefs>Data provider</attrdefs><attrdomv><udom>Turbidity (mean values) 0 Clear 1 Slightly Turbid 2 Moderately Turbid 3 Highly Turbid</udom></attrdomv></attr><attr><attrlabl>precipdura</attrlabl><attrdef>Precipitation duration in time (minutes)</attrdef><attrdefs>Data provider</attrdefs><attrdomv><udom>Precipitation duration in time (minutes)</udom></attrdomv></attr><attr><attrlabl>cloud</attrlabl><attrdef>Clound Cover Percentage (highest %) 0-10% Clear 11-15% Scattered 51-94% Broken 95-100% Overcast</attrdef><attrdefs>Data provider</attrdefs><attrdomv><udom>Clound Cover Percentage (highest %) 0-10% Clear 11-15% Scattered 51-94% Broken 95-100% Overcast</udom></attrdomv></attr><attr><attrlabl>airtemp_c</attrlabl><attrdef>Air Temperature (°Celsius)</attrdef><attrdefs>Data provider</attrdefs><attrdomv><udom>Air Temperature (°Celsius)</udom></attrdomv></attr><attr><attrlabl>pressure</attrlabl><attrdef>Pressure (inHg)</attrdef><attrdefs>Data provider</attrdefs><attrdomv><udom>Pressure (inHg)</udom></attrdomv></attr><attr><attrlabl>windspeed</attrlabl><attrdef>Wind Speed (kts)</attrdef><attrdefs>Data provider</attrdefs><attrdomv><udom>Wind Speed (kts)</udom></attrdomv></attr><attr><attrlabl>winddirect</attrlabl><attrdef>Wind Direction (degrees)</attrdef><attrdefs>Data provider</attrdefs><attrdomv><udom>Wind Direction (degrees)</udom></attrdomv></attr><attr><attrlabl>geom</attrlabl><attrdef>Geometry field added by OBIS-SEAMAP</attrdef><attrdefs>Data provider</attrdefs><attrdomv><udom>Geometry field added by OBIS-SEAMAP</udom></attrdomv></attr></detailed><overview><eaover>This section explains attributes included in the original dataset.&#13;
OBIS-SEAMAP restricts the attributes available to the public to date/time, lat/lon and species names/counts only.&#13;
Should you need other attributes described here, you are encouraged to contact the data provider.</eaover><eadetcit>NYSERDA, APEM, Normandeau Associates</eadetcit></overview>
	</eainfo><distinfo>
	<distrib>
		<cntinfo>
			<cntorgp>
				<cntorg>Nicholas School of Environment, Duke Univ.</cntorg>
				<cntper>OBIS-SEAMAP</cntper>
			</cntorgp>
			<cntaddr>
				<addrtype>mailing and physical address</addrtype>
				<address>A328, LSRC</address><city>Durham</city><state>NC</state><postal>27708</postal><country>USA</country>
			</cntaddr>
			<cntvoice>919-613-8021</cntvoice>
			<cntemail>seamap-contact@duke.edu</cntemail>
		</cntinfo>
	</distrib><resdesc>OBIS-SEAMAP Dataset ID 1994</resdesc><distliab>Not to hold OBIS-SEAMAP liable for errors in the data. While we have made every effort to ensure the quality of the database, we cannot guarantee the accuracy of these datasets.&#13;
Also please refer to Use Constraints.</distliab>
	<stdorder>
		<digform>
			<digtinfo>
				<formname>CSV and ESRI shapefile</formname></digtinfo>
			<digtopt>
				<onlinopt>
					<computer>
						<networka>
							<networkr>OBIS-SEAMAP</networkr>
						</networka>
					</computer>
				</onlinopt>
			</digtopt>
		</digform>
		<fees>Free</fees>
		<ordering>Go to the OBIS-SEAMAP web site.</ordering>
	</stdorder>
	

	
</distinfo><metainfo>
	<metd>20220607</metd><metrd>20220607</metrd><metc>
		<cntinfo><cntperp>
	<cntper>Ei Fujioka</cntper>
	<cntorg>Nicholas School, Duke University</cntorg></cntperp><cntaddr><addrtype>mailing and physical address</addrtype><address>A328, LSRC</address><city>Durham</city><state>NC</state><postal>27708</postal><country>USA</country></cntaddr>
			<cntvoice>919-613-8021</cntvoice>
			<cntemail>seamap-contact@duke.edu</cntemail>
			</cntinfo>
	</metc><metstdn>FGDC Content Standards for Digital Geospatial Metadata</metstdn><metstdv>FGDC-STD-001-1998</metstdv><mettc>local time</mettc>
	
	
	
	
	<metextns><onlink>http://www.nbii.gov/</onlink><metprof>Biological Data Profile</metprof></metextns>
	
	</metainfo>
	
</metadata>
