<?xml version="1.0" encoding="UTF-8"?>
<metadata xml:lang="en">
<Esri>
	<MetaID>{999A9551-D701-4CF5-9373-131D3DD8D969}</MetaID>
	<CreaDate>20050512</CreaDate>
	<CreaTime>19291400</CreaTime>
	<SyncOnce>FALSE</SyncOnce>
	<SyncDate>20060710</SyncDate>
	<SyncTime>17161900</SyncTime>
	<ModDate>20060815</ModDate>
	<ModTime>12091700</ModTime>
</Esri>
<idinfo>
	<keywords><theme><themekt>Platform</themekt><themekey>Vessels</themekey><themekey>Sightings</themekey></theme></keywords>
	<native Sync="TRUE">Microsoft Windows 2000 Version 5.0 (Build 2195) Service Pack 4; ESRI ArcCatalog 9.1.0.722</native>
	<descript>
	<langdata Sync="TRUE">en</langdata>
	<abstract/><purpose/><supplinf/></descript>
	<citation>
		<citeinfo>
			<geoform Sync="TRUE">vector digital data</geoform>
			<pubinfo>
				<pubplace>http://seamap-dev.env.duke.edu/dataset/1001</pubplace>
				<publish>OBIS-SEAMAP</publish>
			</pubinfo>
		<origin>Cascadia Research Collective</origin><pubdate>2013-09-18 18:18:41</pubdate><title>Cascadia Research Collective Navy monitoring dataset 2011-2012</title><ftname>seamap1001</ftname><onlink>http://www.cascadiaresearch.org/hawaii/hawaii.htm</onlink><edition/><serinfo><sername>OBIS-SEAMAP</sername></serinfo></citeinfo>
	</citation>
	<timeperd><current>ground condition</current><timeinfo><rngdates><begdate>2011-02-16</begdate><enddate>2012-07-02</enddate></rngdates></timeinfo></timeperd>
	<status><progress>Complete</progress><update>None planned</update></status>
	<spdom><bounding><westbc>-160.14248</westbc><eastbc>-159.31201</eastbc><northbc>22.38999</northbc><southbc>21.85202</southbc></bounding><lboundng><leftbc Sync="TRUE">-160.14248</leftbc><rightbc Sync="TRUE">-159.31201</rightbc><bottombc Sync="TRUE">21.85202</bottombc><topbc Sync="TRUE">22.38999</topbc></lboundng></spdom>
	<accconst>Open public unless otherwise noted. See Use Constraints for details.</accconst>
	<useconst>1. Not to use data obtained from OBIS-SEAMAP in any publication, product, or commercial application without proper attribution to the original data provider(s) and OBIS-SEAMAP unless the datasets are explicitly shown under the CC0 policy. Citations or credits are suggested as attribution. If the data you downloaded come from multiple datasets, a citation or credit to each of the datasets is required.

Suggested citation for this dataset:

Baird, R. 2013. Cascadia Research Collective Navy monitoring dataset 2011-2012. Data downloaded from OBIS-SEAMAP (http://seamap.env.duke.edu/dataset/1001) on yyyy-mm-dd.

Suggested citation for OBIS-SEAMAP:

Halpin, P.N., A.J. Read, E. Fujioka, B.D. Best, B. Donnelly, L.J. Hazen, C. Kot, K. Urian, E. LaBrecque, A. Dimatteo, J. Cleary, C. Good, L.B. Crowder, and K.D. Hyrenbach. 2009. OBIS-SEAMAP: The world data center for marine mammal, sea bird, and sea turtle distributions. Oceanography 22(2):104-115

2. To forward the citation of any publication / report that made use of the data / tools provided by OBIS-SEAMAP for inclusion in our list of references.

3. Not to hold OBIS-SEAMAP or the original data providers liable for errors in the data. While we have made every effort to ensure the quality of the database, we cannot guarantee the accuracy of these datasets. 

4. The burden for determining fitness for use of the downloaded data for any analyses lies entirely with the user. OBIS-SEAMAP or the original data providers do not support outcomes of your analyses that used the data you downloaded from OBIS-SEAMAP.

5. To consider inclusion of the accompanying transect (effort) dataset if available into the methodology of your analyses.

6. Not to redistribute the data you downloaded from OBIS-SEAMAP through any media without contect from OBIS-SEAMAP and the original data providers unless the datasets are explicitly shown under the CC0 policy.</useconst>
	<natvform Sync="TRUE">Shapefile</natvform>
	
	<ptcontac>
		<cntinfo>
			<cntperp><cntper>Robin Baird</cntper><cntorg>Cascadia Research Collective</cntorg></cntperp>
			<cntaddr>
				<addrtype>mailing and physical address</addrtype>
			<address>218 1/2 W. 4th Avenue</address><city>Olympia</city><state>WA</state><postal>98501</postal><country>USA</country></cntaddr>
		<cntpos/><cntvoice/><cntemail>rwbaird@cascadiaresearch.org</cntemail><cntfax/></cntinfo>
	</ptcontac>
<taxonomy><taxonsys><classsys><classcit><citeinfo><origin>Integrated Taxonomic Information System</origin><title>Integrated Taxonomic Information System</title><onlink>http://www.itis.usda.gov/</onlink><othercit>Downloaded April, 2004</othercit></citeinfo></classcit></classsys><ider><cntinfo><cntorgp><cntorg>Refer to the contact information of the dataset</cntorg></cntorgp></cntinfo></ider></taxonsys></taxonomy><datacred>Robin W. Baird, Cascadia Research Collective</datacred><crossref><citeinfo><origin>Baird, R.W., J.A. Shaffer, D.L. Webster, S.D. Fisher, J.M. Aschettino, A.M. Gorgone, B.K. Rone, S.D. Mahaffy and D.J. Moretti</origin><pubdate>2013</pubdate><title>Odontocete studies off the Pacific Missile Range Facility in February 2013: Satellite-tagging, photo-identification, and passive acoustic monitoring for species verification</title><geoform>vector digital data</geoform><serinfo><sername>Prepared for U.S. Pacific Fleet, submitted to NAVFAC PAC by HDR Environmental, Operations and Construction, Inc</sername></serinfo></citeinfo></crossref><crossref><citeinfo><origin>Baird, R.W., D.L. Webster, J.M. Aschettino, G.S. Schorr and D.J. McSweeney</origin><pubdate>2013</pubdate><title>Odontocete cetaceans around the main Hawaiian Islands: Habitat use and relative abundance from small-boat sighting surveys</title><geoform>vector digital data</geoform><serinfo><sername>Aquatic Mammals</sername><issue>39:253-269</issue></serinfo></citeinfo></crossref><crossref><citeinfo><origin>Baird, R.W., D.L. Webster, J.M. Aschettino, D. Verbeck and S.D. Mahaffy</origin><pubdate>2012</pubdate><title>Odontocete movements off the island of Kaua‘i: results of satellite tagging and photo-identification efforts in January 2012</title><geoform>vector digital data</geoform><serinfo><sername>Prepared for U.S. Pacific Fleet, submitted to NAVFAC PAC by HDR Environmental, Operations and Construction, Inc</sername></serinfo></citeinfo></crossref><crossref><citeinfo><origin>Halpin, P.N., A.J. Read, E. Fujioka, B.D. Best, B. Donnelly, L.J. Hazen, C. Kot, K. Urian, E. LaBrecque, A. Dimatteo, J. Cleary, C. Good, L.B. Crowder, and K.D. Hyrenbach</origin><pubdate>2009</pubdate><title>OBIS-SEAMAP: The world data center for marine mammal, sea bird, and sea turtle distributions</title><geoform>vector digital data</geoform><serinfo><sername>Oceanography</sername><issue>22(2):104-115</issue></serinfo><onlink>http://www.tos.org/oceanography/article/obis-seamap-the-world-data-center-for-marine-mammal-sea-bird-and-sea-turtle</onlink></citeinfo></crossref></idinfo>

<metainfo>
	<langmeta Sync="TRUE">en</langmeta>
	<metstdn Sync="TRUE">FGDC Content Standards for Digital Geospatial Metadata</metstdn>
	<metstdv Sync="TRUE">FGDC-STD-001-1998</metstdv>
	<mettc Sync="TRUE">local time</mettc>
	<metc>
		<cntinfo>
			<cntorgp>
			<cntper>Ei Fujioka</cntper>
			<cntorg>Nicholas School of Environment, Duke University</cntorg>
			</cntorgp>
			<cntaddr><addrtype>mailing and physical address</addrtype><city>Durham</city><state>NC</state><postal>27708</postal><address>A328, LSRC</address><country>USA</country></cntaddr>
			<cntvoice>919-613-8021</cntvoice>
			<cntemail>seamap-contact@duke.edu</cntemail>
		<cntperp><cntper>Ei Fujioka</cntper><cntorg>Duke University</cntorg></cntperp><cntpos/></cntinfo>
	</metc>
	<metextns><onlink>http://www.nbii.gov/</onlink><metprof>Biological Data Profile</metprof></metextns><metextns><onlink Sync="TRUE">http://www.esri.com/metadata/esriprof80.html</onlink><metprof Sync="TRUE">ESRI Metadata Profile</metprof></metextns>
	<metd>2013-09-18</metd>
</metainfo>

<mdLang><languageCode Sync="TRUE" value="en"/></mdLang>
<mdStanName Sync="TRUE">ISO 19115 Geographic Information - Metadata</mdStanName><mdStanVer Sync="TRUE">DIS_ESRI1.0</mdStanVer><mdChar><CharSetCd Sync="TRUE" value="004"/></mdChar><mdHrLv><ScopeCd Sync="TRUE" value="005"/></mdHrLv><mdHrLvName Sync="TRUE">dataset</mdHrLvName>

<distinfo>
	<resdesc Sync="TRUE">Downloadable Data</resdesc>
	<stdorder>
		<digform>
			<digtinfo>
				<transize Sync="TRUE">0.021</transize>
				<dssize Sync="TRUE">0.021</dssize>
			</digtinfo>
			<digtopt>
				<onlinopt>
					<computer>
						<networka>
							<networkr>OBIS-SEAMAP</networkr>
						</networka>
					</computer>
				</onlinopt>
			</digtopt>
		</digform>
		<fees>Free</fees>
		<ordering>Go to the OBIS-SEAMAP web site and click on [Datasets] tab appearing on upper left.</ordering>
	</stdorder>
	<distrib>
		<cntinfo>
			<cntorgp>
				<cntorg>Nicholas School of Environment, Duke Univ.</cntorg>
				<cntper>OBIS-SEAMAP</cntper>
			</cntorgp>
			<cntaddr>
				<addrtype>mailing and physical address</addrtype>
				<city>Durham</city><state>NC</state><country>USA</country><address>A328, LSRC</address><postal>27708</postal>
			</cntaddr>
			<cntvoice>919-613-8021</cntvoice>
			<cntemail>seamap-contact@duke.edu</cntemail>
		<cntpos/><cntefax/></cntinfo>
	</distrib>

	<distliab>Not to hold OBIS-SEAMAP liable for errors in the data. While we have made every effort to ensure the quality of the database, we cannot guarantee the accuracy of these datasets.&#13;
Also please refer to Use Constraints.&#13;
</distliab>
</distinfo>

	<distInfo>
		<distributor><distorTran>
				<onLineSrc><orDesc Sync="TRUE">002</orDesc>
					<protocol Sync="TRUE">Local Area Network</protocol>
				</onLineSrc>
				<transSize Sync="TRUE">0.021</transSize></distorTran>
			<distorFormat><formatName Sync="TRUE">Shapefile</formatName></distorFormat>
		</distributor></distInfo>
	<spdoinfo><direct Sync="TRUE">Vector</direct><ptvctinf>
		</ptvctinf></spdoinfo>
	<spref><horizsys><cordsysn><geogcsn>GCS_WGS_1984</geogcsn></cordsysn><geograph><geogunit>Decimal degrees</geogunit><latres>0.000167</latres><longres>0.000167</longres></geograph><geodetic><horizdn>D_WGS_1984</horizdn><ellips>WGS_1984</ellips><semiaxis>6378137.000000</semiaxis><denflat>298.257224</denflat></geodetic></horizsys></spref><refSysInfo><RefSystem><refSysID><identCode Sync="TRUE">GCS_WGS_1984</identCode></refSysID></RefSystem></refSysInfo><spatRepInfo><VectSpatRep><topLvl><TopoLevCd Sync="TRUE" value="001"/></topLvl>
		</VectSpatRep>
	</spatRepInfo><eainfo><overview><eaover>This section explains attributes included in the original dataset.&#13;
OBIS-SEAMAP restricts the attributes available to the public to date/time, lat/lon and species names/counts only.&#13;
Should you need other attributes described here, you are encouraged to contact the data provider.</eaover><eadetcit>Cascadia Research Collective</eadetcit></overview><detailed><attr><attrlabl>oid</attrlabl><attrdef/></attr><attr><attrlabl>sp_obs</attrlabl><attrdef>Species name recorded</attrdef></attr><attr><attrlabl>sp_tsn</attrlabl><attrdef>Taxonomic Serial Number added by OBIS-SEAMAP</attrdef></attr><attr><attrlabl>date_org</attrlabl><attrdef>Date in original format</attrdef></attr><attr><attrlabl>obs_date</attrlabl><attrdef>Date of the sighting</attrdef></attr><attr><attrlabl>obs_time</attrlabl><attrdef>Time of the sighting (local time zone)</attrdef></attr><attr><attrlabl>obs_count</attrlabl><attrdef>Group size</attrdef></attr><attr><attrlabl>island</attrlabl><attrdef>Island</attrdef></attr><attr><attrlabl>latitude</attrlabl><attrdef>Latitude in decimal degrees</attrdef></attr><attr><attrlabl>start_longitude</attrlabl><attrdef>Longitude in original format (positive)</attrdef></attr><attr><attrlabl>longitude</attrlabl><attrdef>Longitude in decimal degrees</attrdef></attr></detailed></eainfo><mdDateSt Sync="TRUE">20060815</mdDateSt>
	<dataqual><posacc><horizpa><horizpar/></horizpa><vertacc><vertaccr/></vertacc></posacc><attracc><attraccr/></attracc><complete/></dataqual>
</metadata>
