<?xml version="1.0" encoding="UTF-8"?>
<metadata xml:lang="en">
<idinfo>
	<citation>
		<citeinfo>
		<origin>Ampela, K. and C. Bacon</origin><pubdate>2017</pubdate><title>HRC CRC Small Vessel-Based Monitoring Surveys December 2009</title><geoform>vector digital data</geoform><serinfo><sername>OBIS-SEAMAP</sername><issue>1588</issue></serinfo><pubinfo><pubplace>http://seamap.env.duke.edu/dataset/1588</pubplace><publish>OBIS-SEAMAP</publish></pubinfo><onlink>http://seamap.env.duke.edu/dataset/1588</onlink></citeinfo>
	</citation><descript>
	<abstract>Please contact data provider</abstract><purpose>Please contact data provider</purpose></descript><timeperd><timeinfo><rngdates><begdate>20091208</begdate><enddate>20091221</enddate></rngdates></timeinfo><current>ground condition</current></timeperd><status><progress>Complete</progress><update>None planned</update></status><spdom><descgeog>Pacific</descgeog><bounding><westbc>-156.49725</westbc><eastbc>-155.96013</eastbc><northbc>20.15748</northbc><southbc>19.28974</southbc></bounding>
	</spdom><keywords><theme><themekt>None</themekt><themekey>Marine Animal Survey</themekey><themekey>Marine Biology</themekey><themekey>Marine mammals</themekey><themekey>Visual Sighting</themekey><themekey>Vessel</themekey></theme><place><placekt>None</placekt><placekey>Pacific</placekey></place></keywords><taxonomy><keywtax><taxonkt>Taxon covered</taxonkt><taxonkey>Marine mammals</taxonkey><taxonkey>Sea turtles</taxonkey></keywtax><taxonsys><classsys><classcit><citeinfo><origin>Integrated Taxonomic Information System</origin><pubdate>Unknown</pubdate><title>Integrated Taxonomic Information System</title><geoform>Not applicable</geoform><othercit>Downloaded April, 2004</othercit><onlink>http://www.itis.usda.gov/</onlink></citeinfo></classcit></classsys><ider><cntinfo><cntperp><cntper>Refer to the contact information of the dataset</cntper><cntorg>Refer to the contact information of the dataset</cntorg></cntperp><cntaddr><addrtype>mailing and physical address</addrtype><address>Refer to the contact information of the dataset</address><city>Refer to the contact information of the dataset</city><state>Refer to the contact information of the dataset</state><postal>Refer to the contact information of the dataset</postal><country>Refer to the contact information of the dataset</country></cntaddr><cntvoice>Not provided</cntvoice></cntinfo></ider><taxonpro>Identified by observers or researchers conducting the survey</taxonpro></taxonsys><taxoncl><taxonrn>Kingdom</taxonrn><taxonrv>Animalia</taxonrv><taxoncl><taxonrn>Phylum</taxonrn><taxonrv>Chordata</taxonrv><taxoncl><taxonrn>Subphylum</taxonrn><taxonrv>Vertebrata</taxonrv><taxoncl><taxonrn>Class</taxonrn><taxonrv>Reptilia</taxonrv><taxoncl><taxonrn>Order</taxonrn><taxonrv>Testudines</taxonrv><taxoncl><taxonrn>Suborder</taxonrn><taxonrv>Cryptodira</taxonrv><taxoncl><taxonrn>Superfamily</taxonrn><taxonrv>Chelonioidea</taxonrv></taxoncl></taxoncl></taxoncl></taxoncl><taxoncl><taxonrn>Class</taxonrn><taxonrv>Mammalia</taxonrv><taxoncl><taxonrn>Subclass</taxonrn><taxonrv>Theria</taxonrv><taxoncl><taxonrn>Infraclass</taxonrn><taxonrv>Eutheria</taxonrv><taxoncl><taxonrn>Order</taxonrn><taxonrv>Cetacea</taxonrv><taxoncl><taxonrn>Suborder</taxonrn><taxonrv>Odontoceti</taxonrv><taxoncl><taxonrn>Family</taxonrn><taxonrv>Delphinidae</taxonrv><taxoncl><taxonrn>Genus</taxonrn><taxonrv>Globicephala</taxonrv><taxoncl><taxonrn>Species</taxonrn><taxonrv>Globicephala macrorhynchus</taxonrv></taxoncl></taxoncl><taxoncl><taxonrn>Genus</taxonrn><taxonrv>Stenella</taxonrv><taxoncl><taxonrn>Species</taxonrn><taxonrv>Stenella coeruleoalba</taxonrv></taxoncl><taxoncl><taxonrn>Species</taxonrn><taxonrv>Stenella longirostris</taxonrv></taxoncl></taxoncl><taxoncl><taxonrn>Genus</taxonrn><taxonrv>Steno</taxonrv><taxoncl><taxonrn>Species</taxonrn><taxonrv>Steno bredanensis</taxonrv></taxoncl></taxoncl><taxoncl><taxonrn>Genus</taxonrn><taxonrv>Tursiops</taxonrv><taxoncl><taxonrn>Species</taxonrn><taxonrv>Tursiops truncatus</taxonrv></taxoncl></taxoncl></taxoncl><taxoncl><taxonrn>Family</taxonrn><taxonrv>Hyperoodontidae</taxonrv><taxoncl><taxonrn>Genus</taxonrn><taxonrv>Mesoplodon</taxonrv><taxoncl><taxonrn>Species</taxonrn><taxonrv>Mesoplodon densirostris</taxonrv></taxoncl></taxoncl><taxoncl><taxonrn>Genus</taxonrn><taxonrv>Ziphius</taxonrv><taxoncl><taxonrn>Species</taxonrn><taxonrv>Ziphius cavirostris</taxonrv></taxoncl></taxoncl></taxoncl></taxoncl></taxoncl><taxoncl><taxonrn>Order</taxonrn><taxonrv>Carnivora</taxonrv><taxoncl><taxonrn>Suborder</taxonrn><taxonrv>Caniformia</taxonrv><taxoncl><taxonrn>Family</taxonrn><taxonrv>Phocidae</taxonrv><taxoncl><taxonrn>Genus</taxonrn><taxonrv>Monachus</taxonrv><taxoncl><taxonrn>Species</taxonrn><taxonrv>Monachus schauinslandi</taxonrv></taxoncl></taxoncl></taxoncl></taxoncl></taxoncl></taxoncl></taxoncl></taxoncl></taxoncl></taxoncl></taxoncl></taxonomy>
	<accconst>Open public unless otherwise noted. See Use Constraints for details.</accconst>
	<useconst>1. Not to use data obtained from OBIS-SEAMAP in any publication, product, or commercial application without proper attribution to the original data provider(s) and OBIS-SEAMAP unless the datasets are explicitly shown under the CC0 policy. Citations or credits are suggested as attribution. If the data you downloaded come from multiple datasets, a citation or credit to each of the datasets is required.&#13;
&#13;
Suggested citation for this dataset:&#13;
&#13;
Ampela, K. and C. Bacon. 2017. HRC CRC Small Vessel-Based Monitoring Surveys December 2009. Data downloaded from OBIS-SEAMAP (http://seamap.env.duke.edu/dataset/1588) on yyyy-mm-dd.&#13;
&#13;
Suggested citation for OBIS-SEAMAP:&#13;
&#13;
Halpin, P.N., A.J. Read, E. Fujioka, B.D. Best, B. Donnelly, L.J. Hazen, C. Kot, K. Urian, E. LaBrecque, A. Dimatteo, J. Cleary, C. Good, L.B. Crowder, and K.D. Hyrenbach. 2009. OBIS-SEAMAP: The world data center for marine mammal, sea bird, and sea turtle distributions. Oceanography 22(2):104-115&#13;
&#13;
2. To forward the citation of any publication / report that made use of the data / tools provided by OBIS-SEAMAP for inclusion in our list of references.&#13;
&#13;
3. Not to hold OBIS-SEAMAP or the original data providers liable for errors in the data. While we have made every effort to ensure the quality of the database, we cannot guarantee the accuracy of these datasets. &#13;
&#13;
4. The burden for determining fitness for use of the downloaded data for any analyses lies entirely with the user. OBIS-SEAMAP or the original data providers do not support outcomes of your analyses that used the data you downloaded from OBIS-SEAMAP.&#13;
&#13;
5. To consider inclusion of the accompanying transect (effort) dataset if available into the methodology of your analyses.&#13;
&#13;
6. Not to redistribute the data you downloaded from OBIS-SEAMAP through any media without contect from OBIS-SEAMAP and the original data providers unless the datasets are explicitly shown under the CC0 policy.</useconst>
	<ptcontac>
		<cntinfo>
			<cntperp><cntper>Cathy Bacon; Kristen Ampela</cntper><cntorg>HDR Environmental, Operations and Construction, Inc.; HDR Environmental, Operations and Construction, Inc.</cntorg></cntperp>
			<cntaddr>
				<addrtype>mailing and physical address</addrtype>
			<address>n/a; 8690 Balboa Avenue Suite 200</address><city>n/a; San Diego</city><state>n/a; CA</state><postal>n/a; 92123</postal><country>United States; USA</country></cntaddr>
		<cntvoice>6823511490; 858-712-8261</cntvoice><cntemail>catherine.bacon@hdrinc.com; Kristen.Ampela@hdrinc.com</cntemail></cntinfo>
	</ptcontac><datacred>The U.S. Navy Marine Species Monitoring Program</datacred>
	<native>Relational database</native>
	<crossref><citeinfo><origin>Halpin, P.N., A.J. Read, E. Fujioka, B.D. Best, B. Donnelly, L.J. Hazen, C. Kot, K. Urian, E. LaBrecque, A. Dimatteo, J. Cleary, C. Good, L.B. Crowder, and K.D. Hyrenbach</origin><pubdate>2009</pubdate><title>OBIS-SEAMAP: The world data center for marine mammal, sea bird, and sea turtle distributions</title><geoform>vector digital data</geoform><serinfo><sername>Oceanography</sername><issue>22(2):104-115</issue></serinfo><onlink>http://www.tos.org/oceanography/article/obis-seamap-the-world-data-center-for-marine-mammal-sea-bird-and-sea-turtle</onlink></citeinfo></crossref></idinfo>
	<dataqual>
		<attracc>
			<attraccr>All attributes were measured and recorded during the survey and validated by the data provider.</attraccr></attracc>
		<logic>Permissible values for date and time and coordinates were validated by the data provider and the OBIS-SEAMAP data manager. Species identification by the data provider was matched with Integrated Taxonomic Information System.</logic>
		<complete>All observation records are included.</complete><lineage><procstep><procdesc>Data were put through the OBIS-SEAMAP data registration steps.</procdesc><procdate>20171012</procdate></procstep></lineage></dataqual><spdoinfo><direct>Point</direct></spdoinfo><spref><horizsys><geograph>
				<latres>1e-06</latres><longres>1e-06</longres><geogunit>Decimal degrees</geogunit></geograph>
			<geodetic><horizdn>D_WGS_1984</horizdn><ellips>WGS_1984</ellips>
				<semiaxis>6378137.000000</semiaxis><denflat>298.257224</denflat></geodetic></horizsys></spref>

<eainfo><detailed><enttyp><enttypl>Biogeographic data</enttypl><enttypd>Biogeographic data</enttypd><enttypds>Not applicable</enttypds></enttyp><attr><attrlabl>oid</attrlabl><attrdef>Unique ID number (generated by OBIS-SEAMAP)</attrdef><attrdefs>Data provider</attrdefs><attrdomv><udom>Unique ID number (generated by OBIS-SEAMAP)</udom></attrdomv></attr><attr><attrlabl>objectid</attrlabl><attrdef>Internal ID</attrdef><attrdefs>Data provider</attrdefs><attrdomv><rdom><rdommin>2041</rdommin><rdommax>2078</rdommax></rdom></attrdomv></attr><attr><attrlabl>altitudem</attrlabl><attrdef>Altitude in meters (blank)</attrdef><attrdefs>Data provider</attrdefs><attrdomv><udom>Altitude in meters (blank)</udom></attrdomv></attr><attr><attrlabl>angle</attrlabl><attrdef>Angle (blank)</attrdef><attrdefs>Data provider</attrdefs><attrdomv><udom>Angle (blank)</udom></attrdomv></attr><attr><attrlabl>animalheading</attrlabl><attrdef>(blank)</attrdef><attrdefs>Data provider</attrdefs><attrdomv><udom>(blank)</udom></attrdomv></attr><attr><attrlabl>animallatitude</attrlabl><attrdef>(blank)</attrdef><attrdefs>Data provider</attrdefs><attrdomv><udom>(blank)</udom></attrdomv></attr><attr><attrlabl>animallongitude</attrlabl><attrdef>(blank)</attrdef><attrdefs>Data provider</attrdefs><attrdomv><udom>(blank)</udom></attrdomv></attr><attr><attrlabl>bearing</attrlabl><attrdef>Bearing</attrdef><attrdefs>Data provider</attrdefs><attrdomv><rdom/></attrdomv></attr><attr><attrlabl>beaufortscale</attrlabl><attrdef>(blank)</attrdef><attrdefs>Data provider</attrdefs><attrdomv><udom>(blank)</udom></attrdomv></attr><attr><attrlabl>behavioralevent</attrlabl><attrdef>(blank)</attrdef><attrdefs>Data provider</attrdefs><attrdomv><udom>(blank)</udom></attrdomv></attr><attr><attrlabl>calvespercent</attrlabl><attrdef>(blank)</attrdef><attrdefs>Data provider</attrdefs><attrdomv><udom>(blank)</udom></attrdomv></attr><attr><attrlabl>calvestotal</attrlabl><attrdef>(blank)</attrdef><attrdefs>Data provider</attrdefs><attrdomv><udom>(blank)</udom></attrdomv></attr><attr><attrlabl>contract</attrlabl><attrdef>(blank)</attrdef><attrdefs>Data provider</attrdefs><attrdomv><udom>(blank)</udom></attrdomv></attr><attr><attrlabl>obs_date</attrlabl><attrdef>Date of the sighting</attrdef><attrdefs>Data provider</attrdefs><attrdomv><rdom><rdommin>2009-12-08</rdommin><rdommax>2009-12-21</rdommax></rdom></attrdomv></attr><attr><attrlabl>efforttype</attrlabl><attrdef>Effort type (ON or OFF)</attrdef><attrdefs>Data provider</attrdefs><attrdomv><udom>Effort type (ON or OFF)</udom></attrdomv></attr><attr><attrlabl>groupbest</attrlabl><attrdef>Best estimate of group size</attrdef><attrdefs>Data provider</attrdefs><attrdomv><rdom><rdommin>999</rdommin><rdommax>999</rdommax></rdom></attrdomv></attr><attr><attrlabl>grouphigh</attrlabl><attrdef>High estimate of group size</attrdef><attrdefs>Data provider</attrdefs><attrdomv><rdom/></attrdomv></attr><attr><attrlabl>groupid</attrlabl><attrdef>(blank)</attrdef><attrdefs>Data provider</attrdefs><attrdomv><udom>(blank)</udom></attrdomv></attr><attr><attrlabl>grouplow</attrlabl><attrdef>Low estimate of group size</attrdef><attrdefs>Data provider</attrdefs><attrdomv><rdom/></attrdomv></attr><attr><attrlabl>island</attrlabl><attrdef>(blank)</attrdef><attrdefs>Data provider</attrdefs><attrdomv><udom>(blank)</udom></attrdomv></attr><attr><attrlabl>legnumber</attrlabl><attrdef>(blank)</attrdef><attrdefs>Data provider</attrdefs><attrdomv><udom>(blank)</udom></attrdomv></attr><attr><attrlabl>legtype</attrlabl><attrdef>(blank)</attrdef><attrdefs>Data provider</attrdefs><attrdomv><udom>(blank)</udom></attrdomv></attr><attr><attrlabl>notes</attrlabl><attrdef>(blank)</attrdef><attrdefs>Data provider</attrdefs><attrdomv><udom>(blank)</udom></attrdomv></attr><attr><attrlabl>numberreacted</attrlabl><attrdef>(blank)</attrdef><attrdefs>Data provider</attrdefs><attrdomv><udom>(blank)</udom></attrdomv></attr><attr><attrlabl>observer</attrlabl><attrdef>(blank)</attrdef><attrdefs>Data provider</attrdefs><attrdomv><udom>(blank)</udom></attrdomv></attr><attr><attrlabl>observerport</attrlabl><attrdef>(blank)</attrdef><attrdefs>Data provider</attrdefs><attrdomv><udom>(blank)</udom></attrdomv></attr><attr><attrlabl>observerstarboard</attrlabl><attrdef>(blank)</attrdef><attrdefs>Data provider</attrdefs><attrdomv><udom>(blank)</udom></attrdomv></attr><attr><attrlabl>pctime</attrlabl><attrdef>(blank)</attrdef><attrdefs>Data provider</attrdefs><attrdomv><udom>(blank)</udom></attrdomv></attr><attr><attrlabl>percentcloudcover</attrlabl><attrdef>(blank)</attrdef><attrdefs>Data provider</attrdefs><attrdomv><udom>(blank)</udom></attrdomv></attr><attr><attrlabl>photoframes</attrlabl><attrdef>(blank)</attrdef><attrdefs>Data provider</attrdefs><attrdomv><udom>(blank)</udom></attrdomv></attr><attr><attrlabl>photos</attrlabl><attrdef>(blank)</attrdef><attrdefs>Data provider</attrdefs><attrdomv><udom>(blank)</udom></attrdomv></attr><attr><attrlabl>platform</attrlabl><attrdef>Platform (always Vessel)</attrdef><attrdefs>Data provider</attrdefs><attrdomv><udom>Platform (always Vessel)</udom></attrdomv></attr><attr><attrlabl>platformded</attrlabl><attrdef>definition not provided</attrdef><attrdefs>Data provider</attrdefs><attrdomv><udom>definition not provided</udom></attrdomv></attr><attr><attrlabl>platformheadingmagnetic</attrlabl><attrdef>(blank)</attrdef><attrdefs>Data provider</attrdefs><attrdomv><udom>(blank)</udom></attrdomv></attr><attr><attrlabl>platformheadingtrue</attrlabl><attrdef>(blank)</attrdef><attrdefs>Data provider</attrdefs><attrdomv><udom>(blank)</udom></attrdomv></attr><attr><attrlabl>platformlatitude</attrlabl><attrdef>Latitude in decimal degrees</attrdef><attrdefs>Data provider</attrdefs><attrdomv><rdom><rdommin>19.2897400</rdommin><rdommax>20.1574800</rdommax></rdom></attrdomv></attr><attr><attrlabl>platformlongitude</attrlabl><attrdef>Longitude in decimal degrees</attrdef><attrdefs>Data provider</attrdefs><attrdomv><rdom><rdommin>-156.4972500</rdommin><rdommax>-155.9601300</rdommax></rdom></attrdomv></attr><attr><attrlabl>range</attrlabl><attrdef>definition not provided</attrdef><attrdefs>Data provider</attrdefs><attrdomv><rdom/></attrdomv></attr><attr><attrlabl>reaction</attrlabl><attrdef>(blank)</attrdef><attrdefs>Data provider</attrdefs><attrdomv><udom>(blank)</udom></attrdomv></attr><attr><attrlabl>reticle</attrlabl><attrdef>Reticle</attrdef><attrdefs>Data provider</attrdefs><attrdomv><rdom/></attrdomv></attr><attr><attrlabl>sightability</attrlabl><attrdef>(blank)</attrdef><attrdefs>Data provider</attrdefs><attrdomv><udom>(blank)</udom></attrdomv></attr><attr><attrlabl>sightingnumber</attrlabl><attrdef>Sighting number</attrdef><attrdefs>Data provider</attrdefs><attrdomv><rdom><rdommin>1</rdommin><rdommax>6</rdommax></rdom></attrdomv></attr><attr><attrlabl>sightingtype</attrlabl><attrdef>Sighting type (always Standard)</attrdef><attrdefs>Data provider</attrdefs><attrdomv><udom>Sighting type (always Standard)</udom></attrdomv></attr><attr><attrlabl>species</attrlabl><attrdef>Species name recorded</attrdef><attrdefs>Data provider</attrdefs><attrdomv><udom>Species name recorded</udom></attrdomv></attr><attr><attrlabl>speciescode</attrlabl><attrdef>Species code by provider</attrdef><attrdefs>Data provider</attrdefs><attrdomv><udom>Species code by provider</udom></attrdomv></attr><attr><attrlabl>speciescodebw</attrlabl><attrdef>(blank)</attrdef><attrdefs>Data provider</attrdefs><attrdomv><udom>(blank)</udom></attrdomv></attr><attr><attrlabl>speciescomname</attrlabl><attrdef>Species common name</attrdef><attrdefs>Data provider</attrdefs><attrdomv><udom>Species common name</udom></attrdomv></attr><attr><attrlabl>sp_tsn</attrlabl><attrdef>Taxonomic Serial Number added by OBIS-SEAMAP</attrdef><attrdefs>Data provider</attrdefs><attrdomv><rdom><rdommin>180417</rdommin><rdommax>180517</rdommax></rdom></attrdomv></attr><attr><attrlabl>specieshauledout</attrlabl><attrdef>(blank)</attrdef><attrdefs>Data provider</attrdefs><attrdomv><udom>(blank)</udom></attrdomv></attr><attr><attrlabl>speciespossresight</attrlabl><attrdef>(blank)</attrdef><attrdefs>Data provider</attrdefs><attrdomv><udom>(blank)</udom></attrdomv></attr><attr><attrlabl>speciessciname</attrlabl><attrdef>Species scientific name</attrdef><attrdefs>Data provider</attrdefs><attrdomv><udom>Species scientific name</udom></attrdomv></attr><attr><attrlabl>surveycat</attrlabl><attrdef>definition not provided</attrdef><attrdefs>Data provider</attrdefs><attrdomv><udom>definition not provided</udom></attrdomv></attr><attr><attrlabl>surveyid</attrlabl><attrdef>Survey ID</attrdef><attrdefs>Data provider</attrdefs><attrdomv><udom>Survey ID</udom></attrdomv></attr><attr><attrlabl>surveylink</attrlabl><attrdef>definition not provided</attrdef><attrdefs>Data provider</attrdefs><attrdomv><udom>definition not provided</udom></attrdomv></attr><attr><attrlabl>surveytype</attrlabl><attrdef>Survey type</attrdef><attrdefs>Data provider</attrdefs><attrdomv><udom>Survey type</udom></attrdomv></attr><attr><attrlabl>swell</attrlabl><attrdef>swell height</attrdef><attrdefs>Data provider</attrdefs><attrdomv><udom>swell height</udom></attrdomv></attr><attr><attrlabl>obs_time</attrlabl><attrdef>Time of the sighting (local time zone)</attrdef><attrdefs>Data provider</attrdefs><attrdomv><rdom><rdommin>07:33:00</rdommin><rdommax>17:11:00</rdommax></rdom></attrdomv></attr><attr><attrlabl>timeend</attrlabl><attrdef>(blank)</attrdef><attrdefs>Data provider</attrdefs><attrdomv><udom>(blank)</udom></attrdomv></attr><attr><attrlabl>timestamp_</attrlabl><attrdef>(blank)</attrdef><attrdefs>Data provider</attrdefs><attrdomv><udom>(blank)</udom></attrdomv></attr><attr><attrlabl>video</attrlabl><attrdef>(blank)</attrdef><attrdefs>Data provider</attrdefs><attrdomv><udom>(blank)</udom></attrdomv></attr><attr><attrlabl>depth</attrlabl><attrdef>Botom depth in meters</attrdef><attrdefs>Data provider</attrdefs><attrdomv><rdom><rdommin>16.7860430</rdommin><rdommax>4779.9117480</rdommax></rdom></attrdomv></attr><attr><attrlabl>recordno</attrlabl><attrdef>Record Number</attrdef><attrdefs>Data provider</attrdefs><attrdomv><rdom><rdommin>2056</rdommin><rdommax>2093</rdommax></rdom></attrdomv></attr><attr><attrlabl>separator</attrlabl><attrdef>(blank)</attrdef><attrdefs>Data provider</attrdefs><attrdomv><udom>(blank)</udom></attrdomv></attr><attr><attrlabl>aspect</attrlabl><attrdef>(blank)</attrdef><attrdefs>Data provider</attrdefs><attrdomv><udom>(blank)</udom></attrdomv></attr><attr><attrlabl>binoculars</attrlabl><attrdef>(blank)</attrdef><attrdefs>Data provider</attrdefs><attrdomv><udom>(blank)</udom></attrdomv></attr><attr><attrlabl>cargoships</attrlabl><attrdef>(blank)</attrdef><attrdefs>Data provider</attrdefs><attrdomv><udom>(blank)</udom></attrdomv></attr><attr><attrlabl>confidence</attrlabl><attrdef>(blank)</attrdef><attrdefs>Data provider</attrdefs><attrdomv><udom>(blank)</udom></attrdomv></attr><attr><attrlabl>conversionfactor</attrlabl><attrdef>(blank)</attrdef><attrdefs>Data provider</attrdefs><attrdomv><udom>(blank)</udom></attrdomv></attr><attr><attrlabl>crc_number</attrlabl><attrdef>(blank)</attrdef><attrdefs>Data provider</attrdefs><attrdomv><udom>(blank)</udom></attrdomv></attr><attr><attrlabl>cue</attrlabl><attrdef>(blank)</attrdef><attrdefs>Data provider</attrdefs><attrdomv><udom>(blank)</udom></attrdomv></attr><attr><attrlabl>endlatitude</attrlabl><attrdef>(blank)</attrdef><attrdefs>Data provider</attrdefs><attrdomv><udom>(blank)</udom></attrdomv></attr><attr><attrlabl>endlongitude</attrlabl><attrdef>(blank)</attrdef><attrdefs>Data provider</attrdefs><attrdomv><udom>(blank)</udom></attrdomv></attr><attr><attrlabl>eventnumber</attrlabl><attrdef>(blank)</attrdef><attrdefs>Data provider</attrdefs><attrdomv><udom>(blank)</udom></attrdomv></attr><attr><attrlabl>females</attrlabl><attrdef>(blank)</attrdef><attrdefs>Data provider</attrdefs><attrdomv><udom>(blank)</udom></attrdomv></attr><attr><attrlabl>ferries</attrlabl><attrdef>(blank)</attrdef><attrdefs>Data provider</attrdefs><attrdomv><udom>(blank)</udom></attrdomv></attr><attr><attrlabl>fishingboats</attrlabl><attrdef>(blank)</attrdef><attrdefs>Data provider</attrdefs><attrdomv><udom>(blank)</udom></attrdomv></attr><attr><attrlabl>glare</attrlabl><attrdef>(blank)</attrdef><attrdefs>Data provider</attrdefs><attrdomv><udom>(blank)</udom></attrdomv></attr><attr><attrlabl>glareleft</attrlabl><attrdef>(blank)</attrdef><attrdefs>Data provider</attrdefs><attrdomv><udom>(blank)</udom></attrdomv></attr><attr><attrlabl>glaremaxangle</attrlabl><attrdef>(blank)</attrdef><attrdefs>Data provider</attrdefs><attrdomv><udom>(blank)</udom></attrdomv></attr><attr><attrlabl>glareminangle</attrlabl><attrdef>(blank)</attrdef><attrdefs>Data provider</attrdefs><attrdomv><udom>(blank)</udom></attrdomv></attr><attr><attrlabl>glareright</attrlabl><attrdef>(blank)</attrdef><attrdefs>Data provider</attrdefs><attrdomv><udom>(blank)</udom></attrdomv></attr><attr><attrlabl>groupcohesion</attrlabl><attrdef>(blank)</attrdef><attrdefs>Data provider</attrdefs><attrdomv><udom>(blank)</udom></attrdomv></attr><attr><attrlabl>initialbehavior</attrlabl><attrdef>(blank)</attrdef><attrdefs>Data provider</attrdefs><attrdomv><udom>(blank)</udom></attrdomv></attr><attr><attrlabl>juveniles</attrlabl><attrdef>(blank)</attrdef><attrdefs>Data provider</attrdefs><attrdomv><udom>(blank)</udom></attrdomv></attr><attr><attrlabl>males</attrlabl><attrdef>(blank)</attrdef><attrdefs>Data provider</attrdefs><attrdomv><udom>(blank)</udom></attrdomv></attr><attr><attrlabl>militaryvessels</attrlabl><attrdef>(blank)</attrdef><attrdefs>Data provider</attrdefs><attrdomv><udom>(blank)</udom></attrdomv></attr><attr><attrlabl>maxdispersion</attrlabl><attrdef>(blank)</attrdef><attrdefs>Data provider</attrdefs><attrdomv><udom>(blank)</udom></attrdomv></attr><attr><attrlabl>mindispersion</attrlabl><attrdef>(blank)</attrdef><attrdefs>Data provider</attrdefs><attrdomv><udom>(blank)</udom></attrdomv></attr><attr><attrlabl>mixedgroup</attrlabl><attrdef>(blank)</attrdef><attrdefs>Data provider</attrdefs><attrdomv><udom>(blank)</udom></attrdomv></attr><attr><attrlabl>mixedwithsighting</attrlabl><attrdef>(blank)</attrdef><attrdefs>Data provider</attrdefs><attrdomv><udom>(blank)</udom></attrdomv></attr><attr><attrlabl>mixedwithspecies</attrlabl><attrdef>(blank)</attrdef><attrdefs>Data provider</attrdefs><attrdomv><udom>(blank)</udom></attrdomv></attr><attr><attrlabl>motoryachts</attrlabl><attrdef>(blank)</attrdef><attrdefs>Data provider</attrdefs><attrdomv><udom>(blank)</udom></attrdomv></attr><attr><attrlabl>newborns</attrlabl><attrdef>(blank)</attrdef><attrdefs>Data provider</attrdefs><attrdomv><udom>(blank)</udom></attrdomv></attr><attr><attrlabl>numofanimalsmixed</attrlabl><attrdef>(blank)</attrdef><attrdefs>Data provider</attrdefs><attrdomv><udom>(blank)</udom></attrdomv></attr><attr><attrlabl>observeraft</attrlabl><attrdef>(blank)</attrdef><attrdefs>Data provider</attrdefs><attrdomv><udom>(blank)</udom></attrdomv></attr><attr><attrlabl>observerforward</attrlabl><attrdef>(blank)</attrdef><attrdefs>Data provider</attrdefs><attrdomv><udom>(blank)</udom></attrdomv></attr><attr><attrlabl>percentspecies</attrlabl><attrdef>(blank)</attrdef><attrdefs>Data provider</attrdefs><attrdomv><udom>(blank)</udom></attrdomv></attr><attr><attrlabl>reactiontype</attrlabl><attrdef>(blank)</attrdef><attrdefs>Data provider</attrdefs><attrdomv><udom>(blank)</udom></attrdomv></attr><attr><attrlabl>recorder</attrlabl><attrdef>(blank)</attrdef><attrdefs>Data provider</attrdefs><attrdomv><udom>(blank)</udom></attrdomv></attr><attr><attrlabl>sailingboats</attrlabl><attrdef>(blank)</attrdef><attrdefs>Data provider</attrdefs><attrdomv><udom>(blank)</udom></attrdomv></attr><attr><attrlabl>speed</attrlabl><attrdef>(blank)</attrdef><attrdefs>Data provider</attrdefs><attrdomv><udom>(blank)</udom></attrdomv></attr><attr><attrlabl>subgroups</attrlabl><attrdef>(blank)</attrdef><attrdefs>Data provider</attrdefs><attrdomv><udom>(blank)</udom></attrdomv></attr><attr><attrlabl>surveynumber</attrlabl><attrdef>(blank)</attrdef><attrdefs>Data provider</attrdefs><attrdomv><udom>(blank)</udom></attrdomv></attr><attr><attrlabl>surveysegmentid</attrlabl><attrdef>(blank)</attrdef><attrdefs>Data provider</attrdefs><attrdomv><udom>(blank)</udom></attrdomv></attr><attr><attrlabl>surveysegmentno</attrlabl><attrdef>(blank)</attrdef><attrdefs>Data provider</attrdefs><attrdomv><udom>(blank)</udom></attrdomv></attr><attr><attrlabl>unidadults</attrlabl><attrdef>(blank)</attrdef><attrdefs>Data provider</attrdefs><attrdomv><udom>(blank)</udom></attrdomv></attr><attr><attrlabl>unknowntype</attrlabl><attrdef>(blank)</attrdef><attrdefs>Data provider</attrdefs><attrdomv><udom>(blank)</udom></attrdomv></attr><attr><attrlabl>visibility</attrlabl><attrdef>(blank)</attrdef><attrdefs>Data provider</attrdefs><attrdomv><udom>(blank)</udom></attrdomv></attr><attr><attrlabl>visibilityleft</attrlabl><attrdef>(blank)</attrdef><attrdefs>Data provider</attrdefs><attrdomv><udom>(blank)</udom></attrdomv></attr><attr><attrlabl>visibilityright</attrlabl><attrdef>(blank)</attrdef><attrdefs>Data provider</attrdefs><attrdomv><udom>(blank)</udom></attrdomv></attr><attr><attrlabl>weather</attrlabl><attrdef>(blank)</attrdef><attrdefs>Data provider</attrdefs><attrdomv><udom>(blank)</udom></attrdomv></attr><attr><attrlabl>winddirection</attrlabl><attrdef>(blank)</attrdef><attrdefs>Data provider</attrdefs><attrdomv><udom>(blank)</udom></attrdomv></attr><attr><attrlabl>windspeed</attrlabl><attrdef>(blank)</attrdef><attrdefs>Data provider</attrdefs><attrdomv><udom>(blank)</udom></attrdomv></attr><attr><attrlabl>time_text</attrlabl><attrdef>Time in original format (text)</attrdef><attrdefs>Data provider</attrdefs><attrdomv><udom>Time in original format (text)</udom></attrdomv></attr><attr><attrlabl>date_text</attrlabl><attrdef>Date in original format (text)</attrdef><attrdefs>Data provider</attrdefs><attrdomv><rdom><rdommin>2009-12-08</rdommin><rdommax>2009-12-21</rdommax></rdom></attrdomv></attr><attr><attrlabl>geom</attrlabl><attrdef>Geometry field added by OBIS-SEAMAP</attrdef><attrdefs>Data provider</attrdefs><attrdomv><udom>Geometry field added by OBIS-SEAMAP</udom></attrdomv></attr></detailed><overview><eaover>This section explains attributes included in the original dataset.&#13;
OBIS-SEAMAP restricts the attributes available to the public to date/time, lat/lon and species names/counts only.&#13;
Should you need other attributes described here, you are encouraged to contact the data provider.</eaover><eadetcit>HDR Environmental, Operations and Construction, Inc.</eadetcit></overview>
	</eainfo><distinfo>
	<distrib>
		<cntinfo>
			<cntorgp>
				<cntorg>Nicholas School of Environment, Duke Univ.</cntorg>
				<cntper>OBIS-SEAMAP</cntper>
			</cntorgp>
			<cntaddr>
				<addrtype>mailing and physical address</addrtype>
				<address>A328, LSRC</address><city>Durham</city><state>NC</state><postal>27708</postal><country>USA</country>
			</cntaddr>
			<cntvoice>919-613-8021</cntvoice>
			<cntemail>seamap-contact@duke.edu</cntemail>
		</cntinfo>
	</distrib><resdesc>OBIS-SEAMAP Dataset ID 1588</resdesc><distliab>Not to hold OBIS-SEAMAP liable for errors in the data. While we have made every effort to ensure the quality of the database, we cannot guarantee the accuracy of these datasets.&#13;
Also please refer to Use Constraints.</distliab>
	<stdorder>
		<digform>
			<digtinfo>
				<formname>CSV and ESRI shapefile</formname></digtinfo>
			<digtopt>
				<onlinopt>
					<computer>
						<networka>
							<networkr>OBIS-SEAMAP</networkr>
						</networka>
					</computer>
				</onlinopt>
			</digtopt>
		</digform>
		<fees>Free</fees>
		<ordering>Go to the OBIS-SEAMAP web site.</ordering>
	</stdorder>
	

	
</distinfo><metainfo>
	<metd>20171012</metd><metrd>20171012</metrd><metc>
		<cntinfo><cntperp>
	<cntper>Ei Fujioka</cntper>
	<cntorg>Nicholas School, Duke University</cntorg></cntperp><cntaddr><addrtype>mailing and physical address</addrtype><address>A328, LSRC</address><city>Durham</city><state>NC</state><postal>27708</postal><country>USA</country></cntaddr>
			<cntvoice>919-613-8021</cntvoice>
			<cntemail>seamap-contact@duke.edu</cntemail>
			</cntinfo>
	</metc><metstdn>FGDC Content Standards for Digital Geospatial Metadata</metstdn><metstdv>FGDC-STD-001-1998</metstdv><mettc>local time</mettc>
	
	
	
	
	<metextns><onlink>http://www.nbii.gov/</onlink><metprof>Biological Data Profile</metprof></metextns>
	
	</metainfo>
	
</metadata>
