<?xml version="1.0" encoding="UTF-8"?>
<metadata xml:lang="en">
<Esri>
	<MetaID>{999A9551-D701-4CF5-9373-131D3DD8D969}</MetaID>
	<CreaDate>20050512</CreaDate>
	<CreaTime>19291400</CreaTime>
	<SyncOnce>FALSE</SyncOnce>
	<SyncDate>20060710</SyncDate>
	<SyncTime>17161900</SyncTime>
	<ModDate>20060815</ModDate>
	<ModTime>12091700</ModTime>
</Esri>
<idinfo>
	<keywords><theme><themekt>None</themekt><themekey>Onslow Vessel</themekey><themekey>Vessels</themekey><themekey>Sightings</themekey></theme><place><placekt>None</placekt><placekey>North Atlantic</placekey></place></keywords>
	<native Sync="TRUE">Relational database</native>
	<descript>
	<langdata Sync="TRUE">en</langdata>
	<abstract>The United States (US) Navy proposed constructing an Undersea Warfare Training Range (USWTR) along the US Atlantic coast. One of the proposed sites within the Cherry Point (CHPT) OPAREA is an area of 1,713 km2 in Onslow Bay, 87 km from the coast of North Carolina. As part of the Navy's Atlantic Fleet Training and Testing (AFTT) Monitoring Program, shipboard and aerial line transect surveys were implemented in 2007 to estimate density and document distribution and seasonal residency of marine mammals and sea turtles in the proposed USWTR (see &lt;a href=http://seamap.env.duke.edu/datasets/detail/433&gt;"DUML vessel-based line transect surveys for proposed Onslow Bay USWTR site 2007-2010"&lt;/a&gt; dataset). Shipboard line-transect survey methods transitioned to biopsy and photo-identification sampling at the end of April 2011 to address questions of residency and population structure in the CHPT OPAREA. Survey effort was expended along the 200 m depth contour and occasionally around eddies and fronts generated by the Gulf Stream. We are focusing on residency and population structure with our shipboard surveys because we are: &#13;
(1) obtaining adequate data with which to estimate density from aerial line transect sampling;&#13;
(2) interested in addressing questions of residency as photo-identification data from Onslow suggest considerable residency in that area despite minimal sampling. Sightings within this dataset are from shipboard photo-ID and biopsy surveys conducted from 2011-2013.</abstract><purpose>The primary objectives of these surveys are to:&#13;
(1) document species occurrence and examine patterns of residency of marine mammals and turtles in the defined study area,&#13;
(2) determine relatedness among individuals, populations and species within the study area, and&#13;
(3) supplement the visual surveys with acoustic monitoring using a High-frequency Acoustic Recording Package (HARP).</purpose><supplinf>[2016-04-14] Sightings in Aug 2015 were appended. The following columns were added (these columns are blank for the sightings before Aug 2015):&#13;
end_time, end_lat, end_long, behav_state, totminest, totmaxest, mincalves, maxcalves, minyoy, maxyoy, totposid, totnoid, totfinbest, calfposid, calfnoid, calfinbest, yoyposid, comments, photo_notes, sighting_notes, observations, photo_grades, acoustics&#13;
of which totposid, totnoid, totfinbest, calfposid, calfnoid, calfinbest, yoyposid, comments, sighting_notes, observations, photo_grades are blank for Aug 2015.&#13;
&#13;
[2014-03-21] The 2013 data were appended.&#13;
&#13;
[2013-03-19] Additional survey data for the Onslow Bay USWTR site are available on OBIS-SEAMAP in the &lt;a href=http://seamap.env.duke.edu/datasets/detail/433&gt;"DUML vessel-based line transect surveys for proposed Onslow Bay USWTR site 2007-2010"&lt;/a&gt; dataset.</supplinf></descript>
	<citation>
		<citeinfo><origin>Swaim, Z</origin><pubdate>2016</pubdate><title>DUML vessel-based photo-id and biopsy surveys in Onslow Bay CHPT OPAREA 2011-2015</title><onlink>http://seamap.env.duke.edu/dataset/902</onlink><serinfo><sername>OBIS-SEAMAP</sername><issue>902</issue></serinfo><pubinfo><pubplace>http://seamap.env.duke.edu/dataset/902</pubplace><publish>OBIS-SEAMAP</publish></pubinfo><geoform>vector digital data</geoform></citeinfo>
	</citation>
	<timeperd><current>ground condition</current><timeinfo><rngdates><begdate>20110522</begdate><enddate>20150818</enddate></rngdates></timeinfo></timeperd>
	<status><progress>Complete</progress><update>None planned</update></status>
	<spdom><bounding><westbc>-76.83564</westbc><eastbc>-75.65561</eastbc><northbc>34.43333</northbc><southbc>33.5781</southbc></bounding><lboundng><leftbc Sync="TRUE">-76.83564</leftbc><rightbc Sync="TRUE">-75.65561</rightbc><bottombc Sync="TRUE">33.5781</bottombc><topbc Sync="TRUE">34.43333</topbc></lboundng><descgeog>North Atlantic</descgeog></spdom>
	<accconst>Open public unless otherwise noted. See Use Constraints for details.</accconst>
	<useconst>1. Not to use data obtained from OBIS-SEAMAP in any publication, product, or commercial application without proper attribution to the original data provider(s) and OBIS-SEAMAP unless the datasets are explicitly shown under the CC0 policy. Citations or credits are suggested as attribution. If the data you downloaded come from multiple datasets, a citation or credit to each of the datasets is required.&#13;
&#13;
Suggested citation for this dataset:&#13;
&#13;
Swaim, Z. 2016. DUML vessel-based photo-id and biopsy surveys in Onslow Bay CHPT OPAREA 2011-2015. Data downloaded from OBIS-SEAMAP (http://seamap.env.duke.edu/dataset/902) on yyyy-mm-dd.&#13;
&#13;
Suggested citation for OBIS-SEAMAP:&#13;
&#13;
Halpin, P.N., A.J. Read, E. Fujioka, B.D. Best, B. Donnelly, L.J. Hazen, C. Kot, K. Urian, E. LaBrecque, A. Dimatteo, J. Cleary, C. Good, L.B. Crowder, and K.D. Hyrenbach. 2009. OBIS-SEAMAP: The world data center for marine mammal, sea bird, and sea turtle distributions. Oceanography 22(2):104-115&#13;
&#13;
2. To forward the citation of any publication / report that made use of the data / tools provided by OBIS-SEAMAP for inclusion in our list of references.&#13;
&#13;
3. Not to hold OBIS-SEAMAP or the original data providers liable for errors in the data. While we have made every effort to ensure the quality of the database, we cannot guarantee the accuracy of these datasets. &#13;
&#13;
4. The burden for determining fitness for use of the downloaded data for any analyses lies entirely with the user. OBIS-SEAMAP or the original data providers do not support outcomes of your analyses that used the data you downloaded from OBIS-SEAMAP.&#13;
&#13;
5. To consider inclusion of the accompanying transect (effort) dataset if available into the methodology of your analyses.&#13;
&#13;
6. Not to redistribute the data you downloaded from OBIS-SEAMAP through any media without contect from OBIS-SEAMAP and the original data providers unless the datasets are explicitly shown under the CC0 policy.</useconst>
	<natvform Sync="TRUE">Shapefile</natvform>
	
	<ptcontac>
		<cntinfo>
			<cntperp><cntper>Zach Swaim</cntper><cntorg>Duke University</cntorg></cntperp>
			<cntaddr>
				<addrtype>mailing and physical address</addrtype>
			<address>135 Duke Marine Lab Rd.</address><city>Beaufort</city><state>NC</state><postal>28516</postal><country/></cntaddr>
		<cntpos/><cntvoice>unknown</cntvoice><cntemail>Zach.Swaim@duke.edu</cntemail><cntfax/></cntinfo>
	</ptcontac>
<taxonomy><keywtax><taxonkt>Taxon covered</taxonkt><taxonkey>Marine mammals</taxonkey></keywtax><taxonsys><classsys><classcit><citeinfo><origin>Integrated Taxonomic Information System</origin><pubdate>Unknown</pubdate><title>Integrated Taxonomic Information System</title><geoform>Not applicable</geoform><othercit>Downloaded April, 2004</othercit><onlink>http://www.itis.usda.gov/</onlink></citeinfo></classcit></classsys><ider><cntinfo><cntperp><cntper>Refer to the contact information of the dataset</cntper><cntorg>Refer to the contact information of the dataset</cntorg></cntperp><cntaddr><addrtype>mailing and physical address</addrtype><address>Refer to the contact information of the dataset</address><city>Refer to the contact information of the dataset</city><state>Refer to the contact information of the dataset</state><postal>Refer to the contact information of the dataset</postal><country>Refer to the contact information of the dataset</country></cntaddr><cntvoice>Not provided</cntvoice></cntinfo></ider><taxonpro>Identified by observers or researchers conducting the survey</taxonpro></taxonsys><taxoncl><taxonrn>Kingdom</taxonrn><taxonrv>Animalia</taxonrv><taxoncl><taxonrn>Phylum</taxonrn><taxonrv>Chordata</taxonrv><taxoncl><taxonrn>Subphylum</taxonrn><taxonrv>Vertebrata</taxonrv><taxoncl><taxonrn>Class</taxonrn><taxonrv>Reptilia</taxonrv><taxoncl><taxonrn>Order</taxonrn><taxonrv>Testudines</taxonrv><taxoncl><taxonrn>Suborder</taxonrn><taxonrv>Cryptodira</taxonrv><taxoncl><taxonrn>Superfamily</taxonrn><taxonrv>Chelonioidea</taxonrv><taxoncl><taxonrn>Family</taxonrn><taxonrv>Cheloniidae</taxonrv><taxoncl><taxonrn>Subfamily</taxonrn><taxonrv>Carettinae</taxonrv><taxoncl><taxonrn>Genus</taxonrn><taxonrv>Caretta</taxonrv><taxoncl><taxonrn>Species</taxonrn><taxonrv>Caretta caretta</taxonrv></taxoncl></taxoncl></taxoncl></taxoncl></taxoncl></taxoncl></taxoncl></taxoncl><taxoncl><taxonrn>Class</taxonrn><taxonrv>Mammalia</taxonrv><taxoncl><taxonrn>Subclass</taxonrn><taxonrv>Theria</taxonrv><taxoncl><taxonrn>Infraclass</taxonrn><taxonrv>Eutheria</taxonrv><taxoncl><taxonrn>Order</taxonrn><taxonrv>Cetacea</taxonrv><taxoncl><taxonrn>Suborder</taxonrn><taxonrv>Odontoceti</taxonrv><taxoncl><taxonrn>Family</taxonrn><taxonrv>Delphinidae</taxonrv><taxoncl><taxonrn>Genus</taxonrn><taxonrv>Globicephala</taxonrv><taxoncl><taxonrn>Species</taxonrn><taxonrv>Globicephala macrorhynchus</taxonrv></taxoncl></taxoncl><taxoncl><taxonrn>Genus</taxonrn><taxonrv>Grampus</taxonrv><taxoncl><taxonrn>Species</taxonrn><taxonrv>Grampus griseus</taxonrv></taxoncl></taxoncl><taxoncl><taxonrn>Genus</taxonrn><taxonrv>Stenella</taxonrv><taxoncl><taxonrn>Species</taxonrn><taxonrv>Stenella frontalis</taxonrv></taxoncl></taxoncl><taxoncl><taxonrn>Genus</taxonrn><taxonrv>Tursiops</taxonrv><taxoncl><taxonrn>Species</taxonrn><taxonrv>Tursiops truncatus</taxonrv></taxoncl></taxoncl></taxoncl><taxoncl><taxonrn>Family</taxonrn><taxonrv>Hyperoodontidae</taxonrv><taxoncl><taxonrn>Genus</taxonrn><taxonrv>Mesoplodon</taxonrv></taxoncl></taxoncl></taxoncl></taxoncl></taxoncl></taxoncl></taxoncl></taxoncl></taxoncl></taxoncl></taxonomy><datacred>Duke University Marine Laboratory</datacred><crossref><citeinfo><origin>Halpin, P.N., A.J. Read, E. Fujioka, B.D. Best, B. Donnelly, L.J. Hazen, C. Kot, K. Urian, E. LaBrecque, A. Dimatteo, J. Cleary, C. Good, L.B. Crowder, and K.D. Hyrenbach</origin><pubdate>2009</pubdate><title>OBIS-SEAMAP: The world data center for marine mammal, sea bird, and sea turtle distributions</title><geoform>vector digital data</geoform><serinfo><sername>Oceanography</sername><issue>22(2):104-115</issue></serinfo><onlink>http://www.tos.org/oceanography/article/obis-seamap-the-world-data-center-for-marine-mammal-sea-bird-and-sea-turtle</onlink></citeinfo></crossref></idinfo>

<metainfo>
	<langmeta Sync="TRUE">en</langmeta>
	<metstdn Sync="TRUE">FGDC Content Standards for Digital Geospatial Metadata</metstdn>
	<metstdv Sync="TRUE">FGDC-STD-001-1998</metstdv>
	<mettc Sync="TRUE">local time</mettc>
	<metc>
		<cntinfo>
			<cntorgp>
			<cntper>Ei Fujioka</cntper>
			<cntorg>Nicholas School of Environment, Duke University</cntorg>
			</cntorgp>
			<cntaddr><addrtype>mailing and physical address</addrtype><city>Durham</city><state>NC</state><postal>27708</postal><address>A328, LSRC</address><country>USA</country></cntaddr>
			<cntvoice>919-613-8021</cntvoice>
			<cntemail>seamap-contact@duke.edu</cntemail>
		<cntperp><cntper>Connie Kot</cntper><cntorg>Duke University</cntorg></cntperp><cntpos/></cntinfo>
	</metc>
	<metextns><onlink>http://www.nbii.gov/</onlink><metprof>Biological Data Profile</metprof></metextns><metextns><onlink Sync="TRUE">http://www.esri.com/metadata/esriprof80.html</onlink><metprof Sync="TRUE">ESRI Metadata Profile</metprof></metextns>
	<metd>20220307</metd>
<metrd>20220307</metrd></metainfo>

<mdLang><languageCode Sync="TRUE" value="en"/></mdLang>
<mdStanName Sync="TRUE">ISO 19115 Geographic Information - Metadata</mdStanName><mdStanVer Sync="TRUE">DIS_ESRI1.0</mdStanVer><mdChar><CharSetCd Sync="TRUE" value="004"/></mdChar><mdHrLv><ScopeCd Sync="TRUE" value="005"/></mdHrLv><mdHrLvName Sync="TRUE">dataset</mdHrLvName>

<distinfo>
	<resdesc Sync="TRUE">OBIS-SEAMAP Dataset ID 902</resdesc>
	<stdorder>
		<digform>
			<digtinfo>
				<transize Sync="TRUE">0.021</transize>
				<dssize Sync="TRUE">0.021</dssize>
			</digtinfo>
			<digtopt>
				<onlinopt>
					<computer>
						<networka>
							<networkr>OBIS-SEAMAP</networkr>
						</networka>
					</computer>
				</onlinopt>
			</digtopt>
		</digform>
		<fees>Free</fees>
		<ordering>Go to the OBIS-SEAMAP web site and click on [Datasets] tab appearing on upper left.</ordering>
	</stdorder>
	<distrib>
		<cntinfo>
			<cntorgp>
				<cntorg>Nicholas School of Environment, Duke Univ.</cntorg>
				<cntper>OBIS-SEAMAP</cntper>
			</cntorgp>
			<cntaddr>
				<addrtype>mailing and physical address</addrtype>
				<city>Durham</city><state>NC</state><country>USA</country><address>A328, LSRC</address><postal>27708</postal>
			</cntaddr>
			<cntvoice>919-613-8021</cntvoice>
			<cntemail>seamap-contact@duke.edu</cntemail>
		<cntpos/><cntefax/></cntinfo>
	</distrib>

	<distliab>Not to hold OBIS-SEAMAP liable for errors in the data. While we have made every effort to ensure the quality of the database, we cannot guarantee the accuracy of these datasets.&#13;
Also please refer to Use Constraints.</distliab>
</distinfo>

	<distInfo>
		<distributor><distorTran>
				<onLineSrc><orDesc Sync="TRUE">002</orDesc>
					<protocol Sync="TRUE">Local Area Network</protocol>
				</onLineSrc>
				<transSize Sync="TRUE">0.021</transSize></distorTran>
			<distorFormat><formatName Sync="TRUE">Shapefile</formatName></distorFormat>
		</distributor></distInfo>
	<spdoinfo><direct Sync="TRUE">Vector</direct><ptvctinf>
		</ptvctinf></spdoinfo>
	<spref><horizsys><cordsysn><geogcsn>GCS_WGS_1984</geogcsn></cordsysn><geograph><geogunit>Decimal degrees</geogunit><latres>1e-05</latres><longres>1e-05</longres></geograph><geodetic><horizdn>D_WGS_1984</horizdn><ellips>WGS_1984</ellips><semiaxis>6378137.000000</semiaxis><denflat>298.257224</denflat></geodetic></horizsys></spref><refSysInfo><RefSystem><refSysID><identCode Sync="TRUE">GCS_WGS_1984</identCode></refSysID></RefSystem></refSysInfo><spatRepInfo><VectSpatRep><topLvl><TopoLevCd Sync="TRUE" value="001"/></topLvl>
		</VectSpatRep>
	</spatRepInfo><eainfo><overview><eaover>This section explains attributes included in the original dataset.&#13;
OBIS-SEAMAP restricts the attributes available to the public to date/time, lat/lon and species names/counts only.&#13;
Should you need other attributes described here, you are encouraged to contact the data provider.</eaover><eadetcit>Duke University Marine Laboratory</eadetcit></overview><detailed><enttyp><enttypl>Biogeographic data</enttypl><enttypd>Biogeographic data</enttypd><enttypds>Not applicable</enttypds></enttyp><attr><attrlabl>oid</attrlabl><attrdef>Unique ID number (generated by OBIS-SEAMAP)</attrdef><attrdefs>Data provider</attrdefs><attrdomv><udom>Unique ID number (generated by OBIS-SEAMAP)</udom></attrdomv></attr><attr><attrlabl>obs_date</attrlabl><attrdef>Date of observation</attrdef><attrdefs>Data provider</attrdefs><attrdomv><rdom><rdommin>2011-05-22</rdommin><rdommax>2015-08-18</rdommax></rdom></attrdomv></attr><attr><attrlabl>sightno</attrlabl><attrdef>Sighting number</attrdef><attrdefs>Data provider</attrdefs><attrdomv><udom>Sighting number</udom></attrdomv></attr><attr><attrlabl>obs_time</attrlabl><attrdef>Time of the observation (local time zone)</attrdef><attrdefs>Data provider</attrdefs><attrdomv><rdom><rdommin>07:30:00</rdommin><rdommax>15:13:00</rdommax></rdom></attrdomv></attr><attr><attrlabl>location2</attrlabl><attrdef>AFTT area location</attrdef><attrdefs>Data provider</attrdefs><attrdomv><udom>AFTT area location</udom></attrdomv></attr><attr><attrlabl>location</attrlabl><attrdef>Location</attrdef><attrdefs>Data provider</attrdefs><attrdomv><udom>Location</udom></attrdomv></attr><attr><attrlabl>project</attrlabl><attrdef>Project name</attrdef><attrdefs>Data provider</attrdefs><attrdomv><udom>Project name</udom></attrdomv></attr><attr><attrlabl>latitude</attrlabl><attrdef>Latitude in decimal degrees</attrdef><attrdefs>Data provider</attrdefs><attrdomv><rdom><rdommin>33.578100</rdommin><rdommax>34.433330</rdommax></rdom></attrdomv></attr><attr><attrlabl>longitude</attrlabl><attrdef>Longitude in decimal degrees</attrdef><attrdefs>Data provider</attrdefs><attrdomv><rdom><rdommin>-76.835640</rdommin><rdommax>-75.655610</rdommax></rdom></attrdomv></attr><attr><attrlabl>beauscale</attrlabl><attrdef>Beaufort sea state</attrdef><attrdefs>Data provider</attrdefs><attrdomv><edom><edomv>1</edomv><edomvd>Beaufort sea state 1</edomvd><edomvds>Data provider</edomvds></edom><edom><edomv>2</edomv><edomvd>Beaufort sea state 2</edomvd><edomvds>Data provider</edomvds></edom><edom><edomv>3</edomv><edomvd>Beaufort sea state 3</edomvd><edomvds>Data provider</edomvds></edom><edom><edomv>4</edomv><edomvd>Beaufort sea state 4</edomvd><edomvds>Data provider</edomvds></edom></attrdomv></attr><attr><attrlabl>bottom_depth</attrlabl><attrdef>Bottom depth im meters</attrdef><attrdefs>Data provider</attrdefs><attrdomv><rdom><rdommin>30.00</rdommin><rdommax>2231.10</rdommax></rdom></attrdomv></attr><attr><attrlabl>watertemp</attrlabl><attrdef>Water Temperature (degrees Celsius)</attrdef><attrdefs>Data provider</attrdefs><attrdomv><rdom><rdommin>15.10</rdommin><rdommax>29.60</rdommax></rdom></attrdomv></attr><attr><attrlabl>sp_obs</attrlabl><attrdef>Species observed</attrdef><attrdefs>Data provider</attrdefs><attrdomv><udom>Species observed</udom></attrdomv></attr><attr><attrlabl>sp_tsn</attrlabl><attrdef>Taxonomic Serial Number added by OBIS-SEAMAP</attrdef><attrdefs>Data provider</attrdefs><attrdomv><codesetd><codesetn>Taxonomic Serial Number added by OBIS-SEAMAP</codesetn><codesets>Data provider</codesets></codesetd></attrdomv></attr><attr><attrlabl>obs_count</attrlabl><attrdef>Number of animals observed</attrdef><attrdefs>Data provider</attrdefs><attrdomv><rdom><rdommin>1</rdommin><rdommax>150</rdommax></rdom></attrdomv></attr><attr><attrlabl>bestcalves</attrlabl><attrdef>Best estimate of calves</attrdef><attrdefs>Data provider</attrdefs><attrdomv><rdom><rdommin>0</rdommin><rdommax>15</rdommax></rdom></attrdomv></attr><attr><attrlabl>bestyoy</attrlabl><attrdef>Best estimate of young of year</attrdef><attrdefs>Data provider</attrdefs><attrdomv><rdom><rdommin>0</rdommin><rdommax>6</rdommax></rdom></attrdomv></attr><attr><attrlabl>photos</attrlabl><attrdef>Number of photos</attrdef><attrdefs>Data provider</attrdefs><attrdomv><rdom><rdommin>0</rdommin><rdommax>536</rdommax></rdom></attrdomv></attr><attr><attrlabl>end_time</attrlabl><attrdef>End time (local time zone)</attrdef><attrdefs>Data provider</attrdefs><attrdomv><rdom><rdommin>13:09:00</rdommin><rdommax>13:09:00</rdommax></rdom></attrdomv></attr><attr><attrlabl>end_lat</attrlabl><attrdef>End latitude in decimal degrees</attrdef><attrdefs>Data provider</attrdefs><attrdomv><rdom><rdommin>34.098630</rdommin><rdommax>34.190820</rdommax></rdom></attrdomv></attr><attr><attrlabl>end_long</attrlabl><attrdef>End longitude in decimal degrees</attrdef><attrdefs>Data provider</attrdefs><attrdomv><rdom><rdommin>-76.766970</rdommin><rdommax>-76.585270</rdommax></rdom></attrdomv></attr><attr><attrlabl>behav_state</attrlabl><attrdef>Behavior state</attrdef><attrdefs>Data provider</attrdefs><attrdomv><codesetd><codesetn>Behavior state</codesetn><codesets>Data provider</codesets></codesetd></attrdomv></attr><attr><attrlabl>totminest</attrlabl><attrdef>Minimum total group size</attrdef><attrdefs>Data provider</attrdefs><attrdomv><rdom><rdommin>4</rdommin><rdommax>11</rdommax></rdom></attrdomv></attr><attr><attrlabl>totmaxest</attrlabl><attrdef>Maximum total group size</attrdef><attrdefs>Data provider</attrdefs><attrdomv><rdom><rdommin>4</rdommin><rdommax>15</rdommax></rdom></attrdomv></attr><attr><attrlabl>mincalves</attrlabl><attrdef>Minimum number of calves</attrdef><attrdefs>Data provider</attrdefs><attrdomv><rdom><rdommin>1</rdommin><rdommax>2</rdommax></rdom></attrdomv></attr><attr><attrlabl>maxcalves</attrlabl><attrdef>Maximum number of calves</attrdef><attrdefs>Data provider</attrdefs><attrdomv><rdom><rdommin>1</rdommin><rdommax>3</rdommax></rdom></attrdomv></attr><attr><attrlabl>minyoy</attrlabl><attrdef>Minimum number of young of the year</attrdef><attrdefs>Data provider</attrdefs><attrdomv><rdom><rdommin>0</rdommin><rdommax>0</rdommax></rdom></attrdomv></attr><attr><attrlabl>maxyoy</attrlabl><attrdef>Maximum number of young of the year</attrdef><attrdefs>Data provider</attrdefs><attrdomv><rdom><rdommin>0</rdommin><rdommax>0</rdommax></rdom></attrdomv></attr><attr><attrlabl>totposid</attrlabl><attrdef>Not used</attrdef><attrdefs>Data provider</attrdefs><attrdomv><udom>Not used</udom></attrdomv></attr><attr><attrlabl>totnoid</attrlabl><attrdef>Not used</attrdef><attrdefs>Data provider</attrdefs><attrdomv><udom>Not used</udom></attrdomv></attr><attr><attrlabl>totfinbest</attrlabl><attrdef>Not used</attrdef><attrdefs>Data provider</attrdefs><attrdomv><udom>Not used</udom></attrdomv></attr><attr><attrlabl>calfposid</attrlabl><attrdef>Not used</attrdef><attrdefs>Data provider</attrdefs><attrdomv><udom>Not used</udom></attrdomv></attr><attr><attrlabl>calfnoid</attrlabl><attrdef>Not used</attrdef><attrdefs>Data provider</attrdefs><attrdomv><udom>Not used</udom></attrdomv></attr><attr><attrlabl>calfinbest</attrlabl><attrdef>Not used</attrdef><attrdefs>Data provider</attrdefs><attrdomv><udom>Not used</udom></attrdomv></attr><attr><attrlabl>yoyposid</attrlabl><attrdef>Not used</attrdef><attrdefs>Data provider</attrdefs><attrdomv><udom>Not used</udom></attrdomv></attr><attr><attrlabl>comments</attrlabl><attrdef>Comments</attrdef><attrdefs>Data provider</attrdefs><attrdomv><udom>Comments</udom></attrdomv></attr><attr><attrlabl>photo_notes</attrlabl><attrdef>Notes for the photos</attrdef><attrdefs>Data provider</attrdefs><attrdomv><udom>Notes for the photos</udom></attrdomv></attr><attr><attrlabl>sighting_notes</attrlabl><attrdef>Sighting notes</attrdef><attrdefs>Data provider</attrdefs><attrdomv><udom>Sighting notes</udom></attrdomv></attr><attr><attrlabl>observations</attrlabl><attrdef>Observations</attrdef><attrdefs>Data provider</attrdefs><attrdomv><udom>Observations</udom></attrdomv></attr><attr><attrlabl>photo_grades</attrlabl><attrdef>Photo grades</attrdef><attrdefs>Data provider</attrdefs><attrdomv><udom>Photo grades</udom></attrdomv></attr><attr><attrlabl>acoustics</attrlabl><attrdef>Flag to acoustic data</attrdef><attrdefs>Data provider</attrdefs><attrdomv><udom>Flag to acoustic data</udom></attrdomv></attr><attr><attrlabl>geom</attrlabl><attrdef>Geometry field added by OBIS-SEAMAP</attrdef><attrdefs>Data provider</attrdefs><attrdomv><udom>Geometry field added by OBIS-SEAMAP</udom></attrdomv></attr></detailed></eainfo><mdDateSt Sync="TRUE">20060815</mdDateSt>
	<dataqual><posacc><horizpa><horizpar/></horizpa><vertacc><vertaccr/></vertacc></posacc><attracc><attraccr>All attributes were measured and recorded during the survey and validated by the data provider.&#13;
&#13;
'na' in 'bestcalves', 'bestyoy' were replaced with null.</attraccr></attracc><complete>All observation records are included.</complete><logic>Permissible values for date and time and coordinates were validated by the data provider and the OBIS-SEAMAP data manager. Species identification by the data provider was matched with Integrated Taxonomic Information System.</logic><lineage><procstep><procdesc>Data were put through the OBIS-SEAMAP data registration steps.</procdesc><procdate>20160414</procdate></procstep></lineage></dataqual>
</metadata>
