<?xml version="1.0" encoding="UTF-8"?>
<!DOCTYPE xml>
<metadata xml:lang="en">
<idinfo>
	<citation>
		<citeinfo>
		<origin>Cotter, M. P</origin><pubdate>2020</pubdate><title>VACAPES NFC Aerial Surveys 2018-2019</title><geoform>vector digital data</geoform><serinfo><sername>OBIS-SEAMAP</sername><issue>2059</issue></serinfo><pubinfo><pubplace>http://seamap.env.duke.edu/dataset/2059</pubplace><publish>OBIS-SEAMAP</publish></pubinfo><onlink>http://seamap.env.duke.edu/dataset/2059</onlink></citeinfo>
	</citation><descript>
	<abstract>Data in this dataset represent animal sightings that occurred during aerial marine species monitoring surveys beginning in April 2018 through August 2019 conducted in the NFC (Norfolk Canyon) study area off the coast of Virginia Beach, VA. Twenty-three days of aerial surveys were completed between 4/09/2018 – 08/12/2019. Work was performed under HDR task order 18F4019 (IDIQ contract award N62470-15-D-8006, NAVFAC LANT).</abstract><purpose>Please contact data provider</purpose><supplinf>Survey tracklines are available as a static layer.</supplinf></descript><timeperd><timeinfo><rngdates><begdate>20180409</begdate><enddate>20190812</enddate></rngdates></timeinfo><current>ground condition</current></timeperd><status><progress>Complete</progress><update>None planned</update></status><spdom><descgeog>North Atlantic</descgeog><bounding><westbc>-76.077675</westbc><eastbc>-74.293938</eastbc><northbc>37.33705</northbc><southbc>36.178883</southbc></bounding>
	</spdom><keywords><theme><themekt>None</themekt><themekey>VACAPES Aerial</themekey><themekey>Marine Animal Survey</themekey><themekey>Marine Biology</themekey><themekey>Marine mammals</themekey><themekey>Sea turtles</themekey><themekey>Visual Sighting</themekey><themekey>Aircraft</themekey></theme><place><placekt>None</placekt><placekey>North Atlantic</placekey></place></keywords><taxonomy><keywtax><taxonkt>Taxon covered</taxonkt><taxonkey>Marine mammals</taxonkey><taxonkey>Sea turtles</taxonkey><taxonkey>Rays and sharks</taxonkey></keywtax><taxonsys><classsys><classcit><citeinfo><origin>Integrated Taxonomic Information System</origin><pubdate>Unknown</pubdate><title>Integrated Taxonomic Information System</title><geoform>Not applicable</geoform><othercit>Downloaded April, 2004</othercit><onlink>http://www.itis.usda.gov/</onlink></citeinfo></classcit></classsys><ider><cntinfo><cntperp><cntper>Refer to the contact information of the dataset</cntper><cntorg>Refer to the contact information of the dataset</cntorg></cntperp><cntaddr><addrtype>mailing and physical address</addrtype><address>Refer to the contact information of the dataset</address><city>Refer to the contact information of the dataset</city><state>Refer to the contact information of the dataset</state><postal>Refer to the contact information of the dataset</postal><country>Refer to the contact information of the dataset</country></cntaddr><cntvoice>Not provided</cntvoice></cntinfo></ider><taxonpro>Identified by observers or researchers conducting the survey</taxonpro></taxonsys><taxoncl><taxonrn>Kingdom</taxonrn><taxonrv>Animalia</taxonrv><taxoncl><taxonrn>Phylum</taxonrn><taxonrv>Chordata</taxonrv><taxoncl><taxonrn>Subphylum</taxonrn><taxonrv>Vertebrata</taxonrv><taxoncl><taxonrn>Class</taxonrn><taxonrv>Mammalia</taxonrv><taxoncl><taxonrn>Subclass</taxonrn><taxonrv>Theria</taxonrv><taxoncl><taxonrn>Infraclass</taxonrn><taxonrv>Eutheria</taxonrv><taxoncl><taxonrn>Order</taxonrn><taxonrv>Cetacea</taxonrv><taxoncl><taxonrn>Suborder</taxonrn><taxonrv>Mysticeti</taxonrv><taxoncl><taxonrn>Family</taxonrn><taxonrv>Balaenopteridae</taxonrv><taxoncl><taxonrn>Genus</taxonrn><taxonrv>Balaenoptera</taxonrv><taxoncl><taxonrn>Species</taxonrn><taxonrv>Balaenoptera acutorostrata</taxonrv></taxoncl><taxoncl><taxonrn>Species</taxonrn><taxonrv>Balaenoptera borealis</taxonrv></taxoncl><taxoncl><taxonrn>Species</taxonrn><taxonrv>Balaenoptera musculus</taxonrv></taxoncl><taxoncl><taxonrn>Species</taxonrn><taxonrv>Balaenoptera physalus</taxonrv></taxoncl></taxoncl><taxoncl><taxonrn>Genus</taxonrn><taxonrv>Megaptera</taxonrv><taxoncl><taxonrn>Species</taxonrn><taxonrv>Megaptera novaeangliae</taxonrv></taxoncl></taxoncl></taxoncl><taxoncl><taxonrn>Family</taxonrn><taxonrv>Balaenidae</taxonrv><taxoncl><taxonrn>Genus</taxonrn><taxonrv>Eubalaena</taxonrv><taxoncl><taxonrn>Species</taxonrn><taxonrv>Eubalaena glacialis</taxonrv></taxoncl></taxoncl></taxoncl></taxoncl><taxoncl><taxonrn>Suborder</taxonrn><taxonrv>Odontoceti</taxonrv><taxoncl><taxonrn>Family</taxonrn><taxonrv>Delphinidae</taxonrv><taxoncl><taxonrn>Genus</taxonrn><taxonrv>Delphinus</taxonrv><taxoncl><taxonrn>Species</taxonrn><taxonrv>Delphinus delphis</taxonrv></taxoncl></taxoncl><taxoncl><taxonrn>Genus</taxonrn><taxonrv>Globicephala</taxonrv><taxoncl><taxonrn>Species</taxonrn><taxonrv>Globicephala macrorhynchus</taxonrv></taxoncl></taxoncl><taxoncl><taxonrn>Genus</taxonrn><taxonrv>Grampus</taxonrv><taxoncl><taxonrn>Species</taxonrn><taxonrv>Grampus griseus</taxonrv></taxoncl></taxoncl><taxoncl><taxonrn>Genus</taxonrn><taxonrv>Stenella</taxonrv><taxoncl><taxonrn>Species</taxonrn><taxonrv>Stenella coeruleoalba</taxonrv></taxoncl><taxoncl><taxonrn>Species</taxonrn><taxonrv>Stenella frontalis</taxonrv></taxoncl></taxoncl><taxoncl><taxonrn>Genus</taxonrn><taxonrv>Tursiops</taxonrv><taxoncl><taxonrn>Species</taxonrn><taxonrv>Tursiops truncatus</taxonrv></taxoncl></taxoncl></taxoncl><taxoncl><taxonrn>Family</taxonrn><taxonrv>Hyperoodontidae</taxonrv><taxoncl><taxonrn>Genus</taxonrn><taxonrv>Mesoplodon</taxonrv><taxoncl><taxonrn>Species</taxonrn><taxonrv>Mesoplodon bidens</taxonrv></taxoncl><taxoncl><taxonrn>Species</taxonrn><taxonrv>Mesoplodon mirus</taxonrv></taxoncl></taxoncl></taxoncl><taxoncl><taxonrn>Family</taxonrn><taxonrv>Kogiidae</taxonrv><taxoncl><taxonrn>Genus</taxonrn><taxonrv>Kogia</taxonrv><taxoncl><taxonrn>Species</taxonrn><taxonrv>Kogia sima</taxonrv></taxoncl></taxoncl></taxoncl><taxoncl><taxonrn>Family</taxonrn><taxonrv>Physeteridae</taxonrv><taxoncl><taxonrn>Genus</taxonrn><taxonrv>Physeter</taxonrv><taxoncl><taxonrn>Species</taxonrn><taxonrv>Physeter macrocephalus</taxonrv></taxoncl></taxoncl></taxoncl></taxoncl></taxoncl></taxoncl></taxoncl></taxoncl><taxoncl><taxonrn>Class</taxonrn><taxonrv>Chondrichthyes</taxonrv><taxoncl><taxonrn>Subclass</taxonrn><taxonrv>Elasmobranchii</taxonrv><taxoncl><taxonrn>Superorder</taxonrn><taxonrv>Euselachii</taxonrv><taxoncl><taxonrn>Order</taxonrn><taxonrv>Lamniformes</taxonrv><taxoncl><taxonrn>Family</taxonrn><taxonrv>Lamnidae</taxonrv><taxoncl><taxonrn>Genus</taxonrn><taxonrv>Carcharodon</taxonrv><taxoncl><taxonrn>Species</taxonrn><taxonrv>Carcharodon carcharias</taxonrv></taxoncl></taxoncl></taxoncl><taxoncl><taxonrn>Family</taxonrn><taxonrv>Cetorhinidae</taxonrv><taxoncl><taxonrn>Genus</taxonrn><taxonrv>Cetorhinus</taxonrv><taxoncl><taxonrn>Species</taxonrn><taxonrv>Cetorhinus maximus</taxonrv></taxoncl></taxoncl></taxoncl></taxoncl><taxoncl><taxonrn>Order</taxonrn><taxonrv>Myliobatiformes</taxonrv><taxoncl><taxonrn>Family</taxonrn><taxonrv>Mobulidae</taxonrv><taxoncl><taxonrn>Genus</taxonrn><taxonrv>Manta</taxonrv></taxoncl><taxoncl><taxonrn>Genus</taxonrn><taxonrv>Mobula</taxonrv><taxoncl><taxonrn>Species</taxonrn><taxonrv>Mobula mobular</taxonrv></taxoncl></taxoncl></taxoncl><taxoncl><taxonrn>Family</taxonrn><taxonrv>Rhinopteridae</taxonrv><taxoncl><taxonrn>Genus</taxonrn><taxonrv>Rhinoptera</taxonrv><taxoncl><taxonrn>Species</taxonrn><taxonrv>Rhinoptera bonasus</taxonrv></taxoncl></taxoncl></taxoncl></taxoncl><taxoncl><taxonrn>Order</taxonrn><taxonrv>Carcharhiniformes</taxonrv><taxoncl><taxonrn>Family</taxonrn><taxonrv>Carcharhinidae</taxonrv><taxoncl><taxonrn>Genus</taxonrn><taxonrv>Prionace</taxonrv><taxoncl><taxonrn>Species</taxonrn><taxonrv>Prionace glauca</taxonrv></taxoncl></taxoncl></taxoncl><taxoncl><taxonrn>Family</taxonrn><taxonrv>Sphyrnidae</taxonrv><taxoncl><taxonrn>Genus</taxonrn><taxonrv>Sphyrna</taxonrv></taxoncl></taxoncl></taxoncl><taxoncl><taxonrn>Order</taxonrn><taxonrv>Orectolobiformes</taxonrv><taxoncl><taxonrn>Family</taxonrn><taxonrv>Rhincodontidae</taxonrv><taxoncl><taxonrn>Genus</taxonrn><taxonrv>Rhincodon</taxonrv><taxoncl><taxonrn>Species</taxonrn><taxonrv>Rhincodon typus</taxonrv></taxoncl></taxoncl></taxoncl></taxoncl></taxoncl></taxoncl></taxoncl><taxoncl><taxonrn>Class</taxonrn><taxonrv>Reptilia</taxonrv><taxoncl><taxonrn>Order</taxonrn><taxonrv>Testudines</taxonrv><taxoncl><taxonrn>Suborder</taxonrn><taxonrv>Cryptodira</taxonrv><taxoncl><taxonrn>Superfamily</taxonrn><taxonrv>Chelonioidea</taxonrv><taxoncl><taxonrn>Family</taxonrn><taxonrv>Cheloniidae</taxonrv><taxoncl><taxonrn>Subfamily</taxonrn><taxonrv>Carettinae</taxonrv><taxoncl><taxonrn>Genus</taxonrn><taxonrv>Caretta</taxonrv><taxoncl><taxonrn>Species</taxonrn><taxonrv>Caretta caretta</taxonrv></taxoncl></taxoncl><taxoncl><taxonrn>Genus</taxonrn><taxonrv>Lepidochelys</taxonrv><taxoncl><taxonrn>Species</taxonrn><taxonrv>Lepidochelys kempii</taxonrv></taxoncl></taxoncl></taxoncl></taxoncl><taxoncl><taxonrn>Family</taxonrn><taxonrv>Dermochelyidae</taxonrv><taxoncl><taxonrn>Genus</taxonrn><taxonrv>Dermochelys</taxonrv><taxoncl><taxonrn>Species</taxonrn><taxonrv>Dermochelys coriacea</taxonrv></taxoncl></taxoncl></taxoncl></taxoncl></taxoncl></taxoncl></taxoncl></taxoncl></taxoncl></taxoncl></taxonomy>
	<accconst>Open public unless otherwise noted. See Use Constraints for details.</accconst>
	<useconst>1. Not to use data obtained from OBIS-SEAMAP in any publication, product, or commercial application without proper attribution to the original data provider(s) and OBIS-SEAMAP unless the datasets are explicitly shown under the CC0 policy. Citations or credits are suggested as attribution. If the data you downloaded come from multiple datasets, a citation or credit to each of the datasets is required.&#13;
&#13;
Suggested citation for this dataset:&#13;
&#13;
Cotter, M. P. 2020. VACAPES NFC Aerial Surveys 2018-2019. Data downloaded from OBIS-SEAMAP (http://seamap.env.duke.edu/dataset/2059) on yyyy-mm-dd.&#13;
&#13;
Suggested citation for OBIS-SEAMAP:&#13;
&#13;
Halpin, P.N., A.J. Read, E. Fujioka, B.D. Best, B. Donnelly, L.J. Hazen, C. Kot, K. Urian, E. LaBrecque, A. Dimatteo, J. Cleary, C. Good, L.B. Crowder, and K.D. Hyrenbach. 2009. OBIS-SEAMAP: The world data center for marine mammal, sea bird, and sea turtle distributions. Oceanography 22(2):104-115&#13;
&#13;
2. To forward the citation of any publication / report that made use of the data / tools provided by OBIS-SEAMAP for inclusion in our list of references.&#13;
&#13;
3. Not to hold OBIS-SEAMAP or the original data providers liable for errors in the data. While we have made every effort to ensure the quality of the database, we cannot guarantee the accuracy of these datasets. &#13;
&#13;
4. The burden for determining fitness for use of the downloaded data for any analyses lies entirely with the user. OBIS-SEAMAP or the original data providers do not support outcomes of your analyses that used the data you downloaded from OBIS-SEAMAP.&#13;
&#13;
5. To consider inclusion of the accompanying transect (effort) dataset if available into the methodology of your analyses.&#13;
&#13;
6. Not to redistribute the data you downloaded from OBIS-SEAMAP through any media without contect from OBIS-SEAMAP and the original data providers unless the datasets are explicitly shown under the CC0 policy.</useconst>
	<ptcontac>
		<cntinfo>
			<cntperp><cntper>Kristen Ampela; Mark Cotter</cntper><cntorg>HDR Environmental, Operations and Construction, Inc.; HDR Environmental, Operations and Construction, Inc.</cntorg></cntperp>
			<cntaddr>
				<addrtype>mailing and physical address</addrtype>
			<address>8690 Balboa Avenue Suite 200; n/a</address><city>San Diego; Virginia Beach</city><state>CA; VA</state><postal>92123; 23455</postal><country>USA; United States</country></cntaddr>
		<cntvoice>858-712-8261; n/a</cntvoice><cntemail>Kristen.Ampela@hdrinc.com; Mark.Cotter@hdrinc.com</cntemail></cntinfo>
	</ptcontac><datacred>The U.S. Navy Marine Species Monitoring Program</datacred>
	<native>Relational database</native>
	<crossref><citeinfo><origin>Halpin, P.N., A.J. Read, E. Fujioka, B.D. Best, B. Donnelly, L.J. Hazen, C. Kot, K. Urian, E. LaBrecque, A. Dimatteo, J. Cleary, C. Good, L.B. Crowder, and K.D. Hyrenbach</origin><pubdate>2009</pubdate><title>OBIS-SEAMAP: The world data center for marine mammal, sea bird, and sea turtle distributions</title><geoform>vector digital data</geoform><serinfo><sername>Oceanography</sername><issue>22(2):104-115</issue></serinfo><onlink>http://www.tos.org/oceanography/article/obis-seamap-the-world-data-center-for-marine-mammal-sea-bird-and-sea-turtle</onlink></citeinfo></crossref></idinfo>
	<dataqual>
		<attracc>
			<attraccr>All attributes were measured and recorded during the survey and validated by the data provider.</attraccr></attracc>
		<logic>Permissible values for date and time and coordinates were validated by the data provider and the OBIS-SEAMAP data manager. Species identification by the data provider was matched with Integrated Taxonomic Information System.</logic>
		<complete>All observation records are included.</complete><lineage><procstep><procdesc>Data were put through the OBIS-SEAMAP data registration steps.</procdesc><procdate>20200409</procdate></procstep></lineage></dataqual><spdoinfo><direct>Point</direct></spdoinfo><spref><horizsys><geograph>
				<latres>1e-06</latres><longres>1e-06</longres><geogunit>Decimal degrees</geogunit></geograph>
			<geodetic><horizdn>D_WGS_1984</horizdn><ellips>WGS_1984</ellips>
				<semiaxis>6378137.000000</semiaxis><denflat>298.257224</denflat></geodetic></horizsys></spref>

<eainfo><detailed><enttyp><enttypl>Biogeographic data</enttypl><enttypd>Biogeographic data</enttypd><enttypds>Not applicable</enttypds></enttyp><attr><attrlabl>oid</attrlabl><attrdef>Unique ID number (generated by OBIS-SEAMAP)</attrdef><attrdefs>Data provider</attrdefs><attrdomv><udom>Unique ID number (generated by OBIS-SEAMAP)</udom></attrdomv></attr><attr><attrlabl>objectid</attrlabl><attrdef>Object ID in the original feature class</attrdef><attrdefs>Data provider</attrdefs><attrdomv><rdom><rdommin>1847</rdommin><rdommax>3286</rdommax></rdom></attrdomv></attr><attr><attrlabl>aspectslope</attrlabl><attrdef>Aspect slope (blank)</attrdef><attrdefs>Data provider</attrdefs><attrdomv><udom>Aspect slope (blank)</udom></attrdomv></attr><attr><attrlabl>bearingabs</attrlabl><attrdef>Absolute bearing (blank)</attrdef><attrdefs>Data provider</attrdefs><attrdomv><udom>Absolute bearing (blank)</udom></attrdomv></attr><attr><attrlabl>behavior</attrlabl><attrdef>Behavior</attrdef><attrdefs>Data provider</attrdefs><attrdomv><udom>Behavior</udom></attrdomv></attr><attr><attrlabl>behaviorevent</attrlabl><attrdef>(blank)</attrdef><attrdefs>Data provider</attrdefs><attrdomv><udom>(blank)</udom></attrdomv></attr><attr><attrlabl>birds</attrlabl><attrdef>Flag whether birds were observed</attrdef><attrdefs>Data provider</attrdefs><attrdomv><udom>Flag whether birds were observed</udom></attrdomv></attr><attr><attrlabl>calvespresent</attrlabl><attrdef>Flag whether calves were present</attrdef><attrdefs>Data provider</attrdefs><attrdomv><udom>Flag whether calves were present</udom></attrdomv></attr><attr><attrlabl>countcalves</attrlabl><attrdef>Number of calves</attrdef><attrdefs>Data provider</attrdefs><attrdomv><rdom><rdommin>0</rdommin><rdommax>75</rdommax></rdom></attrdomv></attr><attr><attrlabl>countfemales</attrlabl><attrdef>Number of females</attrdef><attrdefs>Data provider</attrdefs><attrdomv><udom>Number of females</udom></attrdomv></attr><attr><attrlabl>countjuveniles</attrlabl><attrdef>Number of juvelines</attrdef><attrdefs>Data provider</attrdefs><attrdomv><rdom><rdommin>1</rdommin><rdommax>100</rdommax></rdom></attrdomv></attr><attr><attrlabl>countmales</attrlabl><attrdef>Number of males</attrdef><attrdefs>Data provider</attrdefs><attrdomv><udom>Number of males</udom></attrdomv></attr><attr><attrlabl>countnewborns</attrlabl><attrdef>Number of new borns</attrdef><attrdefs>Data provider</attrdefs><attrdomv><rdom><rdommin>2</rdommin><rdommax>2</rdommax></rdom></attrdomv></attr><attr><attrlabl>counttotbest</attrlabl><attrdef>Best estimate of number of animals</attrdef><attrdefs>Data provider</attrdefs><attrdomv><rdom><rdommin>1</rdommin><rdommax>5000</rdommax></rdom></attrdomv></attr><attr><attrlabl>counttotmax</attrlabl><attrdef>Maximum estimate of number of animals</attrdef><attrdefs>Data provider</attrdefs><attrdomv><rdom><rdommin>1</rdommin><rdommax>6000</rdommax></rdom></attrdomv></attr><attr><attrlabl>counttotmin</attrlabl><attrdef>Minimum estimate of number of animals</attrdef><attrdefs>Data provider</attrdefs><attrdomv><rdom><rdommin>1</rdommin><rdommax>4000</rdommax></rdom></attrdomv></attr><attr><attrlabl>countvescargo</attrlabl><attrdef>Number of cargo vessels</attrdef><attrdefs>Data provider</attrdefs><attrdomv><udom>Number of cargo vessels</udom></attrdomv></attr><attr><attrlabl>countvesferries</attrlabl><attrdef>Number of ferries</attrdef><attrdefs>Data provider</attrdefs><attrdomv><rdom><rdommin>0</rdommin><rdommax>0</rdommax></rdom></attrdomv></attr><attr><attrlabl>countvesfishing</attrlabl><attrdef>Number of fishing vessels</attrdef><attrdefs>Data provider</attrdefs><attrdomv><rdom><rdommin>0</rdommin><rdommax>0</rdommax></rdom></attrdomv></attr><attr><attrlabl>countvesmilitary</attrlabl><attrdef>Number of military vessels</attrdef><attrdefs>Data provider</attrdefs><attrdomv><rdom><rdommin>0</rdommin><rdommax>0</rdommax></rdom></attrdomv></attr><attr><attrlabl>countvesmotoryachts</attrlabl><attrdef>Number of yachts</attrdef><attrdefs>Data provider</attrdefs><attrdomv><udom>Number of yachts</udom></attrdomv></attr><attr><attrlabl>countvessailing</attrlabl><attrdef>Number of sailing vessels</attrdef><attrdefs>Data provider</attrdefs><attrdomv><udom>Number of sailing vessels</udom></attrdomv></attr><attr><attrlabl>countvesother</attrlabl><attrdef>Number of other vessels</attrdef><attrdefs>Data provider</attrdefs><attrdomv><udom>Number of other vessels</udom></attrdomv></attr><attr><attrlabl>cue</attrlabl><attrdef>Sighingt cue</attrdef><attrdefs>Data provider</attrdefs><attrdomv><udom>Sighingt cue</udom></attrdomv></attr><attr><attrlabl>depth</attrlabl><attrdef>Depth (blank)</attrdef><attrdefs>Data provider</attrdefs><attrdomv><udom>Depth (blank)</udom></attrdomv></attr><attr><attrlabl>depthsounding</attrlabl><attrdef>definition not provided</attrdef><attrdefs>Data provider</attrdefs><attrdomv><udom>definition not provided</udom></attrdomv></attr><attr><attrlabl>dispmax</attrlabl><attrdef>definition not provided</attrdef><attrdefs>Data provider</attrdefs><attrdomv><rdom><rdommin>0.00</rdommin><rdommax>300.00</rdommax></rdom></attrdomv></attr><attr><attrlabl>dispmin</attrlabl><attrdef>definition not provided</attrdef><attrdefs>Data provider</attrdefs><attrdomv><rdom><rdommin>0.00</rdommin><rdommax>100.00</rdommax></rdom></attrdomv></attr><attr><attrlabl>distsight</attrlabl><attrdef>Distance to sighting</attrdef><attrdefs>Data provider</attrdefs><attrdomv><rdom><rdommin>0.000000000</rdommin><rdommax>4070.280762000</rdommax></rdom></attrdomv></attr><attr><attrlabl>distsightperp</attrlabl><attrdef>Perpendicular distance to sighting (blank)</attrdef><attrdefs>Data provider</attrdefs><attrdomv><udom>Perpendicular distance to sighting (blank)</udom></attrdomv></attr><attr><attrlabl>groupid</attrlabl><attrdef>Group ID (blank)</attrdef><attrdefs>Data provider</attrdefs><attrdomv><rdom><rdommin>0</rdommin><rdommax>3</rdommax></rdom></attrdomv></attr><attr><attrlabl>headinganimal</attrlabl><attrdef>Heading of animals</attrdef><attrdefs>Data provider</attrdefs><attrdomv><rdom><rdommin>0</rdommin><rdommax>355</rdommax></rdom></attrdomv></attr><attr><attrlabl>headingplatmagnetic</attrlabl><attrdef>definition not provided</attrdef><attrdefs>Data provider</attrdefs><attrdomv><rdom><rdommin>-49.383819580</rdommin><rdommax>358.817443900</rdommax></rdom></attrdomv></attr><attr><attrlabl>headingplattrue</attrlabl><attrdef>definition not provided</attrdef><attrdefs>Data provider</attrdefs><attrdomv><rdom><rdommin>2.599999900</rdommin><rdommax>359.899993900</rdommax></rdom></attrdomv></attr><attr><attrlabl>latanimal</attrlabl><attrdef>Latitude of animals in decimal degrees</attrdef><attrdefs>Data provider</attrdefs><attrdomv><rdom><rdommin>36.1773990</rdommin><rdommax>37.3370500</rdommax></rdom></attrdomv></attr><attr><attrlabl>latplatform</attrlabl><attrdef>Latitude of the platform in decimal degrees</attrdef><attrdefs>Data provider</attrdefs><attrdomv><rdom><rdommin>36.1788830</rdommin><rdommax>37.3370500</rdommax></rdom></attrdomv></attr><attr><attrlabl>longanimal</attrlabl><attrdef>Longitude of animals in decimal degrees</attrdef><attrdefs>Data provider</attrdefs><attrdomv><rdom><rdommin>-76.0776750</rdommin><rdommax>-74.2916490</rdommax></rdom></attrdomv></attr><attr><attrlabl>longplatform</attrlabl><attrdef>Longitude of the platform in decimal degrees</attrdef><attrdefs>Data provider</attrdefs><attrdomv><rdom><rdommin>-76.0776750</rdommin><rdommax>-74.2939380</rdommax></rdom></attrdomv></attr><attr><attrlabl>mitigation</attrlabl><attrdef>Mitigation (blank)</attrdef><attrdefs>Data provider</attrdefs><attrdomv><udom>Mitigation (blank)</udom></attrdomv></attr><attr><attrlabl>mitigationtype</attrlabl><attrdef>Mitigation type (blank)</attrdef><attrdefs>Data provider</attrdefs><attrdomv><udom>Mitigation type (blank)</udom></attrdomv></attr><attr><attrlabl>ordnance</attrlabl><attrdef>definition not provided</attrdef><attrdefs>Data provider</attrdefs><attrdomv><udom>definition not provided</udom></attrdomv></attr><attr><attrlabl>platformspeed</attrlabl><attrdef>Platform speed (blank)</attrdef><attrdefs>Data provider</attrdefs><attrdomv><udom>Platform speed (blank)</udom></attrdomv></attr><attr><attrlabl>reactioninit</attrlabl><attrdef>Initial reaction</attrdef><attrdefs>Data provider</attrdefs><attrdomv><udom>Initial reaction</udom></attrdomv></attr><attr><attrlabl>reactionlater</attrlabl><attrdef>Reaction later</attrdef><attrdefs>Data provider</attrdefs><attrdomv><udom>Reaction later</udom></attrdomv></attr><attr><attrlabl>resolution</attrlabl><attrdef>definition not provided</attrdef><attrdefs>Data provider</attrdefs><attrdomv><udom>definition not provided</udom></attrdomv></attr><attr><attrlabl>shoredist</attrlabl><attrdef>Distance to shore (blank)</attrdef><attrdefs>Data provider</attrdefs><attrdomv><udom>Distance to shore (blank)</udom></attrdomv></attr><attr><attrlabl>sightingdetectionsensor</attrlabl><attrdef>definition not provided</attrdef><attrdefs>Data provider</attrdefs><attrdomv><udom>definition not provided</udom></attrdomv></attr><attr><attrlabl>sightingendloe</attrlabl><attrdef>definition not provided</attrdef><attrdefs>Data provider</attrdefs><attrdomv><udom>definition not provided</udom></attrdomv></attr><attr><attrlabl>sightingmulti</attrlabl><attrdef>Flag to indicate multiple species observed</attrdef><attrdefs>Data provider</attrdefs><attrdomv><udom>Flag to indicate multiple species observed</udom></attrdomv></attr><attr><attrlabl>sightingnotes</attrlabl><attrdef>Sighting notes</attrdef><attrdefs>Data provider</attrdefs><attrdomv><udom>Sighting notes</udom></attrdomv></attr><attr><attrlabl>sightingrelmovement</attrlabl><attrdef>(blank)</attrdef><attrdefs>Data provider</attrdefs><attrdomv><udom>(blank)</udom></attrdomv></attr><attr><attrlabl>sightingtimeend</attrlabl><attrdef>(blank)</attrdef><attrdefs>Data provider</attrdefs><attrdomv><rdom><rdommin>2018-06-16 15:06:00</rdommin><rdommax>2018-06-16 15:06:00</rdommax></rdom></attrdomv></attr><attr><attrlabl>sightingtrialloe</attrlabl><attrdef>(blank)</attrdef><attrdefs>Data provider</attrdefs><attrdomv><udom>(blank)</udom></attrdomv></attr><attr><attrlabl>slope</attrlabl><attrdef>(blank)</attrdef><attrdefs>Data provider</attrdefs><attrdomv><udom>(blank)</udom></attrdomv></attr><attr><attrlabl>sonar</attrlabl><attrdef>(blank)</attrdef><attrdefs>Data provider</attrdefs><attrdomv><udom>(blank)</udom></attrdomv></attr><attr><attrlabl>spcsconfidence</attrlabl><attrdef>definition not provided</attrdef><attrdefs>Data provider</attrdefs><attrdomv><udom>definition not provided</udom></attrdomv></attr><attr><attrlabl>spcshauledout</attrlabl><attrdef>(blank)</attrdef><attrdefs>Data provider</attrdefs><attrdomv><udom>(blank)</udom></attrdomv></attr><attr><attrlabl>theoconvhorz</attrlabl><attrdef>(blank)</attrdef><attrdefs>Data provider</attrdefs><attrdomv><udom>(blank)</udom></attrdomv></attr><attr><attrlabl>theoconvvert</attrlabl><attrdef>(blank)</attrdef><attrdefs>Data provider</attrdefs><attrdomv><udom>(blank)</udom></attrdomv></attr><attr><attrlabl>theorawhorz</attrlabl><attrdef>(blank)</attrdef><attrdefs>Data provider</attrdefs><attrdomv><udom>(blank)</udom></attrdomv></attr><attr><attrlabl>theorawvert</attrlabl><attrdef>(blank)</attrdef><attrdefs>Data provider</attrdefs><attrdomv><udom>(blank)</udom></attrdomv></attr><attr><attrlabl>vertangleorreticle</attrlabl><attrdef>Vertical angle or reticle</attrdef><attrdefs>Data provider</attrdefs><attrdomv><rdom><rdommin>5</rdommin><rdommax>90</rdommax></rdom></attrdomv></attr><attr><attrlabl>vertsun</attrlabl><attrdef>(blank)</attrdef><attrdefs>Data provider</attrdefs><attrdomv><udom>(blank)</udom></attrdomv></attr><attr><attrlabl>vesselsize</attrlabl><attrdef>(blank)</attrdef><attrdefs>Data provider</attrdefs><attrdomv><udom>(blank)</udom></attrdomv></attr><attr><attrlabl>vesseltype</attrlabl><attrdef>(blank)</attrdef><attrdefs>Data provider</attrdefs><attrdomv><udom>(blank)</udom></attrdomv></attr><attr><attrlabl>tagging</attrlabl><attrdef>(blank)</attrdef><attrdefs>Data provider</attrdefs><attrdomv><udom>(blank)</udom></attrdomv></attr><attr><attrlabl>opticstype</attrlabl><attrdef>definition not provided</attrdef><attrdefs>Data provider</attrdefs><attrdomv><udom>definition not provided</udom></attrdomv></attr><attr><attrlabl>datetime</attrlabl><attrdef>Date and time of the sighting at local time zone</attrdef><attrdefs>Data provider</attrdefs><attrdomv><rdom><rdommin>2018-04-09 09:46:25</rdommin><rdommax>2019-08-12 11:51:54</rdommax></rdom></attrdomv></attr><attr><attrlabl>surveyid</attrlabl><attrdef>Survey ID</attrdef><attrdefs>Data provider</attrdefs><attrdomv><udom>Survey ID</udom></attrdomv></attr><attr><attrlabl>spcsnmsci</attrlabl><attrdef>Scientific name</attrdef><attrdefs>Data provider</attrdefs><attrdomv><udom>Scientific name</udom></attrdomv></attr><attr><attrlabl>spcsnmcom</attrlabl><attrdef>Common name</attrdef><attrdefs>Data provider</attrdefs><attrdomv><udom>Common name</udom></attrdomv></attr><attr><attrlabl>sp_tsn</attrlabl><attrdef>Taxonomic Serial Number added by OBIS-SEAMAP</attrdef><attrdefs>Data provider</attrdefs><attrdomv><rdom><rdommin>159786</rdommin><rdommax>770799</rdommax></rdom></attrdomv></attr><attr><attrlabl>distsighttype</attrlabl><attrdef>definition not provided</attrdef><attrdefs>Data provider</attrdefs><attrdomv><udom>definition not provided</udom></attrdomv></attr><attr><attrlabl>channelin500</attrlabl><attrdef>definition not provided</attrdef><attrdefs>Data provider</attrdefs><attrdomv><udom>definition not provided</udom></attrdomv></attr><attr><attrlabl>shipin500cargo</attrlabl><attrdef>definition not provided</attrdef><attrdefs>Data provider</attrdefs><attrdomv><udom>definition not provided</udom></attrdomv></attr><attr><attrlabl>shipin500fishrec</attrlabl><attrdef>definition not provided</attrdef><attrdefs>Data provider</attrdefs><attrdomv><udom>definition not provided</udom></attrdomv></attr><attr><attrlabl>shipin500navy</attrlabl><attrdef>definition not provided</attrdef><attrdefs>Data provider</attrdefs><attrdomv><udom>definition not provided</udom></attrdomv></attr><attr><attrlabl>sightingnumber</attrlabl><attrdef>Sighting Number</attrdef><attrdefs>Data provider</attrdefs><attrdomv><rdom><rdommin>1</rdommin><rdommax>123</rdommax></rdom></attrdomv></attr><attr><attrlabl>bearing</attrlabl><attrdef>Bearing</attrdef><attrdefs>Data provider</attrdefs><attrdomv><rdom><rdommin>30</rdommin><rdommax>300</rdommax></rdom></attrdomv></attr><attr><attrlabl>reactioninitcount</attrlabl><attrdef>definition not provided</attrdef><attrdefs>Data provider</attrdefs><attrdomv><udom>definition not provided</udom></attrdomv></attr><attr><attrlabl>reactionlatercount</attrlabl><attrdef>definition not provided</attrdef><attrdefs>Data provider</attrdefs><attrdomv><rdom><rdommin>90</rdommin><rdommax>110</rdommax></rdom></attrdomv></attr><attr><attrlabl>photos</attrlabl><attrdef>Flag whether photos were taken (Y or N)</attrdef><attrdefs>Data provider</attrdefs><attrdomv><udom>Flag whether photos were taken (Y or N)</udom></attrdomv></attr><attr><attrlabl>biopsy</attrlabl><attrdef>Flag whether biopsy was sampled (blank)</attrdef><attrdefs>Data provider</attrdefs><attrdomv><udom>Flag whether biopsy was sampled (blank)</udom></attrdomv></attr><attr><attrlabl>effortstatus</attrlabl><attrdef>Effort status (ON/OFF)</attrdef><attrdefs>Data provider</attrdefs><attrdomv><udom>Effort status (ON/OFF)</udom></attrdomv></attr><attr><attrlabl>flightofday</attrlabl><attrdef>Flight days</attrdef><attrdefs>Data provider</attrdefs><attrdomv><rdom><rdommin>1</rdommin><rdommax>54</rdommax></rdom></attrdomv></attr><attr><attrlabl>legid</attrlabl><attrdef>Leg ID</attrdef><attrdefs>Data provider</attrdefs><attrdomv><rdom><rdommin>0</rdommin><rdommax>61</rdommax></rdom></attrdomv></attr><attr><attrlabl>legnotes</attrlabl><attrdef>Leg notes</attrdef><attrdefs>Data provider</attrdefs><attrdomv><udom>Leg notes</udom></attrdomv></attr><attr><attrlabl>legnumber</attrlabl><attrdef>Leg number</attrdef><attrdefs>Data provider</attrdefs><attrdomv><rdom><rdommin>0</rdommin><rdommax>61</rdommax></rdom></attrdomv></attr><attr><attrlabl>navydirectedleg</attrlabl><attrdef>definition not provided</attrdef><attrdefs>Data provider</attrdefs><attrdomv><udom>definition not provided</udom></attrdomv></attr><attr><attrlabl>effortsystematic</attrlabl><attrdef>definition not provided</attrdef><attrdefs>Data provider</attrdefs><attrdomv><udom>definition not provided</udom></attrdomv></attr><attr><attrlabl>observer</attrlabl><attrdef>The observer who first sighted the animal</attrdef><attrdefs>Data provider</attrdefs><attrdomv><udom>The observer who first sighted the animal</udom></attrdomv></attr><attr><attrlabl>observeraft</attrlabl><attrdef>The observer aft (blank)</attrdef><attrdefs>Data provider</attrdefs><attrdomv><udom>The observer aft (blank)</udom></attrdomv></attr><attr><attrlabl>observercenter</attrlabl><attrdef>The observer center (blank)</attrdef><attrdefs>Data provider</attrdefs><attrdomv><udom>The observer center (blank)</udom></attrdomv></attr><attr><attrlabl>observerforward</attrlabl><attrdef>The observer forward (blank)</attrdef><attrdefs>Data provider</attrdefs><attrdomv><udom>The observer forward (blank)</udom></attrdomv></attr><attr><attrlabl>observerleft</attrlabl><attrdef>The observer left</attrdef><attrdefs>Data provider</attrdefs><attrdomv><udom>The observer left</udom></attrdomv></attr><attr><attrlabl>observerright</attrlabl><attrdef>The observer right</attrdef><attrdefs>Data provider</attrdefs><attrdomv><udom>The observer right</udom></attrdomv></attr><attr><attrlabl>observerrearleft</attrlabl><attrdef>The observer rear left (blank)</attrdef><attrdefs>Data provider</attrdefs><attrdomv><udom>The observer rear left (blank)</udom></attrdomv></attr><attr><attrlabl>observerrearright</attrlabl><attrdef>The observer rear right (blank)</attrdef><attrdefs>Data provider</attrdefs><attrdomv><udom>The observer rear right (blank)</udom></attrdomv></attr><attr><attrlabl>photographer</attrlabl><attrdef>Photographer</attrdef><attrdefs>Data provider</attrdefs><attrdomv><udom>Photographer</udom></attrdomv></attr><attr><attrlabl>pic</attrlabl><attrdef>definition not provided</attrdef><attrdefs>Data provider</attrdefs><attrdomv><udom>definition not provided</udom></attrdomv></attr><attr><attrlabl>recorder</attrlabl><attrdef>Recorder</attrdef><attrdefs>Data provider</attrdefs><attrdomv><udom>Recorder</udom></attrdomv></attr><attr><attrlabl>recorderfocal</attrlabl><attrdef>definition not provided</attrdef><attrdefs>Data provider</attrdefs><attrdomv><udom>definition not provided</udom></attrdomv></attr><attr><attrlabl>sic</attrlabl><attrdef>definition not provided</attrdef><attrdefs>Data provider</attrdefs><attrdomv><udom>definition not provided</udom></attrdomv></attr><attr><attrlabl>beaufortscaleleft</attrlabl><attrdef>Beaufort sea scale at left side</attrdef><attrdefs>Data provider</attrdefs><attrdomv><rdom><rdommin>0</rdommin><rdommax>5</rdommax></rdom></attrdomv></attr><attr><attrlabl>beaufortscaleright</attrlabl><attrdef>Beaufort sea scale at right side</attrdef><attrdefs>Data provider</attrdefs><attrdomv><rdom><rdommin>0</rdommin><rdommax>5</rdommax></rdom></attrdomv></attr><attr><attrlabl>glareleft</attrlabl><attrdef>Glare at left side</attrdef><attrdefs>Data provider</attrdefs><attrdomv><rdom><rdommin>0</rdommin><rdommax>75</rdommax></rdom></attrdomv></attr><attr><attrlabl>glareright</attrlabl><attrdef>Glare at right side</attrdef><attrdefs>Data provider</attrdefs><attrdomv><rdom><rdommin>0</rdommin><rdommax>80</rdommax></rdom></attrdomv></attr><attr><attrlabl>horizsun</attrlabl><attrdef>definition not provided</attrdef><attrdefs>Data provider</attrdefs><attrdomv><udom>definition not provided</udom></attrdomv></attr><attr><attrlabl>percentcloudcover</attrlabl><attrdef>Cloud cover in percent</attrdef><attrdefs>Data provider</attrdefs><attrdomv><rdom><rdommin>0</rdommin><rdommax>100</rdommax></rdom></attrdomv></attr><attr><attrlabl>percentcloudcoverleft</attrlabl><attrdef>Cloud cover at left side in percent</attrdef><attrdefs>Data provider</attrdefs><attrdomv><rdom><rdommin>0</rdommin><rdommax>100</rdommax></rdom></attrdomv></attr><attr><attrlabl>percentcloudcoverright</attrlabl><attrdef>Cloud cover at right side in percent</attrdef><attrdefs>Data provider</attrdefs><attrdomv><rdom><rdommin>0</rdommin><rdommax>100</rdommax></rdom></attrdomv></attr><attr><attrlabl>swell</attrlabl><attrdef>Swell</attrdef><attrdefs>Data provider</attrdefs><attrdomv><rdom><rdommin>1.00</rdommin><rdommax>4.00</rdommax></rdom></attrdomv></attr><attr><attrlabl>swelldirection</attrlabl><attrdef>Swell direction</attrdef><attrdefs>Data provider</attrdefs><attrdomv><udom>Swell direction</udom></attrdomv></attr><attr><attrlabl>visibility</attrlabl><attrdef>Visibility code</attrdef><attrdefs>Data provider</attrdefs><attrdomv><udom>Visibility code</udom></attrdomv></attr><attr><attrlabl>visibilityleft</attrlabl><attrdef>Visibility code left</attrdef><attrdefs>Data provider</attrdefs><attrdomv><rdom><rdommin>1.500</rdommin><rdommax>4.000</rdommax></rdom></attrdomv></attr><attr><attrlabl>visibilityright</attrlabl><attrdef>Visibility code right</attrdef><attrdefs>Data provider</attrdefs><attrdomv><rdom><rdommin>1.000</rdommin><rdommax>4.000</rdommax></rdom></attrdomv></attr><attr><attrlabl>waveheight</attrlabl><attrdef>Wave height</attrdef><attrdefs>Data provider</attrdefs><attrdomv><rdom><rdommin>0</rdommin><rdommax>4</rdommax></rdom></attrdomv></attr><attr><attrlabl>winddirection</attrlabl><attrdef>Wave direction</attrdef><attrdefs>Data provider</attrdefs><attrdomv><udom>Wave direction</udom></attrdomv></attr><attr><attrlabl>windspeed</attrlabl><attrdef>Wind speed</attrdef><attrdefs>Data provider</attrdefs><attrdomv><rdom><rdommin>0</rdommin><rdommax>18</rdommax></rdom></attrdomv></attr><attr><attrlabl>beaufortscale</attrlabl><attrdef>Beaufort sea scale</attrdef><attrdefs>Data provider</attrdefs><attrdomv><udom>Beaufort sea scale</udom></attrdomv></attr><attr><attrlabl>sst</attrlabl><attrdef>Sea surface temperature</attrdef><attrdefs>Data provider</attrdefs><attrdomv><udom>Sea surface temperature</udom></attrdomv></attr><attr><attrlabl>areakm2</attrlabl><attrdef>(blank)</attrdef><attrdefs>Data provider</attrdefs><attrdomv><udom>(blank)</udom></attrdomv></attr><attr><attrlabl>ocean</attrlabl><attrdef>Ocean (always Atlantic)</attrdef><attrdefs>Data provider</attrdefs><attrdomv><udom>Ocean (always Atlantic)</udom></attrdomv></attr><attr><attrlabl>platformded</attrlabl><attrdef>(blank)</attrdef><attrdefs>Data provider</attrdefs><attrdomv><udom>(blank)</udom></attrdomv></attr><attr><attrlabl>platformmodel</attrlabl><attrdef>Platform model</attrdef><attrdefs>Data provider</attrdefs><attrdomv><udom>Platform model</udom></attrdomv></attr><attr><attrlabl>platformtype</attrlabl><attrdef>Platform type (always Aerial)</attrdef><attrdefs>Data provider</attrdefs><attrdomv><udom>Platform type (always Aerial)</udom></attrdomv></attr><attr><attrlabl>rangecomplex</attrlabl><attrdef>Range complex (always VACAPES)</attrdef><attrdefs>Data provider</attrdefs><attrdomv><udom>Range complex (always VACAPES)</udom></attrdomv></attr><attr><attrlabl>surveymode</attrlabl><attrdef>Survey mode (blank)</attrdef><attrdefs>Data provider</attrdefs><attrdomv><udom>Survey mode (blank)</udom></attrdomv></attr><attr><attrlabl>surveyobjective</attrlabl><attrdef>Survey objective (blank)</attrdef><attrdefs>Data provider</attrdefs><attrdomv><udom>Survey objective (blank)</udom></attrdomv></attr><attr><attrlabl>surveypoint</attrlabl><attrdef>Survey point (blank)</attrdef><attrdefs>Data provider</attrdefs><attrdomv><udom>Survey point (blank)</udom></attrdomv></attr><attr><attrlabl>surveytype</attrlabl><attrdef>Survey type (blank)</attrdef><attrdefs>Data provider</attrdefs><attrdomv><udom>Survey type (blank)</udom></attrdomv></attr><attr><attrlabl>datetimeutc</attrlabl><attrdef>Date and time of the sighting at UTC</attrdef><attrdefs>Data provider</attrdefs><attrdomv><rdom><rdommin>2018-04-09 13:46:25</rdommin><rdommax>2019-08-12 15:51:54</rdommax></rdom></attrdomv></attr><attr><attrlabl>altitudem</attrlabl><attrdef>Altitude in meters</attrdef><attrdefs>Data provider</attrdefs><attrdomv><rdom><rdommin>0.00000000</rdommin><rdommax>1126.56127900</rdommax></rdom></attrdomv></attr><attr><attrlabl>observationtype</attrlabl><attrdef>definition not provided</attrdef><attrdefs>Data provider</attrdefs><attrdomv><udom>definition not provided</udom></attrdomv></attr><attr><attrlabl>geom</attrlabl><attrdef>Geometry field added by OBIS-SEAMAP</attrdef><attrdefs>Data provider</attrdefs><attrdomv><udom>Geometry field added by OBIS-SEAMAP</udom></attrdomv></attr></detailed><overview><eaover>This section explains attributes included in the original dataset.&#13;
OBIS-SEAMAP restricts the attributes available to the public to date/time, lat/lon and species names/counts only.&#13;
Should you need other attributes described here, you are encouraged to contact the data provider.</eaover><eadetcit>HDR Environmental, Operations and Construction, Inc.</eadetcit></overview>
	</eainfo><distinfo>
	<distrib>
		<cntinfo>
			<cntorgp>
				<cntorg>Nicholas School of Environment, Duke Univ.</cntorg>
				<cntper>OBIS-SEAMAP</cntper>
			</cntorgp>
			<cntaddr>
				<addrtype>mailing and physical address</addrtype>
				<address>A328, LSRC</address><city>Durham</city><state>NC</state><postal>27708</postal><country>USA</country>
			</cntaddr>
			<cntvoice>919-613-8021</cntvoice>
			<cntemail>seamap-contact@duke.edu</cntemail>
		</cntinfo>
	</distrib><resdesc>OBIS-SEAMAP Dataset ID 2059</resdesc><distliab>Not to hold OBIS-SEAMAP liable for errors in the data. While we have made every effort to ensure the quality of the database, we cannot guarantee the accuracy of these datasets.&#13;
Also please refer to Use Constraints.</distliab>
	<stdorder>
		<digform>
			<digtinfo>
				<formname>CSV and ESRI shapefile</formname></digtinfo>
			<digtopt>
				<onlinopt>
					<computer>
						<networka>
							<networkr>OBIS-SEAMAP</networkr>
						</networka>
					</computer>
				</onlinopt>
			</digtopt>
		</digform>
		<fees>Free</fees>
		<ordering>Go to the OBIS-SEAMAP web site.</ordering>
	</stdorder>
	

	
</distinfo><metainfo>
	<metd>20220525</metd><metrd>20220525</metrd><metc>
		<cntinfo><cntperp>
	<cntper>Ei Fujioka</cntper>
	<cntorg>Nicholas School, Duke University</cntorg></cntperp><cntaddr><addrtype>mailing and physical address</addrtype><address>A328, LSRC</address><city>Durham</city><state>NC</state><postal>27708</postal><country>USA</country></cntaddr>
			<cntvoice>919-613-8021</cntvoice>
			<cntemail>seamap-contact@duke.edu</cntemail>
			</cntinfo>
	</metc><metstdn>FGDC Content Standards for Digital Geospatial Metadata</metstdn><metstdv>FGDC-STD-001-1998</metstdv><mettc>local time</mettc>
	
	
	
	
	<metextns><onlink>http://www.nbii.gov/</onlink><metprof>Biological Data Profile</metprof></metextns>
	
	</metainfo>
	
</metadata>
