<?xml version="1.0" encoding="UTF-8"?>
<metadata xml:lang="en">
<idinfo>
	<citation>
		<citeinfo><origin>Sydeman, W</origin><pubdate>2015</pubdate><title>CalCOFI and NMFS Seabird and Marine Mammal Observation Data, 1987-2006</title><onlink>http://seamap.env.duke.edu/dataset/507</onlink><serinfo><sername>OBIS-SEAMAP</sername><issue>507</issue></serinfo><pubinfo><pubplace>http://seamap.env.duke.edu/dataset/507</pubplace><publish>OBIS-SEAMAP</publish></pubinfo></citeinfo>
	</citation><descript>
	<abstract>This dataset contains observation data of marine birds and mammals from California Cooperative Oceanic Fisheries Investigations (CalCOFI) from 1987-2006 and Rockfish cruises along the California coast from 1996-2006 by National Marine Fisheries Service (NMFS).&#13;
&#13;
Data were collected aboard research vessels using standardized marine bird and mammal survey techniques (Tasker et al. 1984, Buckland et al. 1993). Marine birds &#13;
and mammals were observed in a 90-degree arc from the bow to one side of the ship out to 300m. Counts are summarized by species and behavior along the transects in 3 km bins. Data span years 1987 - 2006.</abstract><purpose>Relating changing ocean productivity patterns and upper-trophic predator (seabirds and marine mammals) distributions to the underlying physical oceanographic variability enhances our understanding of the ecological context of the CalCOFI and NMFS database, thereby aiding in the interpretation of large-scale hydrographic and ocean productivity patterns.  An inter-disciplinary, ecosystem-level perspective will provide new insight into offshore California wildlife habitat associations and how apex marine organisms (including fish with diets similar to seabirds and/or mammals) respond to differences in ocean climate, productivity, and water mass properties, information needed to manage fisheries and wildlife under changing ocean conditions.</purpose><supplinf>[UPDATE 2013-03-25] The following species codes had been associated with invalid species names. These were corrected to valid species names.&#13;
WWSC White-Winged Scoter =&gt; Melanitta fusca deglandi&#13;
STAL Short-Tailed Albatross =&gt; Phoebastria albatrus&#13;
LAAL Laysan Albatross =&gt; Diomedea immutabilis&#13;
LETU Leatherback Turtle =&gt; Dermochelys coriacea&#13;
These data are publicly available without restriction. However, it is&#13;
suggested that potential users contact the data contributor (Marine&#13;
Division Director at PRBO Conservation Science, marinedirector@prbo.org)&#13;
or PI Bill Sydeman (wsydeman@faralloninstitute.org) for questions concerning &#13;
the use of dataset (methods, accuracy, help with interpretation etc.).&#13;
&#13;
&#13;
The dataset is also available at &lt;a href='http://oceaninformatics.ucsd.edu/datazoo/' target='external'&gt;Ocean Informatics Data Zoo&lt;/a&gt; &#13;
(http://oceaninformatics.ucsd.edu/datazoo/).&#13;
&#13;
The CalCOFI and Rockfish projects are on going.&#13;
The Principle Investigators of these projects are as follows (listed those in &#13;
recent years only):&#13;
&#13;
Rockfish survey&#13;
2008, Leg 1/2: Bill Sydeman, Farallon Institute for Advanced Ecosystem Research&#13;
2008, Leg 3: Jaime Jahncke, PRBO Conservation Science&#13;
2009, Leg 1/2: Bill Sydeman, Farallon Institute for Advanced Ecosystem Research&#13;
2009, Leg 3: Jaime Jahncke, PRBO Conservation Science&#13;
&#13;
CalCOFI survey&#13;
2006-2007: Bill Sydeman, PRBO Conservation Science&#13;
2007-current: Bill Sydeman, Farallon Institute for Advanced Ecosystem Research&#13;
&#13;
These recent data are available from these individuals or organizations upon request.&#13;
The recent data by Bill Sydeman will be also available through OBIS-SEAMAP in the &#13;
near future.&#13;
&#13;
&#13;
Each sighting is a total of all of the birds/mammals of that species and behavior &#13;
seen in an area (approx. 3 km long and 300m wide). The location is represented at &#13;
the middle of the bin. Length may be less at the end of a transect, and width &#13;
may be less depending on the weather.&#13;
Each bin is temporally about 10 minutes in duration (depending on ship speed).&#13;
&#13;
Tracklines on this map represent on-effort only. Off-effort tracks may be obtained &#13;
from the data provider.</supplinf></descript><timeperd><timeinfo><rngdates><begdate>19870502</begdate><enddate>20061104</enddate></rngdates></timeinfo><current>ground condition</current></timeperd><status><progress>Complete</progress><update>None planned</update></status><spdom><descgeog>Northeastern Pacific Ocean</descgeog><bounding><westbc>-126.474237</westbc><eastbc>-117.2345</eastbc><northbc>40.091331</northbc><southbc>29.77212</southbc></bounding>
	</spdom><keywords><theme><themekt>None</themekt><themekey>Marine Animal Survey</themekey><themekey>Marine Biology</themekey><themekey>Marine mammals</themekey><themekey>Seabirds</themekey><themekey>Sea turtles</themekey><themekey>Vessel</themekey><themekey>Visual Sighting</themekey></theme><place><placekt>None</placekt><placekey>Northeastern Pacific Ocean</placekey></place></keywords><taxonomy><keywtax><taxonkt>Taxon covered</taxonkt><taxonkey>Marine mammals, seabirds, sea turtles</taxonkey></keywtax><taxonsys><classsys><classcit><citeinfo><origin>Integrated Taxonomic Information System</origin><pubdate>Unknown</pubdate><title>Integrated Taxonomic Information System</title><geoform>Not applicable</geoform><othercit>Downloaded April, 2004</othercit><onlink>http://www.itis.usda.gov/</onlink></citeinfo></classcit></classsys><ider><cntinfo><cntperp><cntper>Refer to the contact information of the dataset</cntper><cntorg>Refer to the contact information of the dataset</cntorg></cntperp><cntaddr><addrtype>mailing and physical address</addrtype><address>Refer to the contact information of the dataset</address><city>Refer to the contact information of the dataset</city><state>Refer to the contact information of the dataset</state><postal>Refer to the contact information of the dataset</postal><country>Refer to the contact information of the dataset</country></cntaddr><cntvoice>Not provided</cntvoice></cntinfo></ider><taxonpro>Identified by observers or researchers conducting the survey</taxonpro></taxonsys><taxoncl><taxonrn>Kingdom</taxonrn><taxonrv>Animalia</taxonrv><taxoncl><taxonrn>Phylum</taxonrn><taxonrv>Chordata</taxonrv><taxoncl><taxonrn>Subphylum</taxonrn><taxonrv>Vertebrata</taxonrv><taxoncl><taxonrn>Class</taxonrn><taxonrv>Aves</taxonrv><taxoncl><taxonrn>Order</taxonrn><taxonrv>Ciconiiformes</taxonrv><taxoncl><taxonrn>Family</taxonrn><taxonrv>Alcidae</taxonrv><taxoncl><taxonrn>Genus</taxonrn><taxonrv>Aethia</taxonrv><taxoncl><taxonrn>Species</taxonrn><taxonrv>Aethia psittacula</taxonrv></taxoncl></taxoncl><taxoncl><taxonrn>Genus</taxonrn><taxonrv>Brachyramphus</taxonrv><taxoncl><taxonrn>Species</taxonrn><taxonrv>Brachyramphus marmoratus</taxonrv></taxoncl></taxoncl><taxoncl><taxonrn>Genus</taxonrn><taxonrv>Cepphus</taxonrv><taxoncl><taxonrn>Species</taxonrn><taxonrv>Cepphus columba</taxonrv></taxoncl></taxoncl><taxoncl><taxonrn>Genus</taxonrn><taxonrv>Cerorhinca</taxonrv><taxoncl><taxonrn>Species</taxonrn><taxonrv>Cerorhinca monocerata</taxonrv></taxoncl></taxoncl><taxoncl><taxonrn>Genus</taxonrn><taxonrv>Fratercula</taxonrv><taxoncl><taxonrn>Species</taxonrn><taxonrv>Fratercula cirrhata</taxonrv></taxoncl><taxoncl><taxonrn>Species</taxonrn><taxonrv>Fratercula corniculata</taxonrv></taxoncl></taxoncl><taxoncl><taxonrn>Genus</taxonrn><taxonrv>Ptychoramphus</taxonrv><taxoncl><taxonrn>Species</taxonrn><taxonrv>Ptychoramphus aleuticus</taxonrv></taxoncl></taxoncl><taxoncl><taxonrn>Genus</taxonrn><taxonrv>Synthliboramphus</taxonrv><taxoncl><taxonrn>Species</taxonrn><taxonrv>Synthliboramphus antiquus</taxonrv></taxoncl><taxoncl><taxonrn>Species</taxonrn><taxonrv>Synthliboramphus craveri</taxonrv></taxoncl><taxoncl><taxonrn>Species</taxonrn><taxonrv>Synthliboramphus hypoleucus</taxonrv></taxoncl></taxoncl><taxoncl><taxonrn>Genus</taxonrn><taxonrv>Uria</taxonrv><taxoncl><taxonrn>Species</taxonrn><taxonrv>Uria aalge</taxonrv></taxoncl></taxoncl></taxoncl><taxoncl><taxonrn>Family</taxonrn><taxonrv>Laridae</taxonrv><taxoncl><taxonrn>Subfamily</taxonrn><taxonrv>Sterninae</taxonrv><taxoncl><taxonrn>Genus</taxonrn><taxonrv>Anous</taxonrv><taxoncl><taxonrn>Species</taxonrn><taxonrv>Anous stolidus</taxonrv></taxoncl></taxoncl><taxoncl><taxonrn>Genus</taxonrn><taxonrv>Chlidonias</taxonrv><taxoncl><taxonrn>Species</taxonrn><taxonrv>Chlidonias niger</taxonrv></taxoncl></taxoncl><taxoncl><taxonrn>Genus</taxonrn><taxonrv>Sterna</taxonrv><taxoncl><taxonrn>Species</taxonrn><taxonrv>Sterna antillarum</taxonrv></taxoncl><taxoncl><taxonrn>Species</taxonrn><taxonrv>Sterna caspia</taxonrv></taxoncl><taxoncl><taxonrn>Species</taxonrn><taxonrv>Sterna elegans</taxonrv></taxoncl><taxoncl><taxonrn>Species</taxonrn><taxonrv>Sterna forsteri</taxonrv></taxoncl><taxoncl><taxonrn>Species</taxonrn><taxonrv>Sterna hirundo</taxonrv></taxoncl><taxoncl><taxonrn>Species</taxonrn><taxonrv>Sterna maxima</taxonrv></taxoncl><taxoncl><taxonrn>Species</taxonrn><taxonrv>Sterna paradisaea</taxonrv></taxoncl></taxoncl></taxoncl><taxoncl><taxonrn>Subfamily</taxonrn><taxonrv>Larinae</taxonrv><taxoncl><taxonrn>Genus</taxonrn><taxonrv>Larus</taxonrv><taxoncl><taxonrn>Species</taxonrn><taxonrv>Larus argentatus</taxonrv></taxoncl><taxoncl><taxonrn>Species</taxonrn><taxonrv>Larus atricilla</taxonrv></taxoncl><taxoncl><taxonrn>Species</taxonrn><taxonrv>Larus californicus</taxonrv></taxoncl><taxoncl><taxonrn>Species</taxonrn><taxonrv>Larus canus</taxonrv></taxoncl><taxoncl><taxonrn>Species</taxonrn><taxonrv>Larus delawarensis</taxonrv></taxoncl><taxoncl><taxonrn>Species</taxonrn><taxonrv>Larus dominicanus</taxonrv></taxoncl><taxoncl><taxonrn>Species</taxonrn><taxonrv>Larus glaucescens</taxonrv></taxoncl><taxoncl><taxonrn>Species</taxonrn><taxonrv>Larus heermanni</taxonrv></taxoncl><taxoncl><taxonrn>Species</taxonrn><taxonrv>Larus hyperboreus</taxonrv></taxoncl><taxoncl><taxonrn>Species</taxonrn><taxonrv>Larus occidentalis</taxonrv></taxoncl><taxoncl><taxonrn>Species</taxonrn><taxonrv>Larus philadelphia</taxonrv></taxoncl><taxoncl><taxonrn>Species</taxonrn><taxonrv>Larus pipixcan</taxonrv></taxoncl><taxoncl><taxonrn>Species</taxonrn><taxonrv>Larus thayeri</taxonrv></taxoncl></taxoncl><taxoncl><taxonrn>Genus</taxonrn><taxonrv>Rissa</taxonrv><taxoncl><taxonrn>Species</taxonrn><taxonrv>Rissa tridactyla</taxonrv></taxoncl></taxoncl><taxoncl><taxonrn>Genus</taxonrn><taxonrv>Xema</taxonrv><taxoncl><taxonrn>Species</taxonrn><taxonrv>Xema sabini</taxonrv></taxoncl></taxoncl></taxoncl><taxoncl><taxonrn>Subfamily</taxonrn><taxonrv>Rynchopinae</taxonrv><taxoncl><taxonrn>Genus</taxonrn><taxonrv>Rynchops</taxonrv><taxoncl><taxonrn>Species</taxonrn><taxonrv>Rynchops niger</taxonrv></taxoncl></taxoncl></taxoncl></taxoncl><taxoncl><taxonrn>Family</taxonrn><taxonrv>Diomedeidae</taxonrv><taxoncl><taxonrn>Genus</taxonrn><taxonrv>Diomedea</taxonrv></taxoncl><taxoncl><taxonrn>Genus</taxonrn><taxonrv>Phoebastria</taxonrv><taxoncl><taxonrn>Species</taxonrn><taxonrv>Phoebastria albatrus</taxonrv></taxoncl></taxoncl></taxoncl><taxoncl><taxonrn>Family</taxonrn><taxonrv>Procellariidae</taxonrv><taxoncl><taxonrn>Genus</taxonrn><taxonrv>Fulmarus</taxonrv><taxoncl><taxonrn>Species</taxonrn><taxonrv>Fulmarus glacialis</taxonrv></taxoncl></taxoncl><taxoncl><taxonrn>Genus</taxonrn><taxonrv>Procellaria</taxonrv><taxoncl><taxonrn>Species</taxonrn><taxonrv>Procellaria parkinsoni</taxonrv></taxoncl></taxoncl><taxoncl><taxonrn>Genus</taxonrn><taxonrv>Pterodroma</taxonrv><taxoncl><taxonrn>Species</taxonrn><taxonrv>Pterodroma cookii</taxonrv></taxoncl><taxoncl><taxonrn>Species</taxonrn><taxonrv>Pterodroma externa</taxonrv></taxoncl><taxoncl><taxonrn>Species</taxonrn><taxonrv>Pterodroma inexpectata</taxonrv></taxoncl><taxoncl><taxonrn>Species</taxonrn><taxonrv>Pterodroma leucoptera</taxonrv></taxoncl><taxoncl><taxonrn>Species</taxonrn><taxonrv>Pterodroma longirostris</taxonrv></taxoncl><taxoncl><taxonrn>Species</taxonrn><taxonrv>Pterodroma neglecta</taxonrv></taxoncl><taxoncl><taxonrn>Species</taxonrn><taxonrv>Pterodroma sandwichensis</taxonrv></taxoncl><taxoncl><taxonrn>Species</taxonrn><taxonrv>Pterodroma solandri</taxonrv></taxoncl><taxoncl><taxonrn>Species</taxonrn><taxonrv>Pterodroma ultima</taxonrv></taxoncl></taxoncl><taxoncl><taxonrn>Genus</taxonrn><taxonrv>Puffinus</taxonrv><taxoncl><taxonrn>Species</taxonrn><taxonrv>Puffinus bulleri</taxonrv></taxoncl><taxoncl><taxonrn>Species</taxonrn><taxonrv>Puffinus carneipes</taxonrv></taxoncl><taxoncl><taxonrn>Species</taxonrn><taxonrv>Puffinus creatopus</taxonrv></taxoncl><taxoncl><taxonrn>Species</taxonrn><taxonrv>Puffinus griseus</taxonrv></taxoncl><taxoncl><taxonrn>Species</taxonrn><taxonrv>Puffinus opisthomelas</taxonrv></taxoncl><taxoncl><taxonrn>Species</taxonrn><taxonrv>Puffinus pacificus</taxonrv></taxoncl><taxoncl><taxonrn>Species</taxonrn><taxonrv>Puffinus tenuirostris</taxonrv></taxoncl></taxoncl></taxoncl><taxoncl><taxonrn>Family</taxonrn><taxonrv>Hydrobatidae</taxonrv><taxoncl><taxonrn>Subfamily</taxonrn><taxonrv>Oceanitinae</taxonrv><taxoncl><taxonrn>Genus</taxonrn><taxonrv>Oceanites</taxonrv><taxoncl><taxonrn>Species</taxonrn><taxonrv>Oceanites oceanicus</taxonrv></taxoncl></taxoncl></taxoncl><taxoncl><taxonrn>Subfamily</taxonrn><taxonrv>Hydrobatinae</taxonrv><taxoncl><taxonrn>Genus</taxonrn><taxonrv>Oceanodroma</taxonrv><taxoncl><taxonrn>Species</taxonrn><taxonrv>Oceanodroma furcata</taxonrv></taxoncl><taxoncl><taxonrn>Species</taxonrn><taxonrv>Oceanodroma homochroa</taxonrv></taxoncl><taxoncl><taxonrn>Species</taxonrn><taxonrv>Oceanodroma leucorhoa</taxonrv></taxoncl><taxoncl><taxonrn>Species</taxonrn><taxonrv>Oceanodroma melania</taxonrv></taxoncl><taxoncl><taxonrn>Species</taxonrn><taxonrv>Oceanodroma microsoma</taxonrv></taxoncl><taxoncl><taxonrn>Species</taxonrn><taxonrv>Oceanodroma tethys</taxonrv></taxoncl></taxoncl></taxoncl></taxoncl><taxoncl><taxonrn>Family</taxonrn><taxonrv>Pelecanidae</taxonrv><taxoncl><taxonrn>Genus</taxonrn><taxonrv>Pelecanus</taxonrv><taxoncl><taxonrn>Species</taxonrn><taxonrv>Pelecanus erythrorhynchos</taxonrv></taxoncl><taxoncl><taxonrn>Species</taxonrn><taxonrv>Pelecanus occidentalis</taxonrv></taxoncl></taxoncl></taxoncl><taxoncl><taxonrn>Family</taxonrn><taxonrv>Phaethontidae</taxonrv><taxoncl><taxonrn>Genus</taxonrn><taxonrv>Phaethon</taxonrv><taxoncl><taxonrn>Species</taxonrn><taxonrv>Phaethon aethereus</taxonrv></taxoncl><taxoncl><taxonrn>Species</taxonrn><taxonrv>Phaethon rubricauda</taxonrv></taxoncl></taxoncl></taxoncl><taxoncl><taxonrn>Family</taxonrn><taxonrv>Phalacrocoracidae</taxonrv><taxoncl><taxonrn>Genus</taxonrn><taxonrv>Phalacrocorax</taxonrv><taxoncl><taxonrn>Species</taxonrn><taxonrv>Phalacrocorax auritus</taxonrv></taxoncl><taxoncl><taxonrn>Species</taxonrn><taxonrv>Phalacrocorax pelagicus</taxonrv></taxoncl><taxoncl><taxonrn>Species</taxonrn><taxonrv>Phalacrocorax penicillatus</taxonrv></taxoncl></taxoncl></taxoncl><taxoncl><taxonrn>Family</taxonrn><taxonrv>Stercorariidae</taxonrv><taxoncl><taxonrn>Genus</taxonrn><taxonrv>Stercorarius</taxonrv><taxoncl><taxonrn>Species</taxonrn><taxonrv>Stercorarius longicaudus</taxonrv></taxoncl><taxoncl><taxonrn>Species</taxonrn><taxonrv>Stercorarius parasiticus</taxonrv></taxoncl><taxoncl><taxonrn>Species</taxonrn><taxonrv>Stercorarius pomarinus</taxonrv></taxoncl></taxoncl></taxoncl><taxoncl><taxonrn>Family</taxonrn><taxonrv>Sulidae</taxonrv><taxoncl><taxonrn>Genus</taxonrn><taxonrv>Sula</taxonrv><taxoncl><taxonrn>Species</taxonrn><taxonrv>Sula leucogaster</taxonrv></taxoncl><taxoncl><taxonrn>Species</taxonrn><taxonrv>Sula sula</taxonrv></taxoncl></taxoncl></taxoncl></taxoncl><taxoncl><taxonrn>Order</taxonrn><taxonrv>Anseriformes</taxonrv><taxoncl><taxonrn>Family</taxonrn><taxonrv>Anatidae</taxonrv><taxoncl><taxonrn>Subfamily</taxonrn><taxonrv>Anatinae</taxonrv><taxoncl><taxonrn>Genus</taxonrn><taxonrv>Melanitta</taxonrv><taxoncl><taxonrn>Species</taxonrn><taxonrv>Melanitta fusca</taxonrv><taxoncl><taxonrn>Subspecies</taxonrn><taxonrv>Melanitta fusca deglandi</taxonrv></taxoncl></taxoncl></taxoncl></taxoncl></taxoncl></taxoncl></taxoncl><taxoncl><taxonrn>Class</taxonrn><taxonrv>Mammalia</taxonrv><taxoncl><taxonrn>Subclass</taxonrn><taxonrv>Theria</taxonrv><taxoncl><taxonrn>Infraclass</taxonrn><taxonrv>Eutheria</taxonrv><taxoncl><taxonrn>Order</taxonrn><taxonrv>Carnivora</taxonrv><taxoncl><taxonrn>Suborder</taxonrn><taxonrv>Caniformia</taxonrv><taxoncl><taxonrn>Family</taxonrn><taxonrv>Otariidae</taxonrv><taxoncl><taxonrn>Genus</taxonrn><taxonrv>Arctocephalus</taxonrv><taxoncl><taxonrn>Species</taxonrn><taxonrv>Arctocephalus townsendi</taxonrv></taxoncl></taxoncl><taxoncl><taxonrn>Genus</taxonrn><taxonrv>Callorhinus</taxonrv><taxoncl><taxonrn>Species</taxonrn><taxonrv>Callorhinus ursinus</taxonrv></taxoncl></taxoncl><taxoncl><taxonrn>Genus</taxonrn><taxonrv>Eumetopias</taxonrv><taxoncl><taxonrn>Species</taxonrn><taxonrv>Eumetopias jubatus</taxonrv></taxoncl></taxoncl><taxoncl><taxonrn>Genus</taxonrn><taxonrv>Zalophus</taxonrv><taxoncl><taxonrn>Species</taxonrn><taxonrv>Zalophus californianus</taxonrv></taxoncl></taxoncl></taxoncl><taxoncl><taxonrn>Family</taxonrn><taxonrv>Phocidae</taxonrv><taxoncl><taxonrn>Genus</taxonrn><taxonrv>Mirounga</taxonrv><taxoncl><taxonrn>Species</taxonrn><taxonrv>Mirounga angustirostris</taxonrv></taxoncl></taxoncl><taxoncl><taxonrn>Genus</taxonrn><taxonrv>Phoca</taxonrv><taxoncl><taxonrn>Species</taxonrn><taxonrv>Phoca vitulina</taxonrv></taxoncl></taxoncl></taxoncl></taxoncl></taxoncl><taxoncl><taxonrn>Order</taxonrn><taxonrv>Cetacea</taxonrv><taxoncl><taxonrn>Suborder</taxonrn><taxonrv>Mysticeti</taxonrv><taxoncl><taxonrn>Family</taxonrn><taxonrv>Balaenopteridae</taxonrv><taxoncl><taxonrn>Genus</taxonrn><taxonrv>Balaenoptera</taxonrv><taxoncl><taxonrn>Species</taxonrn><taxonrv>Balaenoptera acutorostrata</taxonrv></taxoncl><taxoncl><taxonrn>Species</taxonrn><taxonrv>Balaenoptera borealis</taxonrv></taxoncl><taxoncl><taxonrn>Species</taxonrn><taxonrv>Balaenoptera musculus</taxonrv></taxoncl><taxoncl><taxonrn>Species</taxonrn><taxonrv>Balaenoptera physalus</taxonrv></taxoncl></taxoncl><taxoncl><taxonrn>Genus</taxonrn><taxonrv>Megaptera</taxonrv><taxoncl><taxonrn>Species</taxonrn><taxonrv>Megaptera novaeangliae</taxonrv></taxoncl></taxoncl></taxoncl><taxoncl><taxonrn>Family</taxonrn><taxonrv>Eschrichtiidae</taxonrv><taxoncl><taxonrn>Genus</taxonrn><taxonrv>Eschrichtius</taxonrv><taxoncl><taxonrn>Species</taxonrn><taxonrv>Eschrichtius robustus</taxonrv></taxoncl></taxoncl></taxoncl></taxoncl><taxoncl><taxonrn>Suborder</taxonrn><taxonrv>Odontoceti</taxonrv><taxoncl><taxonrn>Family</taxonrn><taxonrv>Hyperoodontidae</taxonrv><taxoncl><taxonrn>Genus</taxonrn><taxonrv>Berardius</taxonrv><taxoncl><taxonrn>Species</taxonrn><taxonrv>Berardius bairdii</taxonrv></taxoncl></taxoncl><taxoncl><taxonrn>Genus</taxonrn><taxonrv>Mesoplodon</taxonrv></taxoncl><taxoncl><taxonrn>Genus</taxonrn><taxonrv>Ziphius</taxonrv><taxoncl><taxonrn>Species</taxonrn><taxonrv>Ziphius cavirostris</taxonrv></taxoncl></taxoncl></taxoncl><taxoncl><taxonrn>Family</taxonrn><taxonrv>Delphinidae</taxonrv><taxoncl><taxonrn>Genus</taxonrn><taxonrv>Delphinus</taxonrv><taxoncl><taxonrn>Species</taxonrn><taxonrv>Delphinus capensis</taxonrv></taxoncl><taxoncl><taxonrn>Species</taxonrn><taxonrv>Delphinus delphis</taxonrv></taxoncl></taxoncl><taxoncl><taxonrn>Genus</taxonrn><taxonrv>Globicephala</taxonrv><taxoncl><taxonrn>Species</taxonrn><taxonrv>Globicephala macrorhynchus</taxonrv></taxoncl></taxoncl><taxoncl><taxonrn>Genus</taxonrn><taxonrv>Grampus</taxonrv><taxoncl><taxonrn>Species</taxonrn><taxonrv>Grampus griseus</taxonrv></taxoncl></taxoncl><taxoncl><taxonrn>Genus</taxonrn><taxonrv>Lagenorhynchus</taxonrv><taxoncl><taxonrn>Species</taxonrn><taxonrv>Lagenorhynchus obliquidens</taxonrv></taxoncl></taxoncl><taxoncl><taxonrn>Genus</taxonrn><taxonrv>Lissodelphis</taxonrv><taxoncl><taxonrn>Species</taxonrn><taxonrv>Lissodelphis borealis</taxonrv></taxoncl></taxoncl><taxoncl><taxonrn>Genus</taxonrn><taxonrv>Orcinus</taxonrv><taxoncl><taxonrn>Species</taxonrn><taxonrv>Orcinus orca</taxonrv></taxoncl></taxoncl><taxoncl><taxonrn>Genus</taxonrn><taxonrv>Pseudorca</taxonrv><taxoncl><taxonrn>Species</taxonrn><taxonrv>Pseudorca crassidens</taxonrv></taxoncl></taxoncl><taxoncl><taxonrn>Genus</taxonrn><taxonrv>Stenella</taxonrv><taxoncl><taxonrn>Species</taxonrn><taxonrv>Stenella coeruleoalba</taxonrv></taxoncl></taxoncl><taxoncl><taxonrn>Genus</taxonrn><taxonrv>Tursiops</taxonrv><taxoncl><taxonrn>Species</taxonrn><taxonrv>Tursiops truncatus</taxonrv></taxoncl></taxoncl></taxoncl><taxoncl><taxonrn>Family</taxonrn><taxonrv>Kogiidae</taxonrv><taxoncl><taxonrn>Genus</taxonrn><taxonrv>Kogia</taxonrv><taxoncl><taxonrn>Species</taxonrn><taxonrv>Kogia breviceps</taxonrv></taxoncl></taxoncl></taxoncl><taxoncl><taxonrn>Family</taxonrn><taxonrv>Phocoenidae</taxonrv><taxoncl><taxonrn>Genus</taxonrn><taxonrv>Phocoena</taxonrv><taxoncl><taxonrn>Species</taxonrn><taxonrv>Phocoena phocoena</taxonrv></taxoncl></taxoncl><taxoncl><taxonrn>Genus</taxonrn><taxonrv>Phocoenoides</taxonrv><taxoncl><taxonrn>Species</taxonrn><taxonrv>Phocoenoides dalli</taxonrv></taxoncl></taxoncl></taxoncl><taxoncl><taxonrn>Family</taxonrn><taxonrv>Physeteridae</taxonrv><taxoncl><taxonrn>Genus</taxonrn><taxonrv>Physeter</taxonrv><taxoncl><taxonrn>Species</taxonrn><taxonrv>Physeter macrocephalus</taxonrv></taxoncl></taxoncl></taxoncl></taxoncl></taxoncl></taxoncl></taxoncl></taxoncl><taxoncl><taxonrn>Class</taxonrn><taxonrv>Reptilia</taxonrv><taxoncl><taxonrn>Order</taxonrn><taxonrv>Testudines</taxonrv><taxoncl><taxonrn>Family</taxonrn><taxonrv>Cheloniidae</taxonrv><taxoncl><taxonrn>Genus</taxonrn><taxonrv>Chelonia</taxonrv><taxoncl><taxonrn>Species</taxonrn><taxonrv>Chelonia mydas</taxonrv></taxoncl></taxoncl><taxoncl><taxonrn>Genus</taxonrn><taxonrv>Eretmochelys</taxonrv><taxoncl><taxonrn>Species</taxonrn><taxonrv>Eretmochelys imbricata</taxonrv></taxoncl></taxoncl><taxoncl><taxonrn>Genus</taxonrn><taxonrv>Lepidochelys</taxonrv><taxoncl><taxonrn>Species</taxonrn><taxonrv>Lepidochelys olivacea</taxonrv></taxoncl></taxoncl></taxoncl><taxoncl><taxonrn>Family</taxonrn><taxonrv>Dermochelyidae</taxonrv><taxoncl><taxonrn>Genus</taxonrn><taxonrv>Dermochelys</taxonrv><taxoncl><taxonrn>Species</taxonrn><taxonrv>Dermochelys coriacea</taxonrv></taxoncl></taxoncl></taxoncl></taxoncl></taxoncl></taxoncl><taxoncl><taxonrn>Class</taxonrn><taxonrv>Aves</taxonrv><taxoncl><taxonrn>Species</taxonrn><taxonrv>Catharacta maccormicki</taxonrv></taxoncl></taxoncl></taxoncl></taxoncl></taxonomy>
	<accconst>Open public unless otherwise noted. See Use Constraints for details.</accconst><useconst>1. Not to use data obtained from OBIS-SEAMAP in any publication, product, or commercial application without proper attribution to the original data provider(s) and OBIS-SEAMAP unless the datasets are explicitly shown under the CC0 policy. Citations or credits are suggested as attribution. If the data you downloaded come from multiple datasets, a citation or credit to each of the datasets is required.

Suggested citation for this dataset

Sydeman, W. 2015. CalCOFI and NMFS Seabird and Marine Mammal Observation Data, 1987-2006. Data downloaded from OBIS-SEAMAP (http://seamap.env.duke.edu/dataset/507) on yyyy-mm-dd.

Suggested citation for OBIS-SEAMAP:

Halpin, P.N., A.J. Read, E. Fujioka, B.D. Best, B. Donnelly, L.J. Hazen, C. Kot, K. Urian, E. LaBrecque, A. Dimatteo, J. Cleary, C. Good, L.B. Crowder, and K.D. Hyrenbach. 2009. OBIS-SEAMAP: The world data center for marine mammal, sea bird, and sea turtle distributions. Oceanography 22(2):104-115

2. To forward the citation of any publication / report that made use of the data / tools provided by OBIS-SEAMAP for inclusion in our list of references.

3. Not to hold OBIS-SEAMAP or the original data providers liable for errors in the data. While we have made every effort to ensure the quality of the database, we cannot guarantee the accuracy of these datasets. 

4. The burden for determining fitness for use of the downloaded data for any analyses lies entirely with the user. OBIS-SEAMAP or the original data providers do not support outcomes of your analyses that used the data you downloaded from OBIS-SEAMAP.

5. To consider inclusion of the accompanying transect (effort) dataset if available into the methodology of your analyses.

6. Not to redistribute the data you downloaded from OBIS-SEAMAP through any media without contect from OBIS-SEAMAP and the original data providers unless the datasets are explicitly shown under the CC0 policy.</useconst><ptcontac>
		<cntinfo>
			<cntperp><cntper>Marine Division Director , PRBO; William Sydeman</cntper><cntorg>PRBO Conservation Science; Farallon Institute for Advanced Ecosystem Research</cntorg></cntperp>
			<cntaddr>
				<addrtype>mailing and physical address</addrtype>
			<address>n/a; PO Box 750756</address><city>n/a; Petaluma</city><state>n/a; CA</state><postal>n/a; 94952</postal><country>n/a; USA</country></cntaddr>
		<cntvoice>n/a; (707) 478-1381</cntvoice><cntemail>marinedirector@prbo.org; wsydeman@comcast.net</cntemail></cntinfo>
	</ptcontac><datacred>The projects were conducted under the grants awarded to the following &#13;
organizations and their scientists.&#13;
&#13;
The principle investigators of the CalCOFI part of this dataset are&#13;
(in the chronological order from 1987 to 2006):&#13;
Richard Veit and John McGowan, Scripps Institution of Oceanography (1987-1994)&#13;
David Hyrenbach, Scripps Institution of Oceanography (1994-2000)&#13;
Bill Sydeman, PRBO Conservation Science (2000-2006)&#13;
&#13;
The principle investigators of the Rockfish part of this dataset is&#13;
Bill Sydeman, PRBO Conservation Science (1996-2006)&#13;
&#13;
# the affiliations are the ones they belonged to at the time of the surveys.&#13;
&#13;
The data were contributed by PRBO Conservation Science.&#13;
These two projects are on going. See [Supplemental information] for the &#13;
information on the PIs and organizations in recent years.</datacred>
	<native>Relational database</native>
	
	
	
	
	
	
	
	
	
	
	<crossref><citeinfo><origin>Jahncke, J. and C. Rintoul</origin><pubdate>2006</pubdate><title>California Cooperative Oceanic Fisheries Investigations (CalCOFI) and National Marine Fisheries Service (NMFS) cruises, 1987-2006</title></citeinfo></crossref><crossref><citeinfo><origin>Yen, P.P.W., W.J. Sydeman, S.J. Bograd, K.D. Hyrenbach</origin><pubdate>2006</pubdate><title>Spring-time distributions  of migratory marine birds in the southern California Current: Oceanic eddy associations  and coastal habitat hotspots over 17 years.</title><serinfo><sername>Deep-Sea Research II</sername><issue>53 (2006) 399–418</issue></serinfo></citeinfo></crossref><crossref><citeinfo><origin>Yen, P.P.W., W. J. Sydeman, K. D. Hyrenbach</origin><pubdate>2004</pubdate><title>Marine bird and cetacean associations with bathymetric habitats and shallow-water topographies: implications for trophic transfer and conservation</title><serinfo><sername>Journal of Marine Systems</sername><issue>50 (2004) 79– 99</issue></serinfo></citeinfo></crossref><crossref><citeinfo><origin>Halpin, P.N., A.J. Read, E. Fujioka, B.D. Best, B. Donnelly, L.J. Hazen, C. Kot, K. Urian, E. LaBrecque, A. Dimatteo, J. Cleary, C. Good, L.B. Crowder, and K.D. Hyrenbach</origin><pubdate>2009</pubdate><title>OBIS-SEAMAP: The world data center for marine mammal, sea bird, and sea turtle distributions</title><serinfo><sername>Oceanography</sername><issue>22(2):104-115</issue></serinfo><onlink>http://www.tos.org/oceanography/article/obis-seamap-the-world-data-center-for-marine-mammal-sea-bird-and-sea-turtle</onlink></citeinfo></crossref></idinfo>
	<dataqual><attracc><attraccr>Transects (TRAN) have been divided into 3km bins (BIN) based on their starting points (START_LAT, START_LON)) and their length.  Starting/ending latitude and longitude coordinates (START_LAT, STOP_LAT, START_LON, STOP_LON) represent where each bin began/ended.  There is continuous survey coverage between the start and end coordinates, although any given transect/bin or portion of a transect/bin may or may not have observations of seabirds or marine mammals.  The average latitude and longitude coordinates (MID_LAT and MID_LON) correspond to the calculated center point of the bin, and may not be the exact midpoint passed through by the cruise survey track.  Bird and mammal  observation locations have been summarized to fit these bins, and are identified by cruise, date, transect, and bin (GIS_KEY), and can be linked to the base data as such.  Within each bin, bird and mammal observations for a given species are summed.  This generalization has removed actual bird and mammal observation locations from the database, and the bin coordinates in the base data will correspond only generally to actual coordinates where birds and mammals  were observed.</attraccr></attracc><logic>Data records represent bins of survey data derived from continuous transect data, with each record representing a unique species and behavior in the bin.  There may be muliple records for a given species if multiple behaviors were observed.  Bins were created using software designed for this purpose.</logic><complete>Data records represent bins of survey data derived from continuous transect data, with each record representing a unique species and behavior in the bin.  There may be muliple records for a given species if multiple behaviors were observed.  Bins were created using software designed for this purpose.</complete><lineage><procstep><procdesc>Data were put through the OBIS-SEAMAP data registration steps.</procdesc><procdate>20131231</procdate></procstep></lineage></dataqual><spdoinfo><direct>Point</direct></spdoinfo><spref><horizsys><geograph>
				<latres>1e-06</latres><longres>1e-06</longres><geogunit>Decimal degrees</geogunit></geograph>
			<geodetic><horizdn>D_WGS_1984</horizdn><ellips>WGS_1984</ellips>
				<semiaxis>6378137.000000</semiaxis><denflat>298.257224</denflat></geodetic></horizsys></spref>

<eainfo><detailed><enttyp><enttypl>Biogeographic data</enttypl><enttypd>Biogeographic data</enttypd><enttypds>Not applicable</enttypds></enttyp><attr><attrlabl>id</attrlabl><attrdef>Provider assigned ID</attrdef><attrdefs>Data provider</attrdefs><attrdomv><udom>Provider assigned ID</udom></attrdomv></attr><attr><attrlabl>gis_key</attrlabl><attrdef>Primary key; a concatenation of survey name + year + month + date + survey bin/transect number (bin)</attrdef><attrdefs>Data provider</attrdefs><attrdomv><udom>Primary key; a concatenation of survey name + year + month + date + survey bin/transect number (bin)</udom></attrdomv></attr><attr><attrlabl>obs_date</attrlabl><attrdef>Date of survey bin (MM/DD/YYYY)</attrdef><attrdefs>Data provider</attrdefs><attrdomv><rdom><rdommin>1987-05-02</rdommin><rdommax>2006-11-04</rdommax></rdom></attrdomv></attr><attr><attrlabl>obs_time</attrlabl><attrdef>Start time of survey bin</attrdef><attrdefs>Data provider</attrdefs><attrdomv><rdom><rdommin>00:00:00</rdommin><rdommax>23:59:42</rdommax></rdom></attrdomv></attr><attr><attrlabl>latitude</attrlabl><attrdef>Midpoint Latitude Position of Bin (decimal degrees)</attrdef><attrdefs>Data provider</attrdefs><attrdomv><rdom><rdommin>29.77212000</rdommin><rdommax>40.09133100</rdommax></rdom></attrdomv></attr><attr><attrlabl>longitude</attrlabl><attrdef>Midpoint Longitude Position of Bin (decimal degrees)</attrdef><attrdefs>Data provider</attrdefs><attrdomv><rdom><rdommin>-126.47423700</rdommin><rdommax>-117.23450000</rdommax></rdom></attrdomv></attr><attr><attrlabl>species</attrlabl><attrdef>Species of seabird or mammal observation</attrdef><attrdefs>Data provider</attrdefs><attrdomv><udom>Species of seabird or mammal observation</udom></attrdomv></attr><attr><attrlabl>sp_tsn</attrlabl><attrdef>Taxonomic Serial Number by Integrated Taxonomic Information System</attrdef><attrdefs>Data provider</attrdefs><attrdomv><codesetd><codesetn>Taxonomic Serial Number by Integrated Taxonomic Information System</codesetn><codesets>Data provider</codesets></codesetd></attrdomv></attr><attr><attrlabl>scientific</attrlabl><attrdef>Scientific name</attrdef><attrdefs>Data provider</attrdefs><attrdomv><udom>Scientific name</udom></attrdomv></attr><attr><attrlabl>rank</attrlabl><attrdef>Species taxonomic rank</attrdef><attrdefs>Data provider</attrdefs><attrdomv><udom>Species taxonomic rank</udom></attrdomv></attr><attr><attrlabl>behavior</attrlabl><attrdef>Behavior of seabird or mammal observation</attrdef><attrdefs>Data provider</attrdefs><attrdomv><udom>Behavior of seabird or mammal observation</udom></attrdomv></attr><attr><attrlabl>obs_count</attrlabl><attrdef>Count of observation</attrdef><attrdefs>Data provider</attrdefs><attrdomv><rdom><rdommin>1</rdommin><rdommax>12950</rdommax></rdom></attrdomv></attr><attr><attrlabl>depth</attrlabl><attrdef>Bathymetric depth of survey bin (CalCOFI and NMFS only)</attrdef><attrdefs>Data provider</attrdefs><attrdomv><rdom><rdommin>-4750</rdommin><rdommax>0</rdommax></rdom></attrdomv></attr><attr><attrlabl>svy</attrlabl><attrdef>3 letter survey code CAC=CalCOFI;  LIP=Line P; CPR=Continuous Plankton Recorder; NMF=NMFS Rockfish Recruitment Survey</attrdef><attrdefs>Data provider</attrdefs><attrdomv><codesetd><codesetn>3 letter survey code CAC=CalCOFI;  LIP=Line P; CPR=Continuous Plankton Recorder; NMF=NMFS Rockfish Recruitment Survey</codesetn><codesets>Data provider</codesets></codesetd></attrdomv></attr><attr><attrlabl>cruise</attrlabl><attrdef>Unique ID attributed to individual cruises (SVY+YYY_MM)</attrdef><attrdefs>Data provider</attrdefs><attrdomv><codesetd><codesetn>Unique ID attributed to individual cruises (SVY+YYY_MM)</codesetn><codesets>Data provider</codesets></codesetd></attrdomv></attr><attr><attrlabl>geom</attrlabl><attrdef>Geometry field added by OBIS-SEAMAP</attrdef><attrdefs>Data provider</attrdefs><attrdomv><udom>Geometry field added by OBIS-SEAMAP</udom></attrdomv></attr><attr><attrlabl>oid</attrlabl><attrdef>Unique ID number (generated by OBIS-SEAMAP)</attrdef><attrdefs>Data provider</attrdefs><attrdomv><udom>Unique ID number (generated by OBIS-SEAMAP)</udom></attrdomv></attr></detailed><overview><eaover>This section explains attributes included in the original dataset.&#13;
OBIS-SEAMAP restricts the attributes available to the public to date/time, lat/lon and species names/counts only.&#13;
Should you need other attributes described here, you are encouraged to contact the data provider.</eaover><eadetcit>PRBO Conservation Science</eadetcit></overview>
	</eainfo><distinfo>
	<distrib>
		<cntinfo>
			<cntorgp>
				<cntorg>Nicholas School of Environment, Duke Univ.</cntorg>
				<cntper>OBIS-SEAMAP</cntper>
			</cntorgp>
			<cntaddr>
				<addrtype>mailing and physical address</addrtype>
				<address>A328, LSRC</address><city>Durham</city><state>NC</state><postal>27708</postal><country>USA</country>
			</cntaddr>
			<cntvoice>919-613-8021</cntvoice>
			<cntemail>seamap-contact@duke.edu</cntemail>
		</cntinfo>
	</distrib><resdesc>OBIS-SEAMAP Dataset ID 507</resdesc><distliab>Not to hold OBIS-SEAMAP liable for errors in the data. While we have made every effort to ensure the quality of the database, we cannot guarantee the accuracy of these datasets.&#13;
Also please refer to Use Constraints.</distliab>
	<stdorder>
		<digform>
			<digtinfo>
				<formname>CSV and ESRI shapefile</formname></digtinfo>
			<digtopt>
				<onlinopt>
					<computer>
						<networka>
							<networkr>OBIS-SEAMAP</networkr>
						</networka>
					</computer>
				</onlinopt>
			</digtopt>
		</digform>
		<fees>Free</fees>
		<ordering>Go to the OBIS-SEAMAP web site.</ordering>
	</stdorder>
	

	
</distinfo><metainfo>
	<metd>20140210</metd><metc>
		<cntinfo><cntperp>
	<cntper>Ei Fujioka</cntper>
	<cntorg>Duke University</cntorg></cntperp><cntaddr><addrtype>mailing and physical address</addrtype><address>A328, LSRC</address><city>Durham</city><state>NC</state><postal>27708</postal><country>USA</country></cntaddr>
			<cntvoice>919-613-8021</cntvoice>
			<cntemail>seamap-contact@duke.edu</cntemail>
			</cntinfo>
	</metc><metstdn>FGDC Content Standards for Digital Geospatial Metadata</metstdn><metstdv>FGDC-STD-001-1998</metstdv><mettc>local time</mettc>
	
	
	
	
	<metextns><onlink>http://www.nbii.gov/</onlink><metprof>Biological Data Profile</metprof></metextns>
	
	<metrd>20140210</metrd></metainfo>
	
</metadata>
