<?xml version="1.0" encoding="UTF-8"?>
<metadata xml:lang="en">
<idinfo>
	<citation>
		<citeinfo><origin>Halpin, P.N., A.J. Read, E. Fujioka, B.D. Best, B. Donnelly, L.J. Hazen, C. Kot, K. Urian, E. LaBrecque, A. Dimatteo, J. Cleary, C. Good, L.B. Crowder, and K.D. Hyrenbach</origin><pubdate>2009</pubdate><title>OBIS-SEAMAP: The world data center for marine mammal, sea bird, and sea turtle distributions</title><serinfo><sername>Oceanography</sername><issue>22(2):104-115</issue></serinfo><onlink>http://www.tos.org/oceanography/article/obis-seamap-the-world-data-center-for-marine-mammal-sea-bird-and-sea-turtle</onlink></citeinfo>
	</citation><descript>
	<abstract>In order to establish a baseline map of cetaceans and other pelagic megafauna across the French EEZ, the French agency for marine protected areas (AAMP) decided to conduct a series of surveys allowing hotspots of abundance and diversity to be identified and a future monitoring scheme to be established. A dedicated aerial survey methodology, following standard protocols, was preferred to ship surveys. The general design corresponds to published protocols prepared for small cetaceans, but data for other marine mammals (large whales, sirenians), seabirds, sea-turtles, large teleosts and large elasmobranchs) are collected as well. Data collected include species, group size, angle to survey track for cetaceans located within 500m on both sides of survey track, allowing line transect data analyses. For seabirds all encounters located within 200m on both sides of survey track are recorded for strip-transect analysis. Covariates collected on board include sea-state, turbidity, glare and cloud coverage. The study areas include all sectors of the French EEZ: North-East Atlantic, the tropical Atlantic (French Caribbean and Guiana), Indian (Reunion Island, Mayotte and the Scattered Islands) and south Pacific oceans (French Polynesia, New Caledonia, Wallis and Futuna). &#13;
These surveys follow the general SCANS methodology (Hiby and Lovell, 1998) adapted to aircrafts. A zigzag track layout is used and transects are sampled at a target altitude of 180 m and ground speed of 90 nm.h-1 (167 km.h-1). Survey platforms are high-wing, double-engine aircrafts fitted with bubble windows; a Partenavia P68 was used in 2008 in the Atlantic and two Britten Norman BN-2 in 2009-10 in the southwest Indian Ocean. &#13;
Survey crew typically consists in two trained observers observing with naked eyes and a flight leader in charge of data collection.</abstract><purpose>In order to establish a baseline map of cetaceans and other pelagic megafauna across the French EEZ, it was decided to conduct a series of surveys from 2008 onwards following a standardized methodology that would allow comparisons within and between regions as well as temporally, for the sake of the identification of hotspots of abundance and diversity and the establishment of a future monitoring scheme. These surveys are named the REMMOA and SAMM surveys for REcensement des Mammifères marins et autre Mégafaune pélagique par Observation Aérienne (Census of marine mammals and other pelagic megafauna by aerial survey) and Suivi Aérien de la Megafaune Marine (Aerial survey for marine megafauna). Additionally, considering the fragmented nature of the French EEZ, notably compared to the spatial scale that is relevant for the species of interest, the implementation of these surveys at regional scale by collaboration with neighboring countries was encouraged.</purpose><supplinf>[2022-01-18] Data in 2020 were appended.&#13;
[2018-04-26] Data in 2016 and 2017 were appended.&#13;
&#13;
Time and group size of the sightings are not available online. They may be released upon request.&#13;
&#13;
There are records for plankton observations but these records are not visible online.&#13;
&#13;
The animals the provider identified as Sterninae spp were registered as Laridae spp. However, you can still see the original species identification online.</supplinf></descript><timeperd><timeinfo><rngdates><begdate>20020803</begdate><enddate>20200313</enddate></rngdates></timeinfo><current>ground condition</current></timeperd><status><progress>Complete</progress><update>None planned</update></status><spdom><descgeog>Global</descgeog><bounding><westbc>0.00014</westbc><eastbc>359.99938</eastbc><northbc>51.571235</northbc><southbc>-25.86469</southbc></bounding>
	</spdom><keywords><theme><themekt>None</themekt><themekey>Marine Animal Survey</themekey><themekey>Marine Biology</themekey><themekey>Seabirds</themekey><themekey>Marine mammals</themekey><themekey>Sea turtles</themekey><themekey>Elasmobranchii</themekey><themekey>Visual Sighting</themekey><themekey>Aircraft</themekey></theme><place><placekt>None</placekt><placekey>Global</placekey></place></keywords><taxonomy><keywtax><taxonkt>Taxon covered</taxonkt><taxonkey>Marine mammals</taxonkey><taxonkey>seabirds</taxonkey><taxonkey>Sea turtles</taxonkey><taxonkey>Rays and sharks</taxonkey></keywtax><taxonsys><classsys><classcit><citeinfo><origin>Integrated Taxonomic Information System</origin><pubdate>Unknown</pubdate><title>Integrated Taxonomic Information System</title><geoform>Not applicable</geoform><othercit>Downloaded April, 2004</othercit><onlink>http://www.itis.usda.gov/</onlink></citeinfo></classcit></classsys><ider><cntinfo><cntperp><cntper>Refer to the contact information of the dataset</cntper><cntorg>Refer to the contact information of the dataset</cntorg></cntperp><cntaddr><addrtype>mailing and physical address</addrtype><address>Refer to the contact information of the dataset</address><city>Refer to the contact information of the dataset</city><state>Refer to the contact information of the dataset</state><postal>Refer to the contact information of the dataset</postal><country>Refer to the contact information of the dataset</country></cntaddr><cntvoice>Not provided</cntvoice></cntinfo></ider><taxonpro>Identified by observers or researchers conducting the survey</taxonpro></taxonsys><taxoncl><taxonrn>Kingdom</taxonrn><taxonrv>Animalia</taxonrv><taxoncl><taxonrn>Phylum</taxonrn><taxonrv>Chordata</taxonrv><taxoncl><taxonrn>Subphylum</taxonrn><taxonrv>Vertebrata</taxonrv><taxoncl><taxonrn>Class</taxonrn><taxonrv>Chondrichthyes</taxonrv><taxoncl><taxonrn>Subclass</taxonrn><taxonrv>Elasmobranchii</taxonrv><taxoncl><taxonrn>Superorder</taxonrn><taxonrv>Euselachii</taxonrv><taxoncl><taxonrn>Order</taxonrn><taxonrv>Myliobatiformes</taxonrv><taxoncl><taxonrn>Family</taxonrn><taxonrv>Myliobatidae</taxonrv><taxoncl><taxoncl><taxonrn>Species</taxonrn><taxonrv>Aetobatus narinari</taxonrv></taxoncl></taxoncl></taxoncl><taxoncl><taxoncl><taxonrn>Genus</taxonrn><taxonrv>Dasyatis</taxonrv></taxoncl></taxoncl><taxoncl><taxonrn>Family</taxonrn><taxonrv>Mobulidae</taxonrv><taxoncl><taxonrn>Genus</taxonrn><taxonrv>Manta</taxonrv><taxoncl><taxonrn>Species</taxonrn><taxonrv>Manta birostris</taxonrv></taxoncl></taxoncl><taxoncl><taxonrn>Genus</taxonrn><taxonrv>Mobula</taxonrv><taxoncl><taxonrn>Species</taxonrn><taxonrv>Mobula mobular</taxonrv></taxoncl></taxoncl></taxoncl></taxoncl><taxoncl><taxonrn>Order</taxonrn><taxonrv>Lamniformes</taxonrv><taxoncl><taxonrn>Family</taxonrn><taxonrv>Alopiidae</taxonrv><taxoncl><taxonrn>Genus</taxonrn><taxonrv>Alopias</taxonrv><taxoncl><taxonrn>Species</taxonrn><taxonrv>Alopias vulpinus</taxonrv></taxoncl></taxoncl></taxoncl><taxoncl><taxonrn>Family</taxonrn><taxonrv>Lamnidae</taxonrv><taxoncl><taxonrn>Genus</taxonrn><taxonrv>Carcharodon</taxonrv><taxoncl><taxonrn>Species</taxonrn><taxonrv>Carcharodon carcharias</taxonrv></taxoncl></taxoncl><taxoncl><taxonrn>Genus</taxonrn><taxonrv>Lamna</taxonrv><taxoncl><taxonrn>Species</taxonrn><taxonrv>Lamna nasus</taxonrv></taxoncl></taxoncl></taxoncl><taxoncl><taxonrn>Family</taxonrn><taxonrv>Cetorhinidae</taxonrv><taxoncl><taxonrn>Genus</taxonrn><taxonrv>Cetorhinus</taxonrv><taxoncl><taxonrn>Species</taxonrn><taxonrv>Cetorhinus maximus</taxonrv></taxoncl></taxoncl></taxoncl></taxoncl><taxoncl><taxonrn>Order</taxonrn><taxonrv>Carcharhiniformes</taxonrv><taxoncl><taxonrn>Family</taxonrn><taxonrv>Carcharhinidae</taxonrv><taxoncl><taxoncl><taxonrn>Species</taxonrn><taxonrv>Carcharhinus longimanus</taxonrv></taxoncl></taxoncl><taxoncl><taxoncl><taxonrn>Species</taxonrn><taxonrv>Galeocerdo cuvier</taxonrv></taxoncl></taxoncl><taxoncl><taxonrn>Genus</taxonrn><taxonrv>Prionace</taxonrv><taxoncl><taxonrn>Species</taxonrn><taxonrv>Prionace glauca</taxonrv></taxoncl></taxoncl></taxoncl><taxoncl><taxonrn>Family</taxonrn><taxonrv>Sphyrnidae</taxonrv><taxoncl><taxonrn>Genus</taxonrn><taxonrv>Sphyrna</taxonrv></taxoncl></taxoncl></taxoncl><taxoncl><taxonrn>Order</taxonrn><taxonrv>Rajiformes</taxonrv></taxoncl><taxoncl><taxonrn>Order</taxonrn><taxonrv>Orectolobiformes</taxonrv><taxoncl><taxonrn>Family</taxonrn><taxonrv>Rhincodontidae</taxonrv><taxoncl><taxonrn>Genus</taxonrn><taxonrv>Rhincodon</taxonrv><taxoncl><taxonrn>Species</taxonrn><taxonrv>Rhincodon typus</taxonrv></taxoncl></taxoncl></taxoncl></taxoncl></taxoncl></taxoncl></taxoncl><taxoncl><taxonrn>Class</taxonrn><taxonrv>Aves</taxonrv><taxoncl><taxonrn>Order</taxonrn><taxonrv>Charadriiformes</taxonrv><taxoncl><taxonrn>Family</taxonrn><taxonrv>Alcidae</taxonrv></taxoncl><taxoncl><taxonrn>Family</taxonrn><taxonrv>Laridae</taxonrv><taxoncl><taxonrn>Genus</taxonrn><taxonrv>Anous</taxonrv><taxoncl><taxonrn>Species</taxonrn><taxonrv>Anous stolidus</taxonrv></taxoncl></taxoncl><taxoncl><taxoncl><taxonrn>Species</taxonrn><taxonrv>Chroicocephalus novaehollandiae</taxonrv></taxoncl><taxoncl><taxonrn>Species</taxonrn><taxonrv>Chroicocephalus ridibundus</taxonrv></taxoncl></taxoncl><taxoncl><taxonrn>Genus</taxonrn><taxonrv>Gygis</taxonrv><taxoncl><taxonrn>Species</taxonrn><taxonrv>Gygis alba</taxonrv><taxoncl><taxonrn>Subspecies</taxonrn><taxonrv>Gygis alba microrhyncha</taxonrv></taxoncl></taxoncl></taxoncl><taxoncl><taxoncl><taxonrn>Species</taxonrn><taxonrv>Hydrocoloeus minutus</taxonrv></taxoncl></taxoncl><taxoncl><taxoncl><taxonrn>Species</taxonrn><taxonrv>Ichthyaetus melanocephalus</taxonrv></taxoncl></taxoncl><taxoncl><taxonrn>Genus</taxonrn><taxonrv>Larus</taxonrv><taxoncl><taxonrn>Species</taxonrn><taxonrv>Larus argentatus</taxonrv></taxoncl><taxoncl><taxonrn>Species</taxonrn><taxonrv>Larus canus</taxonrv></taxoncl><taxoncl><taxonrn>Species</taxonrn><taxonrv>Larus fuscus</taxonrv></taxoncl><taxoncl><taxonrn>Species</taxonrn><taxonrv>Larus marinus</taxonrv></taxoncl><taxoncl><taxonrn>Species</taxonrn><taxonrv>Larus michahellis</taxonrv></taxoncl></taxoncl><taxoncl><taxoncl><taxonrn>Species</taxonrn><taxonrv>Leucophaeus atricilla</taxonrv></taxoncl></taxoncl><taxoncl><taxonrn>Genus</taxonrn><taxonrv>Onychoprion</taxonrv></taxoncl><taxoncl><taxoncl><taxonrn>Species</taxonrn><taxonrv>Procelsterna cerulea</taxonrv></taxoncl></taxoncl><taxoncl><taxonrn>Genus</taxonrn><taxonrv>Rissa</taxonrv><taxoncl><taxonrn>Species</taxonrn><taxonrv>Rissa tridactyla</taxonrv></taxoncl></taxoncl><taxoncl><taxonrn>Genus</taxonrn><taxonrv>Sterna</taxonrv><taxoncl><taxonrn>Species</taxonrn><taxonrv>Sterna hirundo</taxonrv></taxoncl></taxoncl><taxoncl><taxonrn>Genus</taxonrn><taxonrv>Thalasseus</taxonrv><taxoncl><taxonrn>Species</taxonrn><taxonrv>Thalasseus maximus</taxonrv></taxoncl><taxoncl><taxonrn>Species</taxonrn><taxonrv>Thalasseus sandvicensis</taxonrv></taxoncl></taxoncl></taxoncl><taxoncl><taxonrn>Family</taxonrn><taxonrv>Stercorariidae</taxonrv><taxoncl><taxonrn>Genus</taxonrn><taxonrv>Stercorarius</taxonrv><taxoncl><taxonrn>Species</taxonrn><taxonrv>Stercorarius skua</taxonrv></taxoncl></taxoncl></taxoncl></taxoncl><taxoncl><taxonrn>Order</taxonrn><taxonrv>Procellariiformes</taxonrv><taxoncl><taxonrn>Family</taxonrn><taxonrv>Procellariidae</taxonrv><taxoncl><taxonrn>Genus</taxonrn><taxonrv>Calonectris</taxonrv><taxoncl><taxonrn>Species</taxonrn><taxonrv>Calonectris diomedea</taxonrv></taxoncl></taxoncl><taxoncl><taxonrn>Genus</taxonrn><taxonrv>Fulmarus</taxonrv><taxoncl><taxonrn>Species</taxonrn><taxonrv>Fulmarus glacialis</taxonrv></taxoncl></taxoncl><taxoncl><taxonrn>Genus</taxonrn><taxonrv>Procellaria</taxonrv><taxoncl><taxonrn>Species</taxonrn><taxonrv>Procellaria cinerea</taxonrv></taxoncl></taxoncl><taxoncl><taxonrn>Genus</taxonrn><taxonrv>Pterodroma</taxonrv></taxoncl><taxoncl><taxonrn>Genus</taxonrn><taxonrv>Puffinus</taxonrv><taxoncl><taxonrn>Species</taxonrn><taxonrv>Puffinus lherminieri</taxonrv></taxoncl><taxoncl><taxonrn>Species</taxonrn><taxonrv>Puffinus mauretanicus</taxonrv></taxoncl><taxoncl><taxonrn>Species</taxonrn><taxonrv>Puffinus puffinus</taxonrv></taxoncl></taxoncl></taxoncl><taxoncl><taxonrn>Family</taxonrn><taxonrv>Diomedeidae</taxonrv><taxoncl><taxonrn>Genus</taxonrn><taxonrv>Diomedea</taxonrv></taxoncl></taxoncl><taxoncl><taxonrn>Family</taxonrn><taxonrv>Hydrobatidae</taxonrv><taxoncl><taxonrn>Subfamily</taxonrn><taxonrv>Hydrobatinae</taxonrv><taxoncl><taxonrn>Genus</taxonrn><taxonrv>Hydrobates</taxonrv><taxoncl><taxonrn>Species</taxonrn><taxonrv>Hydrobates pelagicus</taxonrv></taxoncl></taxoncl></taxoncl><taxoncl><taxonrn>Subfamily</taxonrn><taxonrv>Oceanitinae</taxonrv><taxoncl><taxonrn>Genus</taxonrn><taxonrv>Oceanites</taxonrv></taxoncl></taxoncl></taxoncl></taxoncl><taxoncl><taxonrn>Order</taxonrn><taxonrv>Suliformes</taxonrv><taxoncl><taxonrn>Family</taxonrn><taxonrv>Fregatidae</taxonrv><taxoncl><taxonrn>Genus</taxonrn><taxonrv>Fregata</taxonrv><taxoncl><taxonrn>Species</taxonrn><taxonrv>Fregata ariel</taxonrv></taxoncl><taxoncl><taxonrn>Species</taxonrn><taxonrv>Fregata magnificens</taxonrv></taxoncl><taxoncl><taxonrn>Species</taxonrn><taxonrv>Fregata minor</taxonrv></taxoncl></taxoncl></taxoncl><taxoncl><taxonrn>Family</taxonrn><taxonrv>Sulidae</taxonrv><taxoncl><taxonrn>Genus</taxonrn><taxonrv>Morus</taxonrv><taxoncl><taxonrn>Species</taxonrn><taxonrv>Morus bassanus</taxonrv></taxoncl></taxoncl><taxoncl><taxonrn>Genus</taxonrn><taxonrv>Sula</taxonrv><taxoncl><taxonrn>Species</taxonrn><taxonrv>Sula dactylatra</taxonrv></taxoncl><taxoncl><taxonrn>Species</taxonrn><taxonrv>Sula leucogaster</taxonrv></taxoncl><taxoncl><taxonrn>Species</taxonrn><taxonrv>Sula sula</taxonrv></taxoncl></taxoncl></taxoncl><taxoncl><taxonrn>Family</taxonrn><taxonrv>Phalacrocoracidae</taxonrv><taxoncl><taxonrn>Genus</taxonrn><taxonrv>Phalacrocorax</taxonrv><taxoncl><taxonrn>Species</taxonrn><taxonrv>Phalacrocorax aristotelis</taxonrv></taxoncl><taxoncl><taxonrn>Species</taxonrn><taxonrv>Phalacrocorax carbo</taxonrv></taxoncl></taxoncl></taxoncl></taxoncl><taxoncl><taxoncl><taxonrn>Family</taxonrn><taxonrv>Pelecanidae</taxonrv><taxoncl><taxonrn>Genus</taxonrn><taxonrv>Pelecanus</taxonrv><taxoncl><taxonrn>Species</taxonrn><taxonrv>Pelecanus occidentalis</taxonrv></taxoncl></taxoncl></taxoncl></taxoncl><taxoncl><taxonrn>Order</taxonrn><taxonrv>Phaethontiformes</taxonrv><taxoncl><taxonrn>Family</taxonrn><taxonrv>Phaethontidae</taxonrv><taxoncl><taxonrn>Genus</taxonrn><taxonrv>Phaethon</taxonrv><taxoncl><taxonrn>Species</taxonrn><taxonrv>Phaethon aethereus</taxonrv></taxoncl><taxoncl><taxonrn>Species</taxonrn><taxonrv>Phaethon lepturus</taxonrv></taxoncl><taxoncl><taxonrn>Species</taxonrn><taxonrv>Phaethon rubricauda</taxonrv></taxoncl></taxoncl></taxoncl></taxoncl><taxoncl><taxonrn>Order</taxonrn><taxonrv>Ciconiiformes</taxonrv><taxoncl><taxonrn>Family</taxonrn><taxonrv>Laridae</taxonrv><taxoncl><taxonrn>Subfamily</taxonrn><taxonrv>Sterninae</taxonrv><taxoncl><taxonrn>Genus</taxonrn><taxonrv>Sterna</taxonrv><taxoncl><taxonrn>Species</taxonrn><taxonrv>Sterna albifrons</taxonrv></taxoncl><taxoncl><taxonrn>Species</taxonrn><taxonrv>Sterna maxima</taxonrv></taxoncl></taxoncl></taxoncl></taxoncl></taxoncl></taxoncl><taxoncl><taxonrn>Class</taxonrn><taxonrv>Mammalia</taxonrv><taxoncl><taxonrn>Subclass</taxonrn><taxonrv>Theria</taxonrv><taxoncl><taxonrn>Infraclass</taxonrn><taxonrv>Eutheria</taxonrv><taxoncl><taxonrn>Order</taxonrn><taxonrv>Cetacea</taxonrv><taxoncl><taxonrn>Suborder</taxonrn><taxonrv>Mysticeti</taxonrv><taxoncl><taxonrn>Family</taxonrn><taxonrv>Balaenopteridae</taxonrv><taxoncl><taxonrn>Genus</taxonrn><taxonrv>Balaenoptera</taxonrv><taxoncl><taxonrn>Species</taxonrn><taxonrv>Balaenoptera acutorostrata</taxonrv></taxoncl><taxoncl><taxonrn>Species</taxonrn><taxonrv>Balaenoptera bonaerensis</taxonrv></taxoncl><taxoncl><taxonrn>Species</taxonrn><taxonrv>Balaenoptera edeni</taxonrv></taxoncl><taxoncl><taxonrn>Species</taxonrn><taxonrv>Balaenoptera musculus</taxonrv></taxoncl><taxoncl><taxonrn>Species</taxonrn><taxonrv>Balaenoptera omurai</taxonrv></taxoncl><taxoncl><taxonrn>Species</taxonrn><taxonrv>Balaenoptera physalus</taxonrv></taxoncl></taxoncl><taxoncl><taxonrn>Genus</taxonrn><taxonrv>Megaptera</taxonrv><taxoncl><taxonrn>Species</taxonrn><taxonrv>Megaptera novaeangliae</taxonrv></taxoncl></taxoncl></taxoncl></taxoncl><taxoncl><taxonrn>Suborder</taxonrn><taxonrv>Odontoceti</taxonrv><taxoncl><taxonrn>Family</taxonrn><taxonrv>Delphinidae</taxonrv><taxoncl><taxonrn>Genus</taxonrn><taxonrv>Delphinus</taxonrv><taxoncl><taxonrn>Species</taxonrn><taxonrv>Delphinus delphis</taxonrv></taxoncl></taxoncl><taxoncl><taxonrn>Genus</taxonrn><taxonrv>Feresa</taxonrv><taxoncl><taxonrn>Species</taxonrn><taxonrv>Feresa attenuata</taxonrv></taxoncl></taxoncl><taxoncl><taxonrn>Genus</taxonrn><taxonrv>Globicephala</taxonrv><taxoncl><taxonrn>Species</taxonrn><taxonrv>Globicephala macrorhynchus</taxonrv></taxoncl><taxoncl><taxonrn>Species</taxonrn><taxonrv>Globicephala melas</taxonrv></taxoncl></taxoncl><taxoncl><taxonrn>Genus</taxonrn><taxonrv>Grampus</taxonrv><taxoncl><taxonrn>Species</taxonrn><taxonrv>Grampus griseus</taxonrv></taxoncl></taxoncl><taxoncl><taxonrn>Genus</taxonrn><taxonrv>Lagenodelphis</taxonrv><taxoncl><taxonrn>Species</taxonrn><taxonrv>Lagenodelphis hosei</taxonrv></taxoncl></taxoncl><taxoncl><taxonrn>Genus</taxonrn><taxonrv>Lagenorhynchus</taxonrv><taxoncl><taxonrn>Species</taxonrn><taxonrv>Lagenorhynchus albirostris</taxonrv></taxoncl></taxoncl><taxoncl><taxonrn>Genus</taxonrn><taxonrv>Orcinus</taxonrv><taxoncl><taxonrn>Species</taxonrn><taxonrv>Orcinus orca</taxonrv></taxoncl></taxoncl><taxoncl><taxonrn>Genus</taxonrn><taxonrv>Peponocephala</taxonrv><taxoncl><taxonrn>Species</taxonrn><taxonrv>Peponocephala electra</taxonrv></taxoncl></taxoncl><taxoncl><taxonrn>Genus</taxonrn><taxonrv>Pseudorca</taxonrv><taxoncl><taxonrn>Species</taxonrn><taxonrv>Pseudorca crassidens</taxonrv></taxoncl></taxoncl><taxoncl><taxonrn>Genus</taxonrn><taxonrv>Sotalia</taxonrv><taxoncl><taxonrn>Species</taxonrn><taxonrv>Sotalia guianensis</taxonrv></taxoncl></taxoncl><taxoncl><taxonrn>Genus</taxonrn><taxonrv>Sousa</taxonrv><taxoncl><taxonrn>Species</taxonrn><taxonrv>Sousa chinensis</taxonrv></taxoncl></taxoncl><taxoncl><taxonrn>Genus</taxonrn><taxonrv>Stenella</taxonrv><taxoncl><taxonrn>Species</taxonrn><taxonrv>Stenella attenuata</taxonrv></taxoncl><taxoncl><taxonrn>Species</taxonrn><taxonrv>Stenella coeruleoalba</taxonrv></taxoncl><taxoncl><taxonrn>Species</taxonrn><taxonrv>Stenella longirostris</taxonrv></taxoncl></taxoncl><taxoncl><taxonrn>Genus</taxonrn><taxonrv>Steno</taxonrv><taxoncl><taxonrn>Species</taxonrn><taxonrv>Steno bredanensis</taxonrv></taxoncl></taxoncl><taxoncl><taxonrn>Genus</taxonrn><taxonrv>Tursiops</taxonrv><taxoncl><taxonrn>Species</taxonrn><taxonrv>Tursiops truncatus</taxonrv></taxoncl></taxoncl></taxoncl><taxoncl><taxonrn>Family</taxonrn><taxonrv>Hyperoodontidae</taxonrv><taxoncl><taxonrn>Genus</taxonrn><taxonrv>Indopacetus</taxonrv><taxoncl><taxonrn>Species</taxonrn><taxonrv>Indopacetus pacificus</taxonrv></taxoncl></taxoncl><taxoncl><taxonrn>Genus</taxonrn><taxonrv>Mesoplodon</taxonrv><taxoncl><taxonrn>Species</taxonrn><taxonrv>Mesoplodon densirostris</taxonrv></taxoncl></taxoncl><taxoncl><taxonrn>Genus</taxonrn><taxonrv>Ziphius</taxonrv><taxoncl><taxonrn>Species</taxonrn><taxonrv>Ziphius cavirostris</taxonrv></taxoncl></taxoncl></taxoncl><taxoncl><taxonrn>Family</taxonrn><taxonrv>Kogiidae</taxonrv></taxoncl><taxoncl><taxonrn>Family</taxonrn><taxonrv>Phocoenidae</taxonrv><taxoncl><taxonrn>Genus</taxonrn><taxonrv>Phocoena</taxonrv><taxoncl><taxonrn>Species</taxonrn><taxonrv>Phocoena phocoena</taxonrv></taxoncl></taxoncl></taxoncl><taxoncl><taxonrn>Family</taxonrn><taxonrv>Physeteridae</taxonrv><taxoncl><taxonrn>Genus</taxonrn><taxonrv>Physeter</taxonrv><taxoncl><taxonrn>Species</taxonrn><taxonrv>Physeter macrocephalus</taxonrv></taxoncl></taxoncl></taxoncl></taxoncl></taxoncl><taxoncl><taxonrn>Order</taxonrn><taxonrv>Sirenia</taxonrv><taxoncl><taxonrn>Family</taxonrn><taxonrv>Dugongidae</taxonrv><taxoncl><taxonrn>Subfamily</taxonrn><taxonrv>Dugonginae</taxonrv><taxoncl><taxonrn>Genus</taxonrn><taxonrv>Dugong</taxonrv><taxoncl><taxonrn>Species</taxonrn><taxonrv>Dugong dugon</taxonrv></taxoncl></taxoncl></taxoncl></taxoncl></taxoncl><taxoncl><taxonrn>Order</taxonrn><taxonrv>Carnivora</taxonrv><taxoncl><taxonrn>Suborder</taxonrn><taxonrv>Caniformia</taxonrv><taxoncl><taxonrn>Family</taxonrn><taxonrv>Phocidae</taxonrv><taxoncl><taxonrn>Genus</taxonrn><taxonrv>Halichoerus</taxonrv><taxoncl><taxonrn>Species</taxonrn><taxonrv>Halichoerus grypus</taxonrv></taxoncl></taxoncl></taxoncl></taxoncl></taxoncl></taxoncl></taxoncl></taxoncl><taxoncl><taxonrn>Class</taxonrn><taxonrv>Reptilia</taxonrv><taxoncl><taxonrn>Order</taxonrn><taxonrv>Testudines</taxonrv><taxoncl><taxonrn>Suborder</taxonrn><taxonrv>Cryptodira</taxonrv><taxoncl><taxonrn>Superfamily</taxonrn><taxonrv>Chelonioidea</taxonrv><taxoncl><taxonrn>Family</taxonrn><taxonrv>Cheloniidae</taxonrv></taxoncl><taxoncl><taxonrn>Family</taxonrn><taxonrv>Dermochelyidae</taxonrv><taxoncl><taxonrn>Genus</taxonrn><taxonrv>Dermochelys</taxonrv><taxoncl><taxonrn>Species</taxonrn><taxonrv>Dermochelys coriacea</taxonrv></taxoncl></taxoncl></taxoncl></taxoncl></taxoncl></taxoncl></taxoncl></taxoncl></taxoncl></taxoncl></taxonomy>
	<accconst>Open public unless otherwise noted. See Use Constraints for details.</accconst>
	<useconst>1. Not to use data obtained from OBIS-SEAMAP in any publication, product, or commercial application without proper attribution to the original data provider(s) and OBIS-SEAMAP unless the datasets are explicitly shown under the CC0 policy. Citations or credits are suggested as attribution. If the data you downloaded come from multiple datasets, a citation or credit to each of the datasets is required.&#13;
&#13;
Suggested citation for this dataset:&#13;
&#13;
&#13;
&#13;
Suggested citation for OBIS-SEAMAP:&#13;
&#13;
Halpin, P.N., A.J. Read, E. Fujioka, B.D. Best, B. Donnelly, L.J. Hazen, C. Kot, K. Urian, E. LaBrecque, A. Dimatteo, J. Cleary, C. Good, L.B. Crowder, and K.D. Hyrenbach. 2009. OBIS-SEAMAP: The world data center for marine mammal, sea bird, and sea turtle distributions. Oceanography 22(2):104-115&#13;
&#13;
2. To forward the citation of any publication / report that made use of the data / tools provided by OBIS-SEAMAP for inclusion in our list of references.&#13;
&#13;
3. Not to hold OBIS-SEAMAP or the original data providers liable for errors in the data. While we have made every effort to ensure the quality of the database, we cannot guarantee the accuracy of these datasets. &#13;
&#13;
4. The burden for determining fitness for use of the downloaded data for any analyses lies entirely with the user. OBIS-SEAMAP or the original data providers do not support outcomes of your analyses that used the data you downloaded from OBIS-SEAMAP.&#13;
&#13;
5. To consider inclusion of the accompanying transect (effort) dataset if available into the methodology of your analyses.&#13;
&#13;
6. Not to redistribute the data you downloaded from OBIS-SEAMAP through any media without contect from OBIS-SEAMAP and the original data providers unless the datasets are explicitly shown under the CC0 policy.</useconst>
	<ptcontac>
		<cntinfo>
			<cntperp><cntper>Olivier Van Canneyt; Hélène Peltier</cntper><cntorg>Observatoire Pelagis UMS 3462, University La Rochelle - CNRS; Observatoire PELAGIS, UMS 3462, University La Rochelle-CNRS</cntorg></cntperp>
			<cntaddr>
				<addrtype>mailing and physical address</addrtype>
			<address>n/a; 5, allées de l</address><city>n/a; 17000 La Rochelle</city><country>n/a; France</country><state>n/a; n/a</state><postal>n/a; n/a</postal></cntaddr>
		<cntvoice>n/a; n/a</cntvoice><cntemail>olivier.van-canneyt@univ-lr.fr; hpeltier@univ-lr.fr</cntemail></cntinfo>
	</ptcontac><datacred>Observatoire PELAGIS UMS 3462, University La Rochelle - CNRS -Agence des Aires Marines Protégées - Direction de l'Eau et de la Biodiversité</datacred>
	<native>Relational database</native>
	<crossref><citeinfo><origin>Van Canneyt, O</origin><pubdate>2022</pubdate><title>Observatoire Pelagis aerial surveys 2002-2021</title><geoform>vector digital data</geoform><serinfo><sername>Data downloaded from OBIS-SEAMAP (http://seamap.env.duke.edu/dataset/1404) on yyyy-mm-dd</sername></serinfo></citeinfo></crossref><crossref><citeinfo><origin>Halpin, P.N., A.J. Read, E. Fujioka, B.D. Best, B. Donnelly, L.J. Hazen, C. Kot, K. Urian, E. LaBrecque, A. Dimatteo, J. Cleary, C. Good, L.B. Crowder, and K.D. Hyrenbach</origin><pubdate>2009</pubdate><title>OBIS-SEAMAP: The world data center for marine mammal, sea bird, and sea turtle distributions</title><geoform>vector digital data</geoform><serinfo><sername>Oceanography</sername><issue>22(2):104-115</issue></serinfo><onlink>http://www.tos.org/oceanography/article/obis-seamap-the-world-data-center-for-marine-mammal-sea-bird-and-sea-turtle</onlink></citeinfo></crossref></idinfo>
	<dataqual>
		<attracc>
			<attraccr>All attributes were measured and recorded during the survey and validated by the data provider.</attraccr></attracc>
		<logic>Permissible values for date and time and coordinates were validated by the data provider and the OBIS-SEAMAP data manager. Species identification by the data provider was matched with Integrated Taxonomic Information System.</logic>
		<complete>All observation records are included.</complete><lineage><procstep><procdesc>Data were put through the OBIS-SEAMAP data registration steps.</procdesc><procdate>20220119</procdate></procstep></lineage></dataqual><spdoinfo><direct>Point</direct></spdoinfo><spref><horizsys><geograph>
				<latres>1e-06</latres><longres>1e-06</longres><geogunit>Decimal degrees</geogunit></geograph>
			<geodetic><horizdn>D_WGS_1984</horizdn><ellips>WGS_1984</ellips>
				<semiaxis>6378137.000000</semiaxis><denflat>298.257224</denflat></geodetic></horizsys></spref>

<eainfo><detailed><enttyp><enttypl>Biogeographic data</enttypl><enttypd>Biogeographic data</enttypd><enttypds>Not applicable</enttypds></enttyp><attr><attrlabl>oid</attrlabl><attrdef>Unique ID number (generated by OBIS-SEAMAP)</attrdef><attrdefs>Data provider</attrdefs><attrdomv><udom>Unique ID number (generated by OBIS-SEAMAP)</udom></attrdomv></attr><attr><attrlabl>﻿cdnom</attrlabl><attrdef>definition not provided</attrdef><attrdefs>Data provider</attrdefs><attrdomv><udom>definition not provided</udom></attrdomv></attr><attr><attrlabl>species</attrlabl><attrdef>Species name recorded</attrdef><attrdefs>Data provider</attrdefs><attrdomv><udom>Species name recorded</udom></attrdomv></attr><attr><attrlabl>sp_tsn</attrlabl><attrdef>Taxonomic Serial Number added by OBIS-SEAMAP</attrdef><attrdefs>Data provider</attrdefs><attrdomv><rdom><rdommin>0</rdommin><rdommax>824735</rdommax></rdom></attrdomv></attr><attr><attrlabl>obs_date</attrlabl><attrdef>Date of the observation (time is not available)</attrdef><attrdefs>Data provider</attrdefs><attrdomv><rdom><rdommin>2002-08-03</rdommin><rdommax>2020-03-13</rdommax></rdom></attrdomv></attr><attr><attrlabl>longitude</attrlabl><attrdef>Longitude in decimal degrees</attrdef><attrdefs>Data provider</attrdefs><attrdomv><rdom><rdommin>-179.9782920</rdommin><rdommax>179.9866070</rdommax></rdom></attrdomv></attr><attr><attrlabl>latitude</attrlabl><attrdef>Latitude in decimal degrees</attrdef><attrdefs>Data provider</attrdefs><attrdomv><rdom><rdommin>-25.8646900</rdommin><rdommax>51.5712350</rdommax></rdom></attrdomv></attr><attr><attrlabl>observer</attrlabl><attrdef>Observer name</attrdef><attrdefs>Data provider</attrdefs><attrdomv><udom>Observer name</udom></attrdomv></attr><attr><attrlabl>data_producer</attrlabl><attrdef>Data producer</attrdef><attrdefs>Data provider</attrdefs><attrdomv><udom>Data producer</udom></attrdomv></attr><attr><attrlabl>data_administrator</attrlabl><attrdef>Data administrator</attrdef><attrdefs>Data provider</attrdefs><attrdomv><udom>Data administrator</udom></attrdomv></attr><attr><attrlabl>area</attrlabl><attrdef>Area</attrdef><attrdefs>Data provider</attrdefs><attrdomv><udom>Area</udom></attrdomv></attr><attr><attrlabl>survey</attrlabl><attrdef>Survey name</attrdef><attrdefs>Data provider</attrdefs><attrdomv><udom>Survey name</udom></attrdomv></attr><attr><attrlabl>obs_time</attrlabl><attrdef>Time of the observation is not available</attrdef><attrdefs>Data provider</attrdefs><attrdomv><rdom/></attrdomv></attr><attr><attrlabl>obs_count</attrlabl><attrdef>Group size is not available.</attrdef><attrdefs>Data provider</attrdefs><attrdomv><rdom/></attrdomv></attr><attr><attrlabl>geom</attrlabl><attrdef>Geometry field added by OBIS-SEAMAP</attrdef><attrdefs>Data provider</attrdefs><attrdomv><udom>Geometry field added by OBIS-SEAMAP</udom></attrdomv></attr></detailed><overview><eaover>This section explains attributes included in the original dataset.&#13;
OBIS-SEAMAP restricts the attributes available to the public to date/time, lat/lon and species names/counts only.&#13;
Should you need other attributes described here, you are encouraged to contact the data provider.</eaover><eadetcit>Observatoire PELAGIS UAR 3462 University La Rochelle - CNRS</eadetcit></overview>
	</eainfo><distinfo>
	<distrib>
		<cntinfo>
			<cntorgp>
				<cntorg>Nicholas School of Environment, Duke Univ.</cntorg>
				<cntper>OBIS-SEAMAP</cntper>
			</cntorgp>
			<cntaddr>
				<addrtype>mailing and physical address</addrtype>
				<address>A328, LSRC</address><city>Durham</city><state>NC</state><postal>27708</postal><country>USA</country>
			</cntaddr>
			<cntvoice>919-613-8021</cntvoice>
			<cntemail>seamap-contact@duke.edu</cntemail>
		</cntinfo>
	</distrib><resdesc>OBIS-SEAMAP Dataset ID 1404</resdesc><distliab>Not to hold OBIS-SEAMAP liable for errors in the data. While we have made every effort to ensure the quality of the database, we cannot guarantee the accuracy of these datasets.&#13;
Also please refer to Use Constraints.</distliab>
	<stdorder>
		<digform>
			<digtinfo>
				<formname>CSV and ESRI shapefile</formname></digtinfo>
			<digtopt>
				<onlinopt>
					<computer>
						<networka>
							<networkr>OBIS-SEAMAP</networkr>
						</networka>
					</computer>
				</onlinopt>
			</digtopt>
		</digform>
		<fees>Free</fees>
		<ordering>Go to the OBIS-SEAMAP web site.</ordering>
	</stdorder>
	

	
</distinfo><metainfo>
	<metd>20220120</metd><metrd>20220120</metrd><metc>
		<cntinfo><cntperp>
	<cntper>Ei Fujioka</cntper>
	<cntorg>Nicholas School, Duke University</cntorg></cntperp><cntaddr><addrtype>mailing and physical address</addrtype><address>A328, LSRC</address><city>Durham</city><state>NC</state><postal>27708</postal><country>USA</country></cntaddr>
			<cntvoice>919-613-8021</cntvoice>
			<cntemail>seamap-contact@duke.edu</cntemail>
			</cntinfo>
	</metc><metstdn>FGDC Content Standards for Digital Geospatial Metadata</metstdn><metstdv>FGDC-STD-001-1998</metstdv><mettc>local time</mettc>
	
	
	
	
	<metextns><onlink>http://www.nbii.gov/</onlink><metprof>Biological Data Profile</metprof></metextns>
	
	</metainfo>
	
</metadata>
