<?xml version="1.0" encoding="UTF-8"?>
<metadata xml:lang="en">
<Esri>
	<MetaID>{999A9551-D701-4CF5-9373-131D3DD8D969}</MetaID>
	<CreaDate>20050512</CreaDate>
	<CreaTime>19291400</CreaTime>
	<SyncOnce>FALSE</SyncOnce>
	<SyncDate>20060710</SyncDate>
	<SyncTime>17161900</SyncTime>
	<ModDate>20060815</ModDate>
	<ModTime>12091700</ModTime>
</Esri>
<idinfo>
	<keywords><theme><themekt>None</themekt><themekey>Vessels</themekey><themekey>Sightings</themekey></theme></keywords>
	<native Sync="TRUE">Relational database</native>
	<descript>
	<langdata Sync="TRUE">en</langdata>
	<abstract>Marine geophysical seismic research funded by the NSF includes a marine mammal and sea turtle monitoring and mitigation program. Protected Species Observers record all instances of marine mammals and turtles observed during surveys and while in transit to the survey site. The sightings data are also provided in 90 day reports available online &lt;a href="http://www.nsf.gov/geo/oce/envcomp/index.jsp"&gt;here&lt;/a&gt;.</abstract><purpose>Sightings data are collected as part of a marine mammal and sea turtle monitoring program during academic seismic surveys.</purpose><supplinf>When the number of animals sighted was not available, it was filled with '1' to be conservative and noted in the Notes field. When the number of animals sighted was a range, the lower estimate was used to be conservative and noted in the Notes field. When the time was not available, it was filled with '00:00:00' and noted in the Notes field.&lt;br&gt;&#13;
7/27/2011: This dataset was updated to include additional sightings and effort.&lt;br&gt;&#13;
8/3/2011: Effort data were updated to fix transects crossing 180/-180 degrees longitude.&lt;br&gt;&#13;
3/7/2012: Sightings were corrected and updated.</supplinf></descript>
	<citation>
		<citeinfo><origin>Holst, M., O. Lee and H. Smith</origin><pubdate>2014</pubdate><title>Lamont-Doherty/LGL/NSF cruises</title><onlink>http://seamap.env.duke.edu/dataset/511</onlink><serinfo><sername>OBIS-SEAMAP</sername><issue>511</issue></serinfo><pubinfo><pubplace>http://seamap.env.duke.edu/dataset/511</pubplace><publish>OBIS-SEAMAP</publish></pubinfo></citeinfo>
	</citation>
	<timeperd><current>ground condition</current><timeinfo><rngdates><begdate>20030528</begdate><enddate>20090307</enddate></rngdates></timeinfo></timeperd>
	<status><progress>Complete</progress><update>None planned</update></status>
	<spdom><bounding><westbc>6.7394</westbc><eastbc>356.869333</eastbc><northbc>89.1394</northbc><southbc>-20.8008</southbc></bounding><lboundng><leftbc Sync="TRUE">6.7394</leftbc><rightbc Sync="TRUE">356.869333</rightbc><bottombc Sync="TRUE">-20.8008</bottombc><topbc Sync="TRUE">89.1394</topbc></lboundng><descgeog>Ocean</descgeog></spdom>
	<accconst>Open public unless otherwise noted. See Use Constraints for details.</accconst>
	<useconst>1. Not to use data obtained from OBIS-SEAMAP in any publication, product, or commercial application without proper attribution to the original data provider(s) and OBIS-SEAMAP unless the datasets are explicitly shown under the CC0 policy. Citations or credits are suggested as attribution. If the data you downloaded come from multiple datasets, a citation or credit to each of the datasets is required.&#13;
&#13;
Suggested citation for this dataset:&#13;
&#13;
Holst, M., O. Lee and H. Smith. 2014. Lamont-Doherty/LGL/NSF cruises. Data downloaded from OBIS-SEAMAP (http://seamap.env.duke.edu/dataset/511) on yyyy-mm-dd.&#13;
&#13;
Suggested citation for OBIS-SEAMAP:&#13;
&#13;
Halpin, P.N., A.J. Read, E. Fujioka, B.D. Best, B. Donnelly, L.J. Hazen, C. Kot, K. Urian, E. LaBrecque, A. Dimatteo, J. Cleary, C. Good, L.B. Crowder, and K.D. Hyrenbach. 2009. OBIS-SEAMAP: The world data center for marine mammal, sea bird, and sea turtle distributions. Oceanography 22(2):104-115&#13;
&#13;
2. To forward the citation of any publication / report that made use of the data / tools provided by OBIS-SEAMAP for inclusion in our list of references.&#13;
&#13;
3. Not to hold OBIS-SEAMAP or the original data providers liable for errors in the data. While we have made every effort to ensure the quality of the database, we cannot guarantee the accuracy of these datasets. &#13;
&#13;
4. The burden for determining fitness for use of the downloaded data for any analyses lies entirely with the user. OBIS-SEAMAP or the original data providers do not support outcomes of your analyses that used the data you downloaded from OBIS-SEAMAP.&#13;
&#13;
5. To consider inclusion of the accompanying transect (effort) dataset if available into the methodology of your analyses.&#13;
&#13;
6. Not to redistribute the data you downloaded from OBIS-SEAMAP through any media without contect from OBIS-SEAMAP and the original data providers unless the datasets are explicitly shown under the CC0 policy.</useconst>
	<natvform Sync="TRUE">Shapefile</natvform>
	
	<ptcontac>
		<cntinfo>
			<cntperp><cntper>Meike Holst; Olivia Lee; Holly Smith</cntper><cntorg>LGL Limited - Environmental Research Associates; University of Colorado Museum of Natural History; National Science Foundation</cntorg></cntperp>
			<cntaddr>
				<addrtype>mailing and physical address</addrtype>
			<address>P.O. Box 280; 1030 Broadway St; n/a</address><city>King City; Boulder; n/a</city><state>Ontario; CO; n/a</state><postal>L7B 1A6; 80309; n/a</postal><country>Canada; USA; n/a</country></cntaddr>
		<cntpos/><cntvoice>n/a; (936) 333 7239; (703) 292-7713</cntvoice><cntemail>mholst@lgl.com; olivia.lee@colorado.edu; hesmith@nsf.gov</cntemail><cntfax/></cntinfo>
	</ptcontac>
<datacred>Lamont-Doherty Earth Observatory&lt;br&gt;&#13;
LGL Limited - Environmental Research Associates&lt;br&gt;&#13;
National Science Foundation</datacred><crossref><citeinfo><origin>L-DEO, LGL and NSF</origin><pubdate>2003-2008</pubdate><title>Marine mammal and sea turtle monitoring during Lamont-Doherty Earth Observatory and NSF marine seismic surveys</title></citeinfo></crossref><crossref><citeinfo><origin>Holst, M. and M.A. Smultea</origin><pubdate>2008</pubdate><title>Marine mammal and sea turtle monitoring during Lamont-Doherty Earth Observatory's marine seismic program off Central America, February – April 2008</title><serinfo><sername>LGL Rep. TA4342-3. Report from LGL Ltd., King City, Ont., for Lamont-Doherty Earth Observatory of Columbia University, Palisades, New York, and National Marine Fisheries Service, Silver Spring, Maryland</sername></serinfo></citeinfo></crossref><crossref><citeinfo><origin>Halpin, P.N., A.J. Read, E. Fujioka, B.D. Best, B. Donnelly, L.J. Hazen, C. Kot, K. Urian, E. LaBrecque, A. Dimatteo, J. Cleary, C. Good, L.B. Crowder, and K.D. Hyrenbach</origin><pubdate>2009</pubdate><title>OBIS-SEAMAP: The world data center for marine mammal, sea bird, and sea turtle distributions</title><serinfo><sername>Oceanography</sername><issue>22(2):104-115</issue></serinfo><onlink>http://www.tos.org/oceanography/article/obis-seamap-the-world-data-center-for-marine-mammal-sea-bird-and-sea-turtle</onlink></citeinfo></crossref></idinfo>

<metainfo>
	<langmeta Sync="TRUE">en</langmeta>
	<metstdn Sync="TRUE">FGDC Content Standards for Digital Geospatial Metadata</metstdn>
	<metstdv Sync="TRUE">FGDC-STD-001-1998</metstdv>
	<mettc Sync="TRUE">local time</mettc>
	<metc>
		<cntinfo>
			<cntorgp>
			<cntper>Ei Fujioka</cntper>
			<cntorg>Nicholas School of Environment, Duke University</cntorg>
			</cntorgp>
			<cntaddr><addrtype>mailing and physical address</addrtype><city>Durham</city><state>NC</state><postal>27708</postal><address>A328, LSRC</address><country>USA</country></cntaddr>
			<cntvoice>919-613-8021</cntvoice>
			<cntemail>seamap-contact@duke.edu</cntemail>
		<cntperp><cntper>Ei Fujioka</cntper><cntorg>Duke University</cntorg></cntperp><cntpos/></cntinfo>
	</metc>
	<metextns><onlink>http://www.nbii.gov/</onlink><metprof>Biological Data Profile</metprof></metextns><metextns><onlink Sync="TRUE">http://www.esri.com/metadata/esriprof80.html</onlink><metprof Sync="TRUE">ESRI Metadata Profile</metprof></metextns>
	<metd>20160620</metd>
<metrd>20160620</metrd></metainfo>

<mdLang><languageCode Sync="TRUE" value="en"/></mdLang>
<mdStanName Sync="TRUE">ISO 19115 Geographic Information - Metadata</mdStanName><mdStanVer Sync="TRUE">DIS_ESRI1.0</mdStanVer><mdChar><CharSetCd Sync="TRUE" value="004"/></mdChar><mdHrLv><ScopeCd Sync="TRUE" value="005"/></mdHrLv><mdHrLvName Sync="TRUE">dataset</mdHrLvName>

<distinfo>
	<resdesc Sync="TRUE">OBIS-SEAMAP Dataset ID 511</resdesc>
	<stdorder>
		<digform>
			<digtinfo>
				<transize Sync="TRUE">0.021</transize>
				<dssize Sync="TRUE">0.021</dssize>
			</digtinfo>
			<digtopt>
				<onlinopt>
					<computer>
						<networka>
							<networkr>OBIS-SEAMAP</networkr>
						</networka>
					</computer>
				</onlinopt>
			</digtopt>
		</digform>
		<fees>Free</fees>
		<ordering>Go to the OBIS-SEAMAP web site and click on [Datasets] tab appearing on upper left.</ordering>
	</stdorder>
	<distrib>
		<cntinfo>
			<cntorgp>
				<cntorg>Nicholas School of Environment, Duke Univ.</cntorg>
				<cntper>OBIS-SEAMAP</cntper>
			</cntorgp>
			<cntaddr>
				<addrtype>mailing and physical address</addrtype>
				<city>Durham</city><state>NC</state><country>USA</country><address>A328, LSRC</address><postal>27708</postal>
			</cntaddr>
			<cntvoice>919-613-8021</cntvoice>
			<cntemail>seamap-contact@duke.edu</cntemail>
		<cntpos/><cntefax/></cntinfo>
	</distrib>

	<distliab>Not to hold OBIS-SEAMAP liable for errors in the data. While we have made every effort to ensure the quality of the database, we cannot guarantee the accuracy of these datasets.&#13;
Also please refer to Use Constraints.</distliab>
</distinfo>

	<distInfo>
		<distributor><distorTran>
				<onLineSrc><orDesc Sync="TRUE">002</orDesc>
					<protocol Sync="TRUE">Local Area Network</protocol>
				</onLineSrc>
				<transSize Sync="TRUE">0.021</transSize></distorTran>
			<distorFormat><formatName Sync="TRUE">Shapefile</formatName></distorFormat>
		</distributor></distInfo>
	<spdoinfo><direct Sync="TRUE">Vector</direct><ptvctinf>
		</ptvctinf></spdoinfo>
	<spref><horizsys><cordsysn><geogcsn>GCS_WGS_1984</geogcsn></cordsysn><geograph><geogunit>Decimal degrees</geogunit><latres>1e-06</latres><longres>1e-06</longres></geograph><geodetic><horizdn>D_WGS_1984</horizdn><ellips>WGS_1984</ellips><semiaxis>6378137.000000</semiaxis><denflat>298.257224</denflat></geodetic></horizsys></spref><refSysInfo><RefSystem><refSysID><identCode Sync="TRUE">GCS_WGS_1984</identCode></refSysID></RefSystem></refSysInfo><spatRepInfo><VectSpatRep><topLvl><TopoLevCd Sync="TRUE" value="001"/></topLvl>
		</VectSpatRep>
	</spatRepInfo><eainfo><overview><eaover>This section explains attributes included in the original dataset.&#13;
OBIS-SEAMAP restricts the attributes available to the public to date/time, lat/lon and species names/counts only.&#13;
Should you need other attributes described here, you are encouraged to contact the data provider.</eaover><eadetcit>Lamont-Doherty / LGL</eadetcit></overview><detailed><enttyp><enttypl>Biogeographic data</enttypl><enttypd>Biogeographic data</enttypd><enttypds>Not applicable</enttypds></enttyp><attr><attrlabl>oid</attrlabl><attrdef>Unique ID number (generated by SEAMAP)</attrdef><attrdefs>Data provider</attrdefs><attrdomv><udom>Unique ID number (generated by SEAMAP)</udom></attrdomv></attr><attr><attrlabl>recid</attrlabl><attrdef>Record ID unique per survey</attrdef><attrdefs>Data provider</attrdefs><attrdomv><udom>Record ID unique per survey</udom></attrdomv></attr><attr><attrlabl>surveyid</attrlabl><attrdef>Survey name</attrdef><attrdefs>Data provider</attrdefs><attrdomv><udom>Survey name</udom></attrdomv></attr><attr><attrlabl>vessel</attrlabl><attrdef>Vessel name</attrdef><attrdefs>Data provider</attrdefs><attrdomv><udom>Vessel name</udom></attrdomv></attr><attr><attrlabl>obs_datetime</attrlabl><attrdef>Sighting date and time</attrdef><attrdefs>Data provider</attrdefs><attrdomv><udom>Sighting date and time</udom></attrdomv></attr><attr><attrlabl>wdepth</attrlabl><attrdef>Water depth in meters</attrdef><attrdefs>Data provider</attrdefs><attrdomv><udom>Water depth in meters</udom></attrdomv></attr><attr><attrlabl>obs_loc</attrlabl><attrdef>Observer location</attrdef><attrdefs>Data provider</attrdefs><attrdomv><udom>Observer location</udom></attrdomv></attr><attr><attrlabl>day</attrlabl><attrdef>Day of observation</attrdef><attrdefs>Data provider</attrdefs><attrdomv><udom>Day of observation</udom></attrdomv></attr><attr><attrlabl>month</attrlabl><attrdef>Month of observation</attrdef><attrdefs>Data provider</attrdefs><attrdomv><udom>Month of observation</udom></attrdomv></attr><attr><attrlabl>year</attrlabl><attrdef>Year of observation</attrdef><attrdefs>Data provider</attrdefs><attrdomv><udom>Year of observation</udom></attrdomv></attr><attr><attrlabl>seismic</attrlabl><attrdef>Seismic line number</attrdef><attrdefs>Data provider</attrdefs><attrdomv><udom>Seismic line number</udom></attrdomv></attr><attr><attrlabl>watch</attrlabl><attrdef>Watch (start or end or blank)</attrdef><attrdefs>Data provider</attrdefs><attrdomv><udom>Watch (start or end or blank)</udom></attrdomv></attr><attr><attrlabl>observer1</attrlabl><attrdef>Observer 1</attrdef><attrdefs>Data provider</attrdefs><attrdomv><udom>Observer 1</udom></attrdomv></attr><attr><attrlabl>observer2</attrlabl><attrdef>Observer 2</attrdef><attrdefs>Data provider</attrdefs><attrdomv><udom>Observer 2</udom></attrdomv></attr><attr><attrlabl>observer3</attrlabl><attrdef>Observer 3</attrdef><attrdefs>Data provider</attrdefs><attrdomv><udom>Observer 3</udom></attrdomv></attr><attr><attrlabl>observer4</attrlabl><attrdef>Observer 4</attrdef><attrdefs>Data provider</attrdefs><attrdomv><udom>Observer 4</udom></attrdomv></attr><attr><attrlabl>hour</attrlabl><attrdef>Hour of observation</attrdef><attrdefs>Data provider</attrdefs><attrdomv><udom>Hour of observation</udom></attrdomv></attr><attr><attrlabl>minute</attrlabl><attrdef>Minute of observation</attrdef><attrdefs>Data provider</attrdefs><attrdomv><udom>Minute of observation</udom></attrdomv></attr><attr><attrlabl>second</attrlabl><attrdef>Second of observation</attrdef><attrdefs>Data provider</attrdefs><attrdomv><udom>Second of observation</udom></attrdomv></attr><attr><attrlabl>deglat</attrlabl><attrdef>Degree latitude</attrdef><attrdefs>Data provider</attrdefs><attrdomv><udom>Degree latitude</udom></attrdomv></attr><attr><attrlabl>minlat</attrlabl><attrdef>Minute latitude</attrdef><attrdefs>Data provider</attrdefs><attrdomv><udom>Minute latitude</udom></attrdomv></attr><attr><attrlabl>deglong</attrlabl><attrdef>Degree longitude</attrdef><attrdefs>Data provider</attrdefs><attrdomv><udom>Degree longitude</udom></attrdomv></attr><attr><attrlabl>minlong</attrlabl><attrdef>Minute longitude</attrdef><attrdefs>Data provider</attrdefs><attrdomv><udom>Minute longitude</udom></attrdomv></attr><attr><attrlabl>lat</attrlabl><attrdef>Latitude in decimal degrees</attrdef><attrdefs>Data provider</attrdefs><attrdomv><udom>Latitude in decimal degrees</udom></attrdomv></attr><attr><attrlabl>lon</attrlabl><attrdef>Longitude in decimal degrees</attrdef><attrdefs>Data provider</attrdefs><attrdomv><udom>Longitude in decimal degrees</udom></attrdomv></attr><attr><attrlabl>activity</attrlabl><attrdef>Seismic activity code (contact provider for the codes)</attrdef><attrdefs>Data provider</attrdefs><attrdomv><udom>Seismic activity code (contact provider for the codes)</udom></attrdomv></attr><attr><attrlabl>noofguns</attrlabl><attrdef>Number of guns</attrdef><attrdefs>Data provider</attrdefs><attrdomv><udom>Number of guns</udom></attrdomv></attr><attr><attrlabl>array_vol</attrlabl><attrdef>Total gun volume</attrdef><attrdefs>Data provider</attrdefs><attrdomv><udom>Total gun volume</udom></attrdomv></attr><attr><attrlabl>arraydepth</attrlabl><attrdef>Array depth</attrdef><attrdefs>Data provider</attrdefs><attrdomv><udom>Array depth</udom></attrdomv></attr><attr><attrlabl>seastate</attrlabl><attrdef>Beaufort sea state</attrdef><attrdefs>Data provider</attrdefs><attrdomv><udom>Beaufort sea state</udom></attrdomv></attr><attr><attrlabl>visibility</attrlabl><attrdef>Visibility (km)</attrdef><attrdefs>Data provider</attrdefs><attrdomv><udom>Visibility (km)</udom></attrdomv></attr><attr><attrlabl>lightordark</attrlabl><attrdef>Light (day) or dark</attrdef><attrdefs>Data provider</attrdefs><attrdomv><udom>Light (day) or dark</udom></attrdomv></attr><attr><attrlabl>glare_amnt</attrlabl><attrdef>Glare amount code</attrdef><attrdefs>Data provider</attrdefs><attrdomv><udom>Glare amount code</udom></attrdomv></attr><attr><attrlabl>glare_pos</attrlabl><attrdef>Glare position (clock position)</attrdef><attrdefs>Data provider</attrdefs><attrdomv><udom>Glare position (clock position)</udom></attrdomv></attr><attr><attrlabl>sp_obs</attrlabl><attrdef>Species observed</attrdef><attrdefs>Data provider</attrdefs><attrdomv><udom>Species observed</udom></attrdomv></attr><attr><attrlabl>sp_tsn</attrlabl><attrdef>ITIS taxonomic serial number. This field added by OBIS-SEAMAP</attrdef><attrdefs>Data provider</attrdefs><attrdomv><udom>ITIS taxonomic serial number. This field added by OBIS-SEAMAP</udom></attrdomv></attr><attr><attrlabl>obs_count</attrlabl><attrdef>Number of animals</attrdef><attrdefs>Data provider</attrdefs><attrdomv><udom>Number of animals</udom></attrdomv></attr><attr><attrlabl>movement</attrlabl><attrdef>Animal movement code</attrdef><attrdefs>Data provider</attrdefs><attrdomv><udom>Animal movement code</udom></attrdomv></attr><attr><attrlabl>behavior1</attrlabl><attrdef>Behavior 1</attrdef><attrdefs>Data provider</attrdefs><attrdomv><udom>Behavior 1</udom></attrdomv></attr><attr><attrlabl>behavior2</attrlabl><attrdef>Behavior 2</attrdef><attrdefs>Data provider</attrdefs><attrdomv><udom>Behavior 2</udom></attrdomv></attr><attr><attrlabl>whereat</attrlabl><attrdef>Position of the animal when first seen</attrdef><attrdefs>Data provider</attrdefs><attrdomv><udom>Position of the animal when first seen</udom></attrdomv></attr><attr><attrlabl>whereto</attrlabl><attrdef>Direction of the animal moving relative to the ship</attrdef><attrdefs>Data provider</attrdefs><attrdomv><udom>Direction of the animal moving relative to the ship</udom></attrdomv></attr><attr><attrlabl>reticles</attrlabl><attrdef>Reticles (number or estimate)</attrdef><attrdefs>Data provider</attrdefs><attrdomv><udom>Reticles (number or estimate)</udom></attrdomv></attr><attr><attrlabl>sight_dist</attrlabl><attrdef>Sighting distance</attrdef><attrdefs>Data provider</attrdefs><attrdomv><udom>Sighting distance</udom></attrdomv></attr><attr><attrlabl>sight_cue</attrlabl><attrdef>Sighting cue</attrdef><attrdefs>Data provider</attrdefs><attrdomv><udom>Sighting cue</udom></attrdomv></attr><attr><attrlabl>idreliability</attrlabl><attrdef>Species identification confidence level</attrdef><attrdefs>Data provider</attrdefs><attrdomv><udom>Species identification confidence level</udom></attrdomv></attr><attr><attrlabl>pace</attrlabl><attrdef>Behavior pace</attrdef><attrdefs>Data provider</attrdefs><attrdomv><udom>Behavior pace</udom></attrdomv></attr><attr><attrlabl>comments</attrlabl><attrdef>Comments</attrdef><attrdefs>Data provider</attrdefs><attrdomv><udom>Comments</udom></attrdomv></attr><attr><attrlabl>geom</attrlabl><attrdef>definition not provided</attrdef><attrdefs>Data provider</attrdefs><attrdomv><udom>definition not provided</udom></attrdomv></attr></detailed></eainfo><mdDateSt Sync="TRUE">20060815</mdDateSt>
	<dataqual><posacc><horizpa><horizpar/></horizpa><vertacc><vertaccr/></vertacc></posacc><attracc><attraccr/></attracc><complete>All observation records are included.</complete><logic>Permissible values for date and time and coordinates were validated by the data provider and the OBIS-SEAMAP data manager. Species identification by the data provider was matched with Integrated Taxonomic Information System.</logic><lineage><procstep><procdesc>Data were put through the OBIS-SEAMAP data registration steps.</procdesc><procdate>20140209</procdate></procstep></lineage></dataqual>
</metadata>
