<?xml version="1.0" encoding="UTF-8"?>
<metadata xml:lang="en"><Esri><MetaID>{999A9551-D701-4CF5-9373-131D3DD8D969}</MetaID><CreaDate>20050512</CreaDate><CreaTime>19291400</CreaTime><SyncOnce>FALSE</SyncOnce><SyncDate>20060710</SyncDate><SyncTime>17161900</SyncTime><ModDate>20060815</ModDate><ModTime>12091700</ModTime></Esri><idinfo><keywords><place><placekey>Galápagos Islands</placekey><placekey>Ecuador</placekey><placekey>Eastern Tropical Pacific</placekey></place><theme><themekey>sightings</themekey><themekey>cetaceans</themekey><themekey>otariids</themekey></theme><theme><themekt>Platform</themekt><themekey>Vessels</themekey><themekey>Sightings</themekey></theme></keywords><native Sync="TRUE">Microsoft Windows 2000 Version 5.0 (Build 2195) Service Pack 4; ESRI ArcCatalog 9.1.0.722</native><descript><langdata Sync="TRUE">en</langdata><abstract>This dataset contains sightings of marine mammals (whales, dolphins, otariids) collected off the Galápagos Islands, Ecuador, during three expeditions by the Ocean Alliance in 1988-1989, 1993-1994, and 2000, aboard research vessels Siben (1988-1989) and Odyssey (1993-1994, 2000).</abstract><purpose>These sightings were collected during dedicated cruises primarily to study sperm whales.</purpose><supplinf>Some records do not have time recorded. In this case, it is filled with “00:00:00” and noted in the [Notes] field.&lt;br&gt;&#13;
&#13;
Some records do not have group size recorded. In this case, it is filled with “1” and noted in the [Notes] field.</supplinf></descript><citation><citeinfo><origin>Palacios, D</origin><pubdate>2013</pubdate><title>Marine mammal sightings off Galápagos</title><onlink>http://seamap.env.duke.edu/dataset/656</onlink><serinfo><sername>OBIS-SEAMAP</sername><issue>656</issue></serinfo><pubinfo><pubplace>http://seamap.env.duke.edu/dataset/656</pubplace><publish>OBIS-SEAMAP</publish></pubinfo></citeinfo></citation><timeperd><current>ground condition</current><timeinfo><rngdates><begdate>1988-10-07</begdate><enddate>2000-05-05</enddate></rngdates></timeinfo></timeperd><status><progress>Complete</progress><update>None planned</update></status><spdom><bounding><westbc>-93.6467</westbc><eastbc>-87.8667</eastbc><northbc>2.9933</northbc><southbc>-1.6783</southbc></bounding><lboundng><leftbc Sync="TRUE">-93.6467</leftbc><rightbc Sync="TRUE">-87.8667</rightbc><bottombc Sync="TRUE">-1.6783</bottombc><topbc Sync="TRUE">2.9933</topbc></lboundng></spdom><accconst>Open public unless otherwise noted. See Use Constraints for details.</accconst><useconst>1. Not to use data obtained from OBIS-SEAMAP in any publication, product, or commercial application without proper attribution to the original data provider(s) and OBIS-SEAMAP unless the datasets are explicitly shown under the CC0 policy. Citations or credits are suggested as attribution. If the data you downloaded come from multiple datasets, a citation or credit to each of the datasets is required.

Suggested citation for this dataset

Palacios, D. 2013. Marine mammal sightings off Galápagos. Data downloaded from OBIS-SEAMAP (http://seamap.env.duke.edu/dataset/656) on yyyy-mm-dd.

Suggested citation for OBIS-SEAMAP:

Halpin, P.N., A.J. Read, E. Fujioka, B.D. Best, B. Donnelly, L.J. Hazen, C. Kot, K. Urian, E. LaBrecque, A. Dimatteo, J. Cleary, C. Good, L.B. Crowder, and K.D. Hyrenbach. 2009. OBIS-SEAMAP: The world data center for marine mammal, sea bird, and sea turtle distributions. Oceanography 22(2):104-115

2. To forward the citation of any publication / report that made use of the data / tools provided by OBIS-SEAMAP for inclusion in our list of references.

3. Not to hold OBIS-SEAMAP or the original data providers liable for errors in the data. While we have made every effort to ensure the quality of the database, we cannot guarantee the accuracy of these datasets. 

4. The burden for determining fitness for use of the downloaded data for any analyses lies entirely with the user. OBIS-SEAMAP or the original data providers do not support outcomes of your analyses that used the data you downloaded from OBIS-SEAMAP.

5. To consider inclusion of the accompanying transect (effort) dataset if available into the methodology of your analyses.

6. Not to redistribute the data you downloaded from OBIS-SEAMAP through any media without contect from OBIS-SEAMAP and the original data providers unless the datasets are explicitly shown under the CC0 policy.</useconst><natvform Sync="TRUE">Shapefile</natvform><ptcontac><cntinfo><cntperp><cntper>Daniel Palacios</cntper><cntorg>NOAA Southwest Fisheries Science Center</cntorg></cntperp><cntaddr><addrtype>mailing and physical address</addrtype></cntaddr><cntpos/><cntemail>Daniel.Palacios@noaa.gov</cntemail></cntinfo></ptcontac>
	<taxonomy><taxonsys><classsys><classcit><citeinfo><origin>Integrated Taxonomic Information System</origin><title>Integrated Taxonomic Information System</title><onlink>http://www.itis.usda.gov/</onlink><othercit>Downloaded April, 2004</othercit></citeinfo></classcit></classsys><ider><cntinfo><cntorgp><cntorg>Refer to the contact information of the dataset</cntorg></cntorgp></cntinfo></ider></taxonsys><taxoncl><taxonrn>Kingdom</taxonrn><taxonrv>Animalia</taxonrv><taxontsn>202423</taxontsn><taxoncl><taxonrn>Phylum</taxonrn><taxonrv>Chordata</taxonrv><taxontsn>158852</taxontsn><taxoncl><taxonrn>Subphylum</taxonrn><taxonrv>Vertebrata</taxonrv><taxontsn>331030</taxontsn><taxoncl><taxonrn>Class</taxonrn><taxonrv>Mammalia</taxonrv><taxontsn>179913</taxontsn><taxoncl><taxonrn>Subclass</taxonrn><taxonrv>Theria</taxonrv><taxontsn>179916</taxontsn><taxoncl><taxonrn>Infraclass</taxonrn><taxonrv>Eutheria</taxonrv><taxontsn>179925</taxontsn><taxoncl><taxonrn>Order</taxonrn><taxonrv>Carnivora</taxonrv><taxontsn>180539</taxontsn><taxoncl><taxonrn>Suborder</taxonrn><taxonrv>Caniformia</taxonrv><taxontsn>552303</taxontsn><taxoncl><taxonrn>Family</taxonrn><taxonrv>Otariidae</taxonrv><taxontsn>180615</taxontsn><taxoncl><taxonrn>Genus</taxonrn><taxonrv>Arctocephalus</taxonrv><taxontsn>180628</taxontsn><taxoncl><taxonrn>Species</taxonrn><taxonrv>Arctocephalus galapagoensis</taxonrv><taxontsn>180634</taxontsn></taxoncl></taxoncl><taxoncl><taxonrn>Genus</taxonrn><taxonrv>Zalophus</taxonrv><taxontsn>180620</taxontsn><taxoncl><taxonrn>Species</taxonrn><taxonrv>Zalophus wollebaeki</taxonrv><taxontsn>622014</taxontsn></taxoncl></taxoncl></taxoncl></taxoncl></taxoncl><taxoncl><taxonrn>Order</taxonrn><taxonrv>Cetacea</taxonrv><taxontsn>180403</taxontsn><taxoncl><taxonrn>Suborder</taxonrn><taxonrv>Mysticeti</taxonrv><taxontsn>552298</taxontsn><taxoncl><taxonrn>Family</taxonrn><taxonrv>Balaenopteridae</taxonrv><taxontsn>180522</taxontsn><taxoncl><taxonrn>Genus</taxonrn><taxonrv>Balaenoptera</taxonrv><taxontsn>180523</taxontsn><taxoncl><taxonrn>Species</taxonrn><taxonrv>Balaenoptera acutorostrata</taxonrv><taxontsn>180524</taxontsn></taxoncl><taxoncl><taxonrn>Species</taxonrn><taxonrv>Balaenoptera edeni</taxonrv><taxontsn>180525</taxontsn></taxoncl><taxoncl><taxonrn>Species</taxonrn><taxonrv>Balaenoptera musculus</taxonrv><taxontsn>180528</taxontsn></taxoncl></taxoncl></taxoncl></taxoncl><taxoncl><taxonrn>Suborder</taxonrn><taxonrv>Odontoceti</taxonrv><taxontsn>180404</taxontsn><taxoncl><taxonrn>Family</taxonrn><taxonrv>Delphinidae</taxonrv><taxontsn>180415</taxontsn><taxoncl><taxonrn>Genus</taxonrn><taxonrv>Delphinus</taxonrv><taxontsn>180437</taxontsn><taxoncl><taxonrn>Species</taxonrn><taxonrv>Delphinus delphis</taxonrv><taxontsn>180438</taxontsn></taxoncl></taxoncl><taxoncl><taxonrn>Genus</taxonrn><taxonrv>Feresa</taxonrv><taxontsn>180460</taxontsn><taxoncl><taxonrn>Species</taxonrn><taxonrv>Feresa attenuata</taxonrv><taxontsn>180461</taxontsn></taxoncl></taxoncl><taxoncl><taxonrn>Genus</taxonrn><taxonrv>Globicephala</taxonrv><taxontsn>180464</taxontsn><taxoncl><taxonrn>Species</taxonrn><taxonrv>Globicephala macrorhynchus</taxonrv><taxontsn>180466</taxontsn></taxoncl></taxoncl><taxoncl><taxonrn>Genus</taxonrn><taxonrv>Grampus</taxonrv><taxontsn>180456</taxontsn><taxoncl><taxonrn>Species</taxonrn><taxonrv>Grampus griseus</taxonrv><taxontsn>180457</taxontsn></taxoncl></taxoncl><taxoncl><taxonrn>Genus</taxonrn><taxonrv>Lagenodelphis</taxonrv><taxontsn>180439</taxontsn><taxoncl><taxonrn>Species</taxonrn><taxonrv>Lagenodelphis hosei</taxonrv><taxontsn>180440</taxontsn></taxoncl></taxoncl><taxoncl><taxonrn>Genus</taxonrn><taxonrv>Orcinus</taxonrv><taxontsn>180468</taxontsn><taxoncl><taxonrn>Species</taxonrn><taxonrv>Orcinus orca</taxonrv><taxontsn>180469</taxontsn></taxoncl></taxoncl><taxoncl><taxonrn>Genus</taxonrn><taxonrv>Peponocephala</taxonrv><taxontsn>180458</taxontsn><taxoncl><taxonrn>Species</taxonrn><taxonrv>Peponocephala electra</taxonrv><taxontsn>180459</taxontsn></taxoncl></taxoncl><taxoncl><taxonrn>Genus</taxonrn><taxonrv>Pseudorca</taxonrv><taxontsn>180462</taxontsn><taxoncl><taxonrn>Species</taxonrn><taxonrv>Pseudorca crassidens</taxonrv><taxontsn>180463</taxontsn></taxoncl></taxoncl><taxoncl><taxonrn>Genus</taxonrn><taxonrv>Stenella</taxonrv><taxontsn>180428</taxontsn><taxoncl><taxonrn>Species</taxonrn><taxonrv>Stenella attenuata</taxonrv><taxontsn>180430</taxontsn></taxoncl><taxoncl><taxonrn>Species</taxonrn><taxonrv>Stenella coeruleoalba</taxonrv><taxontsn>180434</taxontsn></taxoncl><taxoncl><taxonrn>Species</taxonrn><taxonrv>Stenella longirostris</taxonrv><taxontsn>180429</taxontsn></taxoncl></taxoncl><taxoncl><taxonrn>Genus</taxonrn><taxonrv>Tursiops</taxonrv><taxontsn>180425</taxontsn><taxoncl><taxonrn>Species</taxonrn><taxonrv>Tursiops truncatus</taxonrv><taxontsn>180426</taxontsn></taxoncl></taxoncl></taxoncl><taxoncl><taxonrn>Family</taxonrn><taxonrv>Kogiidae</taxonrv><taxontsn>621144</taxontsn><taxoncl><taxonrn>Genus</taxonrn><taxonrv>Kogia</taxonrv><taxontsn>180490</taxontsn><taxoncl><taxonrn>Species</taxonrn><taxonrv>Kogia sima</taxonrv><taxontsn>180492</taxontsn></taxoncl></taxoncl></taxoncl><taxoncl><taxonrn>Family</taxonrn><taxonrv>Hyperoodontidae</taxonrv><taxontsn>770799</taxontsn><taxoncl><taxonrn>Genus</taxonrn><taxonrv>Mesoplodon</taxonrv><taxontsn>180506</taxontsn><taxoncl><taxonrn>Species</taxonrn><taxonrv>Mesoplodon peruvianus</taxonrv><taxontsn>552772</taxontsn></taxoncl></taxoncl><taxoncl><taxonrn>Genus</taxonrn><taxonrv>Ziphius</taxonrv><taxontsn>180497</taxontsn><taxoncl><taxonrn>Species</taxonrn><taxonrv>Ziphius cavirostris</taxonrv><taxontsn>180498</taxontsn></taxoncl></taxoncl></taxoncl><taxoncl><taxonrn>Family</taxonrn><taxonrv>Physeteridae</taxonrv><taxontsn>180486</taxontsn><taxoncl><taxonrn>Genus</taxonrn><taxonrv>Physeter</taxonrv><taxontsn>180487</taxontsn><taxoncl><taxonrn>Species</taxonrn><taxonrv>Physeter macrocephalus</taxonrv><taxontsn>180488</taxontsn></taxoncl></taxoncl></taxoncl></taxoncl></taxoncl></taxoncl></taxoncl></taxoncl></taxoncl><taxoncl><taxonrn>Class</taxonrn><taxonrv>Mammalia</taxonrv><taxontsn>179913</taxontsn><taxoncl><taxonrn>Subclass</taxonrn><taxonrv>Theria</taxonrv><taxontsn>179916</taxontsn><taxoncl><taxonrn>Infraclass</taxonrn><taxonrv>Eutheria</taxonrv><taxontsn>179925</taxontsn><taxoncl><taxonrn>Order</taxonrn><taxonrv>Cetacea</taxonrv><taxontsn>180403</taxontsn><taxoncl><taxonrn>Suborder</taxonrn><taxonrv>Odontoceti</taxonrv><taxontsn>180404</taxontsn><taxoncl><taxonrn>Family</taxonrn><taxonrv>Ziphiidae</taxonrv><taxontsn>180493</taxontsn><taxoncl><taxonrn>Family</taxonrn><taxonrv>Ziphiidae</taxonrv><taxontsn>180493</taxontsn></taxoncl></taxoncl></taxoncl></taxoncl></taxoncl></taxoncl></taxoncl></taxoncl></taxoncl></taxonomy><crossref><citeinfo><origin>Palacios, D.M.</origin><pubdate>2003</pubdate><title>Oceanographic conditions around the Galápagos Archipelago and their Influence on cetacean community structure</title><onlink>http://www.pfeg.noaa.gov/~dpalacio/palacios_galapagos_thesis.pdf</onlink><serinfo><sername>Ph.D. Thesis, Oregon State University, Corvallis, Oregon</sername><issue>178pp</issue></serinfo></citeinfo></crossref><crossref><citeinfo><origin>Palacios, D.M</origin><pubdate>1999</pubdate><title>Marine mammal research in the Galápagos Islands: The 1993–94 Odyssey Expedition</title><onlink>http://www.pfeg.noaa.gov/~dpalacio/ody9394_rep.pdf</onlink><serinfo><sername>Final report submitted to Galápagos National Park Service and Charles Darwin Research Station</sername><issue>Puerto Ayora, Is. Galápagos, Ecuador, 10 November 1999. 6pp + 4 tables, 18 figures, and 3 appendices</issue></serinfo></citeinfo></crossref><crossref><citeinfo><origin>Lyrholm, T., I. Kerr, L. Galley and R. Payne</origin><pubdate>1992</pubdate><title>Report of the Expedición Siben, Ecuador 1988/89</title><onlink/><serinfo><sername>Final Report submitted by the Whale Conservation Institute to the Charles Darwin Research Station and the Galápagos National Park Service </sername><issue>Puerto Ayora, Islas Galápagos, Ecuador. 38 pp</issue></serinfo></citeinfo></crossref><datacred>Daniel M. Palacios and Ocean Alliance</datacred><crossref><citeinfo><origin>Halpin, P.N., A.J. Read, E. Fujioka, B.D. Best, B. Donnelly, L.J. Hazen, C. Kot, K. Urian, E. LaBrecque, A. Dimatteo, J. Cleary, C. Good, L.B. Crowder, and K.D. Hyrenbach</origin><pubdate>2009</pubdate><title>OBIS-SEAMAP: The world data center for marine mammal, sea bird, and sea turtle distributions</title><serinfo><sername>Oceanography</sername><issue>22(2):104-115</issue></serinfo><onlink>http://www.tos.org/oceanography/article/obis-seamap-the-world-data-center-for-marine-mammal-sea-bird-and-sea-turtle</onlink></citeinfo></crossref></idinfo>
	<metainfo>
		<langmeta Sync="TRUE">en</langmeta><metstdn Sync="TRUE">FGDC Content Standards for Digital Geospatial Metadata</metstdn><metstdv Sync="TRUE">FGDC-STD-001-1998</metstdv><mettc Sync="TRUE">local time</mettc><metc><cntinfo><cntperp><cntper>Ei Fujioka</cntper><cntorg>Duke University</cntorg></cntperp><cntpos/><cntaddr><addrtype>mailing and physical address</addrtype><address>LSRC A328</address><city>Durham</city><state>NC</state><country>USA</country></cntaddr><cntemail>efujioka@duke.edu</cntemail></cntinfo></metc><metextns><onlink>http://www.nbii.gov/</onlink><metprof>Biological Data Profile</metprof></metextns><metextns><onlink Sync="TRUE">http://www.esri.com/metadata/esriprof80.html</onlink><metprof Sync="TRUE">ESRI Metadata Profile</metprof></metextns><metd Sync="TRUE">2010-07-15</metd></metainfo><mdLang><languageCode Sync="TRUE" value="en"/></mdLang><mdStanName Sync="TRUE">ISO 19115 Geographic Information - Metadata</mdStanName><mdStanVer Sync="TRUE">DIS_ESRI1.0</mdStanVer><mdChar><CharSetCd Sync="TRUE" value="004"/></mdChar><mdHrLv><ScopeCd Sync="TRUE" value="005"/></mdHrLv><mdHrLvName Sync="TRUE">dataset</mdHrLvName><distinfo><resdesc Sync="TRUE">Downloadable Data</resdesc><stdorder><digform><digtinfo><transize Sync="TRUE">0.021</transize><dssize Sync="TRUE">0.021</dssize><formname>zip</formname><filedec>zipped shapefile</filedec></digtinfo><digtopt><onlinopt><computer><networka><networkr>http://seamap.env.duke.edu/dataset/656</networkr></networka></computer></onlinopt></digtopt></digform><fees>Free</fees><ordering>Go to the OBIS-SEAMAP web site</ordering></stdorder><distrib><cntinfo><cntorgp><cntper>OBIS-SEAMAP</cntper><cntorg>Nicholas School of Environment, Duke University</cntorg></cntorgp><cntpos/><cntaddr><addrtype>mailing and physical address</addrtype><address>A328, LSRC</address><city>Durham</city><state>NC</state><postal>27708</postal><country>USA</country></cntaddr><cntvoice>919-613-8021</cntvoice><cntemail>seamap-contact@duke.edu</cntemail></cntinfo></distrib><distliab>Not to hold OBIS-SEAMAP liable for errors in the data. While we have made every effort to ensure the quality of the database, we cannot guarantee the accuracy of these datasets.&#13;
Also please refer to Use Constraints.&#13;
</distliab></distinfo>
	<distInfo>
		<distributor><distorTran>
				<onLineSrc><orDesc Sync="TRUE">002</orDesc>
					<protocol Sync="TRUE">Local Area Network</protocol>
				</onLineSrc>
				<transSize Sync="TRUE">0.021</transSize></distorTran>
			<distorFormat><formatName Sync="TRUE">Shapefile</formatName></distorFormat>
		</distributor></distInfo>
	<spdoinfo><direct Sync="TRUE">Vector</direct><ptvctinf>
		</ptvctinf></spdoinfo>
	<spref><horizsys><cordsysn><geogcsn>GCS_WGS_1984</geogcsn></cordsysn><geograph><geogunit>Decimal degrees</geogunit><latres>0.000167</latres><longres>0.000167</longres></geograph><geodetic><horizdn>D_WGS_1984</horizdn><ellips>WGS_1984</ellips><semiaxis>6378137.000000</semiaxis><denflat>298.257224</denflat></geodetic></horizsys></spref><refSysInfo><RefSystem><refSysID><identCode Sync="TRUE">GCS_WGS_1984</identCode></refSysID></RefSystem></refSysInfo><spatRepInfo><VectSpatRep><topLvl><TopoLevCd Sync="TRUE" value="001"/></topLvl>
		</VectSpatRep>
	</spatRepInfo><eainfo><overview><eaover>This section explains attributes included in the original dataset.&#13;
OBIS-SEAMAP restricts the attributes available to the public to date/time, lat/lon and species names/counts only.&#13;
Should you need other attributes described here, you are encouraged to contact the data provider.</eaover><eadetcit>Daniel Palacios</eadetcit></overview><detailed><attr><attrlabl>oid</attrlabl><attrdef>Unique record ID for internal use</attrdef></attr><attr><attrlabl>vsl</attrlabl><attrdef>vessel: S = R/V Siben; O = R/V Odyssey</attrdef></attr><attr><attrlabl>obs_date</attrlabl><attrdef>Date of observation</attrdef></attr><attr><attrlabl>obis_time</attrlabl><attrdef>Time of observation (in local time)</attrdef></attr><attr><attrlabl>latitude</attrlabl><attrdef>Latitude in decimal degrees</attrdef></attr><attr><attrlabl>longitude</attrlabl><attrdef>Longitude in decimal degrees</attrdef></attr><attr><attrlabl>species</attrlabl><attrdef>species observed</attrdef></attr><attr><attrlabl>sp_tsn</attrlabl><attrdef>ITIS taxonomic serial number. This field added by OBIS-SEAMAP</attrdef></attr><attr><attrlabl>obs_count</attrlabl><attrdef>Group size</attrdef></attr><attr><attrlabl>notes</attrlabl><attrdef>Notes regarding time and group size</attrdef></attr></detailed></eainfo><mdDateSt Sync="TRUE">20060815</mdDateSt>
	<dataqual><posacc><horizpa><horizpar/></horizpa><vertacc><vertaccr/></vertacc></posacc><attracc><attraccr/></attracc><complete/></dataqual>
</metadata>
