<?xml version="1.0" encoding="UTF-8"?>
<metadata xml:lang="en">
<Esri>
	<MetaID>{999A9551-D701-4CF5-9373-131D3DD8D969}</MetaID>
	<CreaDate>20050512</CreaDate>
	<CreaTime>19291400</CreaTime>
	<SyncOnce>FALSE</SyncOnce>
	<SyncDate>20060710</SyncDate>
	<SyncTime>17161900</SyncTime>
	<ModDate>20060815</ModDate>
	<ModTime>12091700</ModTime>
</Esri>
<idinfo>
	<keywords><theme><themekt>None</themekt><themekey>Marine Biology</themekey></theme></keywords>
	<native Sync="TRUE">Relational database</native>
	<descript>
	<langdata Sync="TRUE">en</langdata>
	<abstract>The National Whale and Dolphin Sightings and Strandings Database records reported sightings of whales and dolphins in Australian waters and maintains details of stranding events around the Australian coastline. This resource currently only show the sighting records.</abstract><supplinf>This dataset was downloaded from OBIS (https://obis.org/). The records for only marine mammals, seabirds, sea turtles and rays and sharks were extracted. Records with no longitude/latitude or no date (eventDate) were excluded.
OBIS dataset page:
&lt;a target="_blank" href="https://obis.org/dataset/5d6e3670-3455-434b-b2fe-3d50f144b51a"&gt;https://obis.org/dataset/5d6e3670-3455-434b-b2fe-3d50f144b51a&lt;/a&gt;
Data Provider's dataset page:
&lt;a target="_blank" href="http://ipt.obis.org/nonode/resource?r=nssd"&gt;http://ipt.obis.org/nonode/resource?r=nssd&lt;/a&gt;</supplinf></descript>
	<citation>
		<citeinfo><origin>Raymond, B</origin><pubdate>2011</pubdate><title>National Whale and Dolphin Sightings and Strandings Database</title><onlink>http://seamap.env.duke.edu/dataset/103150567</onlink><serinfo><sername>OBIS-SEAMAP</sername><issue>103150567</issue></serinfo><pubinfo><pubplace>http://seamap.env.duke.edu/dataset/103150567</pubplace><publish>OBIS-SEAMAP</publish></pubinfo></citeinfo>
	</citation>
	<timeperd><current>ground condition</current><timeinfo><rngdates><begdate>19550515</begdate><enddate>19990809</enddate></rngdates></timeinfo></timeperd>
	<status><progress>In work</progress><update>As needed</update></status>
	<spdom><bounding><westbc>-176</westbc><eastbc>179.916671753</eastbc><northbc>38.9000015259</northbc><southbc>-77.4333343506</southbc></bounding><lboundng><leftbc Sync="TRUE">-176</leftbc><rightbc Sync="TRUE">179.91667175293</rightbc><bottombc Sync="TRUE">-77.4333343505859</bottombc><topbc Sync="TRUE">38.9000015258789</topbc></lboundng><descgeog>Ocean</descgeog></spdom>
	<accconst>Public.</accconst>
	<useconst>1. Not to use data obtained from OBIS-SEAMAP in any publication, product, or commercial application without proper attribution to the original data provider(s) and OBIS-SEAMAP unless the datasets are explicitly shown under the CC0 policy. Citations or credits are suggested as attribution. If the data you downloaded come from multiple datasets, a citation or credit to each of the datasets is required.

Suggested citation for this dataset:





Suggested citation for OBIS-SEAMAP:

Halpin, P.N., A.J. Read, E. Fujioka, B.D. Best, B. Donnelly, L.J. Hazen, C. Kot, K. Urian, E. LaBrecque, A. Dimatteo, J. Cleary, C. Good, L.B. Crowder, and K.D. Hyrenbach. 2009. OBIS-SEAMAP: The world data center for marine mammal, sea bird, and sea turtle distributions. Oceanography 22(2):104-115

2. To forward the citation of any publication / report that made use of the data / tools provided by OBIS-SEAMAP for inclusion in our list of references.

3. Not to hold OBIS-SEAMAP or the original data providers liable for errors in the data. While we have made every effort to ensure the quality of the database, we cannot guarantee the accuracy of these datasets. 

4. The burden for determining fitness for use of the downloaded data for any analyses lies entirely with the user. OBIS-SEAMAP or the original data providers do not support outcomes of your analyses that used the data you downloaded from OBIS-SEAMAP.

5. To consider inclusion of the accompanying transect (effort) dataset if available into the methodology of your analyses.

6. Not to redistribute the data you downloaded from OBIS-SEAMAP through any media without contect from OBIS-SEAMAP and the original data providers unless the datasets are explicitly shown under the CC0 policy.</useconst>
	<natvform Sync="TRUE">Shapefile</natvform>
	
	<ptcontac>
		<cntinfo>
			<cntperp><cntper>OBIS Secretariat</cntper><cntorg>Intergovernmental Oceanographic Commission of UNESCO</cntorg></cntperp>
			<cntaddr>
				<addrtype>mailing and physical address</addrtype>
			</cntaddr>
		<cntpos/><cntemail>info@iobis.org</cntemail><cntvoice>unknown</cntvoice></cntinfo>
	</ptcontac>
<datacred>OBIS and OBIS Secretariat</datacred><crossref><citeinfo><origin>Obis secretariat</origin><title>OBIS-SEAMAP: The world data center for marine mammal, sea bird, and sea turtle distributions</title><geoform>vector digital data</geoform></citeinfo></crossref><taxonomy><keywtax><taxonkt>Taxon covered</taxonkt><taxonkey>Marine mammals</taxonkey></keywtax><taxonsys><classsys><classcit><citeinfo><origin>Integrated Taxonomic Information System</origin><pubdate>Unknown</pubdate><title>Integrated Taxonomic Information System</title><geoform>Not applicable</geoform><othercit>Downloaded April, 2004</othercit><onlink>http://www.itis.usda.gov/</onlink></citeinfo></classcit></classsys><ider><cntinfo><cntperp><cntper>Refer to the contact information of the dataset</cntper><cntorg>Refer to the contact information of the dataset</cntorg></cntperp><cntaddr><addrtype>mailing and physical address</addrtype><address>Refer to the contact information of the dataset</address><city>Refer to the contact information of the dataset</city><state>Refer to the contact information of the dataset</state><postal>Refer to the contact information of the dataset</postal><country>Refer to the contact information of the dataset</country></cntaddr><cntvoice>Not provided</cntvoice></cntinfo></ider><taxonpro>Identified by observers or researchers conducting the survey</taxonpro></taxonsys><taxoncl><taxonrn>Kingdom</taxonrn><taxonrv>Animalia</taxonrv><taxoncl><taxonrn>Phylum</taxonrn><taxonrv>Chordata</taxonrv><taxoncl><taxonrn>Subphylum</taxonrn><taxonrv>Vertebrata</taxonrv><taxoncl><taxonrn>Class</taxonrn><taxonrv>Mammalia</taxonrv><taxoncl><taxonrn>Subclass</taxonrn><taxonrv>Theria</taxonrv><taxoncl><taxonrn>Infraclass</taxonrn><taxonrv>Eutheria</taxonrv><taxoncl><taxonrn>Order</taxonrn><taxonrv>Cetacea</taxonrv><taxoncl><taxonrn>Suborder</taxonrn><taxonrv>Mysticeti</taxonrv><taxoncl><taxonrn>Family</taxonrn><taxonrv>Balaenopteridae</taxonrv><taxoncl><taxonrn>Genus</taxonrn><taxonrv>Balaenoptera</taxonrv><taxoncl><taxonrn>Species</taxonrn><taxonrv>Balaenoptera acutorostrata</taxonrv></taxoncl><taxoncl><taxonrn>Species</taxonrn><taxonrv>Balaenoptera borealis</taxonrv></taxoncl><taxoncl><taxonrn>Species</taxonrn><taxonrv>Balaenoptera edeni</taxonrv></taxoncl><taxoncl><taxonrn>Species</taxonrn><taxonrv>Balaenoptera musculus</taxonrv></taxoncl><taxoncl><taxonrn>Species</taxonrn><taxonrv>Balaenoptera physalus</taxonrv></taxoncl></taxoncl><taxoncl><taxonrn>Genus</taxonrn><taxonrv>Megaptera</taxonrv><taxoncl><taxonrn>Species</taxonrn><taxonrv>Megaptera novaeangliae</taxonrv></taxoncl></taxoncl></taxoncl><taxoncl><taxonrn>Family</taxonrn><taxonrv>Neobalaenidae</taxonrv><taxoncl><taxonrn>Genus</taxonrn><taxonrv>Caperea</taxonrv><taxoncl><taxonrn>Species</taxonrn><taxonrv>Caperea marginata</taxonrv></taxoncl></taxoncl></taxoncl><taxoncl><taxonrn>Family</taxonrn><taxonrv>Balaenidae</taxonrv><taxoncl><taxonrn>Genus</taxonrn><taxonrv>Eubalaena</taxonrv><taxoncl><taxonrn>Species</taxonrn><taxonrv>Eubalaena australis</taxonrv></taxoncl></taxoncl></taxoncl></taxoncl><taxoncl><taxonrn>Suborder</taxonrn><taxonrv>Odontoceti</taxonrv><taxoncl><taxonrn>Family</taxonrn><taxonrv>Delphinidae</taxonrv><taxoncl><taxonrn>Genus</taxonrn><taxonrv>Delphinus</taxonrv><taxoncl><taxonrn>Species</taxonrn><taxonrv>Delphinus delphis</taxonrv></taxoncl></taxoncl><taxoncl><taxonrn>Genus</taxonrn><taxonrv>Feresa</taxonrv><taxoncl><taxonrn>Species</taxonrn><taxonrv>Feresa attenuata</taxonrv></taxoncl></taxoncl><taxoncl><taxonrn>Genus</taxonrn><taxonrv>Globicephala</taxonrv><taxoncl><taxonrn>Species</taxonrn><taxonrv>Globicephala macrorhynchus</taxonrv></taxoncl><taxoncl><taxonrn>Species</taxonrn><taxonrv>Globicephala melas</taxonrv></taxoncl></taxoncl><taxoncl><taxonrn>Genus</taxonrn><taxonrv>Grampus</taxonrv><taxoncl><taxonrn>Species</taxonrn><taxonrv>Grampus griseus</taxonrv></taxoncl></taxoncl><taxoncl><taxonrn>Genus</taxonrn><taxonrv>Lagenorhynchus</taxonrv><taxoncl><taxonrn>Species</taxonrn><taxonrv>Lagenorhynchus cruciger</taxonrv></taxoncl><taxoncl><taxonrn>Species</taxonrn><taxonrv>Lagenorhynchus obscurus</taxonrv></taxoncl></taxoncl><taxoncl><taxonrn>Genus</taxonrn><taxonrv>Lissodelphis</taxonrv><taxoncl><taxonrn>Species</taxonrn><taxonrv>Lissodelphis peronii</taxonrv></taxoncl></taxoncl><taxoncl><taxonrn>Genus</taxonrn><taxonrv>Orcinus</taxonrv><taxoncl><taxonrn>Species</taxonrn><taxonrv>Orcinus orca</taxonrv></taxoncl></taxoncl><taxoncl><taxonrn>Genus</taxonrn><taxonrv>Peponocephala</taxonrv><taxoncl><taxonrn>Species</taxonrn><taxonrv>Peponocephala electra</taxonrv></taxoncl></taxoncl><taxoncl><taxonrn>Genus</taxonrn><taxonrv>Pseudorca</taxonrv><taxoncl><taxonrn>Species</taxonrn><taxonrv>Pseudorca crassidens</taxonrv></taxoncl></taxoncl><taxoncl><taxonrn>Genus</taxonrn><taxonrv>Stenella</taxonrv><taxoncl><taxonrn>Species</taxonrn><taxonrv>Stenella coeruleoalba</taxonrv></taxoncl><taxoncl><taxonrn>Species</taxonrn><taxonrv>Stenella longirostris</taxonrv></taxoncl></taxoncl><taxoncl><taxonrn>Genus</taxonrn><taxonrv>Tursiops</taxonrv><taxoncl><taxonrn>Species</taxonrn><taxonrv>Tursiops truncatus</taxonrv></taxoncl></taxoncl></taxoncl><taxoncl><taxonrn>Family</taxonrn><taxonrv>Hyperoodontidae</taxonrv><taxoncl><taxonrn>Genus</taxonrn><taxonrv>Hyperoodon</taxonrv><taxoncl><taxonrn>Species</taxonrn><taxonrv>Hyperoodon planifrons</taxonrv></taxoncl></taxoncl><taxoncl><taxonrn>Genus</taxonrn><taxonrv>Ziphius</taxonrv><taxoncl><taxonrn>Species</taxonrn><taxonrv>Ziphius cavirostris</taxonrv></taxoncl></taxoncl></taxoncl><taxoncl><taxonrn>Family</taxonrn><taxonrv>Kogiidae</taxonrv><taxoncl><taxonrn>Genus</taxonrn><taxonrv>Kogia</taxonrv><taxoncl><taxonrn>Species</taxonrn><taxonrv>Kogia breviceps</taxonrv></taxoncl></taxoncl></taxoncl><taxoncl><taxonrn>Family</taxonrn><taxonrv>Physeteridae</taxonrv><taxoncl><taxonrn>Genus</taxonrn><taxonrv>Physeter</taxonrv><taxoncl><taxonrn>Species</taxonrn><taxonrv>Physeter macrocephalus</taxonrv></taxoncl></taxoncl></taxoncl></taxoncl></taxoncl><taxoncl><taxonrn>Order</taxonrn><taxonrv>Sirenia</taxonrv><taxoncl><taxonrn>Family</taxonrn><taxonrv>Dugongidae</taxonrv><taxoncl><taxonrn>Subfamily</taxonrn><taxonrv>Dugonginae</taxonrv><taxoncl><taxonrn>Genus</taxonrn><taxonrv>Dugong</taxonrv><taxoncl><taxonrn>Species</taxonrn><taxonrv>Dugong dugon</taxonrv></taxoncl></taxoncl></taxoncl></taxoncl></taxoncl><taxoncl><taxonrn>Order</taxonrn><taxonrv>Carnivora</taxonrv><taxoncl><taxonrn>Suborder</taxonrn><taxonrv>Caniformia</taxonrv><taxoncl><taxonrn>Family</taxonrn><taxonrv>Phocidae</taxonrv><taxoncl><taxonrn>Genus</taxonrn><taxonrv>Mirounga</taxonrv><taxoncl><taxonrn>Species</taxonrn><taxonrv>Mirounga leonina</taxonrv></taxoncl></taxoncl></taxoncl></taxoncl></taxoncl></taxoncl></taxoncl></taxoncl></taxoncl></taxoncl></taxoncl></taxonomy></idinfo>

<metainfo>
	<langmeta Sync="TRUE">en</langmeta>
	<metstdn Sync="TRUE">FGDC Content Standards for Digital Geospatial Metadata</metstdn>
	<metstdv Sync="TRUE">FGDC-STD-001-1998</metstdv>
	<mettc Sync="TRUE">local time</mettc>
	<metc>
		<cntinfo>
			<cntorgp>
			<cntper>Ei Fujioka</cntper>
			<cntorg>Nicholas School of Environment, Duke University</cntorg>
			</cntorgp>
			<cntaddr><addrtype>mailing and physical address</addrtype><city>Durham</city><state>NC</state><postal>27708</postal><address>A328, LSRC</address><country>USA</country></cntaddr>
			<cntvoice>919-613-8021</cntvoice>
			<cntemail>seamap-contact@duke.edu</cntemail>
		<cntperp><cntper>Ei Fujioka</cntper><cntorg>Nicholas School of Environment, Duke Univ.</cntorg></cntperp><cntpos/></cntinfo>
	</metc>
	<metextns><onlink>http://www.nbii.gov/</onlink><metprof>Biological Data Profile</metprof></metextns><metextns><onlink Sync="TRUE">http://www.esri.com/metadata/esriprof80.html</onlink><metprof Sync="TRUE">ESRI Metadata Profile</metprof></metextns>
	<metd>20200702</metd>
<metrd>20200702</metrd></metainfo>

<mdLang><languageCode Sync="TRUE" value="en"/></mdLang>
<mdStanName Sync="TRUE">ISO 19115 Geographic Information - Metadata</mdStanName><mdStanVer Sync="TRUE">DIS_ESRI1.0</mdStanVer><mdChar><CharSetCd Sync="TRUE" value="004"/></mdChar><mdHrLv><ScopeCd Sync="TRUE" value="005"/></mdHrLv><mdHrLvName Sync="TRUE">dataset</mdHrLvName>

<distinfo>
	<resdesc Sync="TRUE">OBIS-SEAMAP Dataset ID 103150567</resdesc>
	<stdorder>
		<digform>
			<digtinfo>
				<transize Sync="TRUE">0.021</transize>
				<dssize Sync="TRUE">0.021</dssize>
			</digtinfo>
			<digtopt>
				<onlinopt>
					<computer>
						<networka>
							<networkr>OBIS-SEAMAP</networkr>
						</networka>
					</computer>
				</onlinopt>
			</digtopt>
		</digform>
		<fees>Free</fees>
		<ordering>Go to the OBIS-SEAMAP web site and click on [Datasets] tab appearing on upper left.</ordering>
	</stdorder>
	<distrib>
		<cntinfo>
			<cntorgp>
				<cntorg>Nicholas School of Environment, Duke University</cntorg>
				<cntper>OBIS-SEAMAP</cntper>
			</cntorgp>
			<cntaddr>
				<addrtype>mailing and physical address</addrtype>
				<city>Durham</city><state>NC</state><country>USA</country><address>A328, LSRC</address><postal>27708</postal>
			</cntaddr>
			<cntvoice>919-613-8021</cntvoice>
			<cntemail>seamap-contact@duke.edu</cntemail>
		<cntpos/></cntinfo>
	</distrib>

	<distliab>Not to hold OBIS-SEAMAP liable for errors in the data. While we have made every effort to ensure the quality of the database, we cannot guarantee the accuracy of these datasets.
Also please refer to Use Constraints.
</distliab>
</distinfo>

	<distInfo>
		<distributor><distorTran>
				<onLineSrc><orDesc Sync="TRUE">002</orDesc>
					<protocol Sync="TRUE">Local Area Network</protocol>
				</onLineSrc>
				<transSize Sync="TRUE">0.021</transSize></distorTran>
			<distorFormat><formatName Sync="TRUE">Shapefile</formatName></distorFormat>
		</distributor></distInfo>
	<spdoinfo><direct Sync="TRUE">Vector</direct><ptvctinf>
		</ptvctinf></spdoinfo>
	<spref><horizsys><cordsysn><geogcsn>GCS_WGS_1984</geogcsn></cordsysn><geograph><geogunit>Decimal degrees</geogunit><latres>1e-06</latres><longres>1e-06</longres></geograph><geodetic><horizdn>D_WGS_1984</horizdn><ellips>WGS_1984</ellips><semiaxis>6378137.000000</semiaxis><denflat>298.257224</denflat></geodetic></horizsys></spref><refSysInfo><RefSystem><refSysID><identCode Sync="TRUE">GCS_WGS_1984</identCode></refSysID></RefSystem></refSysInfo><spatRepInfo><VectSpatRep><topLvl><TopoLevCd Sync="TRUE" value="001"/></topLvl>
		</VectSpatRep>
	</spatRepInfo><eainfo><overview><eaover>The attributes of this dataset are compatible with the OBIS Schema, then reformatted to the OBIS-SEAMAP schema. If you would like to get the data in the OBIS Schema, please visit iOBIS Portal.</eaover><eadetcit>OBIS Secretariat, Intergovernmental Oceanographic Commission of UNESCO</eadetcit></overview><detailed><enttyp><enttypl>Biogeographic data</enttypl><enttypd>Biogeographic data</enttypd><enttypds>Not applicable</enttypds></enttyp><attr><attrlabl>oid</attrlabl><attrdef>Internal ID</attrdef><attrdefs>Data provider</attrdefs><attrdomv><udom>Internal ID</udom></attrdomv></attr><attr><attrlabl>id</attrlabl><attrdef>Record ID</attrdef><attrdefs>Data provider</attrdefs><attrdomv><udom>Record ID</udom></attrdomv></attr><attr><attrlabl>dataset_id</attrlabl><attrdef>Dataset ID</attrdef><attrdefs>Data provider</attrdefs><attrdomv><udom>Dataset ID</udom></attrdomv></attr><attr><attrlabl>scientificname</attrlabl><attrdef>Scientific name</attrdef><attrdefs>Data provider</attrdefs><attrdomv><udom>Scientific name</udom></attrdomv></attr><attr><attrlabl>vernacularname</attrlabl><attrdef>Vernacular name</attrdef><attrdefs>Data provider</attrdefs><attrdomv><udom>Vernacular name</udom></attrdomv></attr><attr><attrlabl>aphiaid</attrlabl><attrdef>Aphia ID</attrdef><attrdefs>Data provider</attrdefs><attrdomv><udom>Aphia ID</udom></attrdomv></attr><attr><attrlabl>taxonrank</attrlabl><attrdef>taxononic rank</attrdef><attrdefs>Data provider</attrdefs><attrdomv><udom>taxononic rank</udom></attrdomv></attr><attr><attrlabl>individualcount</attrlabl><attrdef>Group size / individual count</attrdef><attrdefs>Data provider</attrdefs><attrdomv><udom>Group size / individual count</udom></attrdomv></attr><attr><attrlabl>eventdate</attrlabl><attrdef>Event date (precision varies)</attrdef><attrdefs>Data provider</attrdefs><attrdomv><udom>Event date (precision varies)</udom></attrdomv></attr><attr><attrlabl>eventtime</attrlabl><attrdef>Event time</attrdef><attrdefs>Data provider</attrdefs><attrdomv><udom>Event time</udom></attrdomv></attr><attr><attrlabl>decimallatitude</attrlabl><attrdef>Latitude in decimal degrees</attrdef><attrdefs>Data provider</attrdefs><attrdomv><udom>Latitude in decimal degrees</udom></attrdomv></attr><attr><attrlabl>decimallongitude</attrlabl><attrdef>Longitude in decimal degrees</attrdef><attrdefs>Data provider</attrdefs><attrdomv><udom>Longitude in decimal degrees</udom></attrdomv></attr><attr><attrlabl>coordinateprecision</attrlabl><attrdef>Coordinate precision</attrdef><attrdefs>Data provider</attrdefs><attrdomv><udom>Coordinate precision</udom></attrdomv></attr><attr><attrlabl>catalognumber</attrlabl><attrdef>Catalog number</attrdef><attrdefs>Data provider</attrdefs><attrdomv><udom>Catalog number</udom></attrdomv></attr><attr><attrlabl>collectioncode</attrlabl><attrdef>Collection code</attrdef><attrdefs>Data provider</attrdefs><attrdomv><udom>Collection code</udom></attrdomv></attr><attr><attrlabl>occurrencestatus</attrlabl><attrdef>Occurrence status</attrdef><attrdefs>Data provider</attrdefs><attrdomv><udom>Occurrence status</udom></attrdomv></attr><attr><attrlabl>basisofrecord</attrlabl><attrdef>Basis of record (HumanObservation / MachineObservation)</attrdef><attrdefs>Data provider</attrdefs><attrdomv><udom>Basis of record (HumanObservation / MachineObservation)</udom></attrdomv></attr><attr><attrlabl>modified</attrlabl><attrdef>Date/time the record was modified</attrdef><attrdefs>Data provider</attrdefs><attrdomv><udom>Date/time the record was modified</udom></attrdomv></attr><attr><attrlabl>node_id</attrlabl><attrdef>Node ID</attrdef><attrdefs>Data provider</attrdefs><attrdomv><udom>Node ID</udom></attrdomv></attr><attr><attrlabl>occurrenceid</attrlabl><attrdef>Occurrence ID</attrdef><attrdefs>Data provider</attrdefs><attrdomv><udom>Occurrence ID</udom></attrdomv></attr><attr><attrlabl>occurrenceremarks</attrlabl><attrdef>Occurrence remarks</attrdef><attrdefs>Data provider</attrdefs><attrdomv><udom>Occurrence remarks</udom></attrdomv></attr><attr><attrlabl>eventid</attrlabl><attrdef>Event ID</attrdef><attrdefs>Data provider</attrdefs><attrdomv><udom>Event ID</udom></attrdomv></attr><attr><attrlabl>institutioncode</attrlabl><attrdef>Institution code</attrdef><attrdefs>Data provider</attrdefs><attrdomv><udom>Institution code</udom></attrdomv></attr><attr><attrlabl>lifestage</attrlabl><attrdef>Life stage</attrdef><attrdefs>Data provider</attrdefs><attrdomv><udom>Life stage</udom></attrdomv></attr><attr><attrlabl>sex</attrlabl><attrdef>Gender of the animal if known</attrdef><attrdefs>Data provider</attrdefs><attrdomv><udom>Gender of the animal if known</udom></attrdomv></attr><attr><attrlabl>species</attrlabl><attrdef>Species by provider</attrdef><attrdefs>Data provider</attrdefs><attrdomv><udom>Species by provider</udom></attrdomv></attr><attr><attrlabl>datasetid</attrlabl><attrdef>Dataset ID by provider</attrdef><attrdefs>Data provider</attrdefs><attrdomv><udom>Dataset ID by provider</udom></attrdomv></attr><attr><attrlabl>country</attrlabl><attrdef>Country</attrdef><attrdefs>Data provider</attrdefs><attrdomv><udom>Country</udom></attrdomv></attr><attr><attrlabl>locality</attrlabl><attrdef>Location of ocean</attrdef><attrdefs>Data provider</attrdefs><attrdomv><udom>Location of ocean</udom></attrdomv></attr><attr><attrlabl>waterbody</attrlabl><attrdef>Details of ocean</attrdef><attrdefs>Data provider</attrdefs><attrdomv><udom>Details of ocean</udom></attrdomv></attr><attr><attrlabl>dropped</attrlabl><attrdef>Flag indicating the record was dropped (always false)</attrdef><attrdefs>Data provider</attrdefs><attrdomv><udom>Flag indicating the record was dropped (always false)</udom></attrdomv></attr><attr><attrlabl>absence</attrlabl><attrdef>Flag indicating the record represents the absence of the species (always false)</attrdef><attrdefs>Data provider</attrdefs><attrdomv><udom>Flag indicating the record represents the absence of the species (always false)</udom></attrdomv></attr><attr><attrlabl>marine</attrlabl><attrdef>Flag indicating the record is for marine life (always true)</attrdef><attrdefs>Data provider</attrdefs><attrdomv><udom>Flag indicating the record is for marine life (always true)</udom></attrdomv></attr></detailed></eainfo><mdDateSt Sync="TRUE">20060815</mdDateSt>
	<dataqual><posacc><horizpa/><vertacc/></posacc><attracc/><lineage><procstep><procdesc>Data were put through the OBIS-SEAMAP data registration steps.</procdesc><procdate>20200525</procdate></procstep></lineage></dataqual>
</metadata>
