<?xml version="1.0"?>
<metadata>
  <idinfo>
    <descript>
      <abstract>This 1993 line-transect survey was designed to make abundance estimates of the northern stock of common dolphin, &lt;i&gt;Delphinus delphis&lt;/i&gt;, in the eastern Pacific. This stock of dolphin is taken in the tropical tuna fishery. The index of relative abundance for this stock, computed from sightings on tuna vessels, has declined substantially in the last decade.  However, because tuna vessels cover only the southern portion of the stock's range, the declines in the index may be due to a northward shift in distribution, rather than an actual decline in abundance. The 1993 survey was designed to produce the first range-wide estimates of abundance for the northern common dolphin and its recently described congener, &lt;i&gt;Delphinus capensis&lt;/i&gt;. This survey was conducted by the NOAA Southwest Fisheries Science Center aboard NOAA Ships &lt;i&gt;McArthur&lt;/i&gt; and &lt;i&gt;David Starr Jordan&lt;/i&gt; for a combined total of approximately 32,000 kilometers surveyed from late July to early November 1993. This dataset provides the time-date and geographical coordinates, by &#xD;
species/stock, of all cetaceans detected during the survey, as well as the daily and intra-daily start and end points of the line-transect survey by the NOAA Ship &lt;i&gt;David Starr Jordan&lt;/i&gt;.</abstract>
      <purpose>The primary objective of the cruise was to survey the area inhabited by the northern stock of common dolphins, and to make an estimate of its absolute abundance in order to assess the impact of the dolphins killed by the United States and international yellowfin tuna purse seine fleet in the eastern tropical Pacific.</purpose>
      <supplinf>[2021-04-12] Updated with additional attributes.&#xD;
&#xD;
SWFSC MMTD Cruise Number: 1509&#xD;
Perpendicular distance will be released upon permission by the contributor. Please contact the contributor if needed.&#xD;
&#xD;
Attribute descriptions for effort data:&#xD;
dist: Length of the segment (km) &#xD;
Mode: Effort mode type (C = closing mode; P = passing mode)</supplinf>
    </descript>
    <citation>
      <citeinfo><origin>Gerrodette, T</origin><pubdate>2004</pubdate><title>SWFSC Marine Mammal Survey, PODS 1993, Cruise 1509</title><onlink>http://seamap.env.duke.edu/dataset/215</onlink><serinfo><sername>OBIS-SEAMAP</sername><issue>215</issue></serinfo><pubinfo><pubplace>http://seamap.env.duke.edu/dataset/215</pubplace><publish>OBIS-SEAMAP</publish></pubinfo><geoform>vector digital data</geoform></citeinfo>
    </citation>
    <timeperd>
      <current>ground condition</current>
      <timeinfo>
        <rngdates>
          <begdate>19930729</begdate>
          <enddate>19931105</enddate>
        </rngdates>
      </timeinfo>
    </timeperd>
    <status>
      <progress>Complete</progress>
      <update>None planned</update>
    </status>
    <spdom><bounding><westbc>-120.097667</westbc><eastbc>-105.497667</eastbc><northbc>32.094167</northbc><southbc>18.691667</southbc></bounding><lboundng><leftbc>-120.1</leftbc><rightbc>-105.5</rightbc><topbc>32.09</topbc><bottombc>18.69</bottombc></lboundng><descgeog>Pacific</descgeog></spdom>
    <keywords><theme><themekt>None</themekt><themekey>Vessels</themekey><themekey>Sightings</themekey><themekey>Cetaceans</themekey><themekey>Whales</themekey><themekey>Dolphins</themekey><themekey>Delphinus</themekey><themekey>Population</themekey><themekey>Abundance</themekey><themekey>Survey</themekey><themekey>Census</themekey><themekey>PODS</themekey></theme><place><placekt>None</placekt><placekey>Pacific</placekey><placekey>California Current</placekey><placekey>California</placekey><placekey>Mexico</placekey><placekey>Gulf of California</placekey></place></keywords>
    <accconst>Open public unless otherwise noted. See Use Constraints for details.</accconst>
    <useconst>1. Not to use data obtained from OBIS-SEAMAP in any publication, product, &#xD;
or commercial application without proper attribution to the original data &#xD;
provider(s) and OBIS-SEAMAP unless the datasets are explicitly shown under &#xD;
the CC0 policy. Citations or credits are suggested as attribution. If the data &#xD;
you downloaded come from multiple datasets, a citation or credit to each of &#xD;
the datasets is required.&#xD;
&#xD;
Suggested citation for this dataset:&#xD;
&#xD;
Gerrodette, T. 2004. SWFSC Marine Mammal Survey, PODS 1993, Cruise 1509. Data downloaded from OBIS-SEAMAP (http://seamap.env.duke.edu/dataset/215) on yyyy-mm-dd.&#xD;
&#xD;
Suggested citation for OBIS-SEAMAP:&#xD;
&#xD;
Halpin, P.N., A.J. Read, E. Fujioka, B.D. Best, B. Donnelly, L.J. Hazen, C. Kot, K. &#xD;
Urian, E. LaBrecque, A. Dimatteo, J. Cleary, C. Good, L.B. Crowder, and K.D. &#xD;
Hyrenbach. 2009. OBIS-SEAMAP: The world data center for marine mammal, &#xD;
sea bird, and sea turtle distributions. Oceanography 22(2):104-115&#xD;
&#xD;
2. To forward the citation of any publication / report that made use of the &#xD;
data / tools provided by OBIS-SEAMAP for inclusion in our list of references.&#xD;
&#xD;
3. Not to hold OBIS-SEAMAP or the original data providers liable for errors in &#xD;
the data. While we have made every effort to ensure the quality of the &#xD;
database, we cannot guarantee the accuracy of these datasets. &#xD;
&#xD;
4. The burden for determining fitness for use of the downloaded data for any &#xD;
analyses lies entirely with the user. OBIS-SEAMAP or the original data &#xD;
providers do not support outcomes of your analyses that used the data you &#xD;
downloaded from OBIS-SEAMAP.&#xD;
&#xD;
5. To consider inclusion of the accompanying transect (effort) dataset if &#xD;
available into the methodology of your analyses.&#xD;
&#xD;
6. Not to redistribute the data you downloaded from OBIS-SEAMAP through &#xD;
any media without contect from OBIS-SEAMAP and the original data &#xD;
providers unless the datasets are explicitly shown under the CC0 policy.</useconst>
    <natvform>Shapefile</natvform>
    <ptcontac>
      <cntinfo>
        <cntperp>
          <cntper>Jeffrey Moore</cntper>
          <cntorg>Southwest Fisheries Science Center, NOAA</cntorg>
        </cntperp>
        <cntpos/>
        <cntaddr>
          <addrtype>mailing and physical address</addrtype>
          <address>8901 La Jolla Shores Dr.</address>
          <city>La Jolla</city>
          <state>CA</state>
          <postal>92037</postal>
          <country>USA</country>
        </cntaddr>
        <cntvoice>unknown</cntvoice>
        <cntemail>jeff.e.moore@noaa.gov</cntemail>
      <cntfax/></cntinfo>
    </ptcontac>
    <datacred>NOAA Southwest Fisheries Science Center (SWFSC)</datacred>
    <taxonomy><keywtax><taxonkt>Taxon covered</taxonkt><taxonkey>Marine mammals</taxonkey><taxonkey>Sea turtles</taxonkey></keywtax><taxonsys><classsys><classcit><citeinfo><origin>Integrated Taxonomic Information System</origin><pubdate>Unknown</pubdate><title>Integrated Taxonomic Information System</title><geoform>Not applicable</geoform><othercit>Downloaded April, 2004</othercit><onlink>http://www.itis.usda.gov/</onlink></citeinfo></classcit></classsys><ider><cntinfo><cntperp><cntper>Refer to the contact information of the dataset</cntper><cntorg>Refer to the contact information of the dataset</cntorg></cntperp><cntaddr><addrtype>mailing and physical address</addrtype><address>Refer to the contact information of the dataset</address><city>Refer to the contact information of the dataset</city><state>Refer to the contact information of the dataset</state><postal>Refer to the contact information of the dataset</postal><country>Refer to the contact information of the dataset</country></cntaddr><cntvoice>Not provided</cntvoice></cntinfo></ider><taxonpro>Identified by observers or researchers conducting the survey</taxonpro></taxonsys><taxoncl><taxonrn>Kingdom</taxonrn><taxonrv>Animalia</taxonrv><taxoncl><taxonrn>Phylum</taxonrn><taxonrv>Chordata</taxonrv><taxoncl><taxonrn>Subphylum</taxonrn><taxonrv>Vertebrata</taxonrv><taxoncl><taxonrn>Class</taxonrn><taxonrv>Mammalia</taxonrv><taxoncl><taxonrn>Subclass</taxonrn><taxonrv>Theria</taxonrv><taxoncl><taxonrn>Infraclass</taxonrn><taxonrv>Eutheria</taxonrv><taxoncl><taxonrn>Order</taxonrn><taxonrv>Cetacea</taxonrv><taxoncl><taxonrn>Suborder</taxonrn><taxonrv>Mysticeti</taxonrv><taxoncl><taxonrn>Family</taxonrn><taxonrv>Balaenopteridae</taxonrv><taxoncl><taxonrn>Genus</taxonrn><taxonrv>Balaenoptera</taxonrv><taxoncl><taxonrn>Species</taxonrn><taxonrv>Balaenoptera acutorostrata</taxonrv></taxoncl><taxoncl><taxonrn>Species</taxonrn><taxonrv>Balaenoptera edeni</taxonrv></taxoncl><taxoncl><taxonrn>Species</taxonrn><taxonrv>Balaenoptera musculus</taxonrv></taxoncl><taxoncl><taxonrn>Species</taxonrn><taxonrv>Balaenoptera physalus</taxonrv></taxoncl></taxoncl><taxoncl><taxonrn>Genus</taxonrn><taxonrv>Megaptera</taxonrv><taxoncl><taxonrn>Species</taxonrn><taxonrv>Megaptera novaeangliae</taxonrv></taxoncl></taxoncl></taxoncl></taxoncl><taxoncl><taxonrn>Suborder</taxonrn><taxonrv>Odontoceti</taxonrv><taxoncl><taxonrn>Family</taxonrn><taxonrv>Delphinidae</taxonrv><taxoncl><taxonrn>Genus</taxonrn><taxonrv>Delphinus</taxonrv><taxoncl><taxonrn>Species</taxonrn><taxonrv>Delphinus capensis</taxonrv></taxoncl><taxoncl><taxonrn>Species</taxonrn><taxonrv>Delphinus delphis</taxonrv></taxoncl></taxoncl><taxoncl><taxonrn>Genus</taxonrn><taxonrv>Feresa</taxonrv><taxoncl><taxonrn>Species</taxonrn><taxonrv>Feresa attenuata</taxonrv></taxoncl></taxoncl><taxoncl><taxonrn>Genus</taxonrn><taxonrv>Globicephala</taxonrv><taxoncl><taxonrn>Species</taxonrn><taxonrv>Globicephala macrorhynchus</taxonrv></taxoncl></taxoncl><taxoncl><taxonrn>Genus</taxonrn><taxonrv>Grampus</taxonrv><taxoncl><taxonrn>Species</taxonrn><taxonrv>Grampus griseus</taxonrv></taxoncl></taxoncl><taxoncl><taxonrn>Genus</taxonrn><taxonrv>Lagenorhynchus</taxonrv><taxoncl><taxonrn>Species</taxonrn><taxonrv>Lagenorhynchus obliquidens</taxonrv></taxoncl></taxoncl><taxoncl><taxonrn>Genus</taxonrn><taxonrv>Orcinus</taxonrv><taxoncl><taxonrn>Species</taxonrn><taxonrv>Orcinus orca</taxonrv></taxoncl></taxoncl><taxoncl><taxonrn>Genus</taxonrn><taxonrv>Pseudorca</taxonrv><taxoncl><taxonrn>Species</taxonrn><taxonrv>Pseudorca crassidens</taxonrv></taxoncl></taxoncl><taxoncl><taxonrn>Genus</taxonrn><taxonrv>Stenella</taxonrv><taxoncl><taxonrn>Species</taxonrn><taxonrv>Stenella attenuata</taxonrv><taxoncl><taxonrn>Subspecies</taxonrn><taxonrv>Stenella attenuata graffmani</taxonrv></taxoncl></taxoncl><taxoncl><taxonrn>Species</taxonrn><taxonrv>Stenella coeruleoalba</taxonrv></taxoncl><taxoncl><taxonrn>Species</taxonrn><taxonrv>Stenella longirostris</taxonrv><taxoncl><taxonrn>Subspecies</taxonrn><taxonrv>Stenella longirostris orientalis</taxonrv></taxoncl></taxoncl></taxoncl><taxoncl><taxonrn>Genus</taxonrn><taxonrv>Steno</taxonrv><taxoncl><taxonrn>Species</taxonrn><taxonrv>Steno bredanensis</taxonrv></taxoncl></taxoncl><taxoncl><taxonrn>Genus</taxonrn><taxonrv>Tursiops</taxonrv><taxoncl><taxonrn>Species</taxonrn><taxonrv>Tursiops truncatus</taxonrv></taxoncl></taxoncl></taxoncl><taxoncl><taxonrn>Family</taxonrn><taxonrv>Hyperoodontidae</taxonrv><taxoncl><taxonrn>Genus</taxonrn><taxonrv>Mesoplodon</taxonrv></taxoncl><taxoncl><taxonrn>Genus</taxonrn><taxonrv>Ziphius</taxonrv><taxoncl><taxonrn>Species</taxonrn><taxonrv>Ziphius cavirostris</taxonrv></taxoncl></taxoncl></taxoncl><taxoncl><taxonrn>Family</taxonrn><taxonrv>Kogiidae</taxonrv><taxoncl><taxonrn>Genus</taxonrn><taxonrv>Kogia</taxonrv><taxoncl><taxonrn>Species</taxonrn><taxonrv>Kogia breviceps</taxonrv></taxoncl><taxoncl><taxonrn>Species</taxonrn><taxonrv>Kogia sima</taxonrv></taxoncl></taxoncl></taxoncl><taxoncl><taxonrn>Family</taxonrn><taxonrv>Phocoenidae</taxonrv><taxoncl><taxonrn>Genus</taxonrn><taxonrv>Phocoena</taxonrv><taxoncl><taxonrn>Species</taxonrn><taxonrv>Phocoena sinus</taxonrv></taxoncl></taxoncl></taxoncl><taxoncl><taxonrn>Family</taxonrn><taxonrv>Physeteridae</taxonrv><taxoncl><taxonrn>Genus</taxonrn><taxonrv>Physeter</taxonrv><taxoncl><taxonrn>Species</taxonrn><taxonrv>Physeter macrocephalus</taxonrv></taxoncl></taxoncl></taxoncl></taxoncl></taxoncl><taxoncl><taxonrn>Order</taxonrn><taxonrv>Carnivora</taxonrv><taxoncl><taxonrn>Suborder</taxonrn><taxonrv>Caniformia</taxonrv><taxoncl><taxonrn>Family</taxonrn><taxonrv>Phocidae</taxonrv><taxoncl><taxonrn>Genus</taxonrn><taxonrv>Mirounga</taxonrv><taxoncl><taxonrn>Species</taxonrn><taxonrv>Mirounga angustirostris</taxonrv></taxoncl></taxoncl></taxoncl><taxoncl><taxonrn>Family</taxonrn><taxonrv>Otariidae</taxonrv><taxoncl><taxonrn>Genus</taxonrn><taxonrv>Zalophus</taxonrv><taxoncl><taxonrn>Species</taxonrn><taxonrv>Zalophus californianus</taxonrv></taxoncl></taxoncl></taxoncl></taxoncl></taxoncl></taxoncl></taxoncl></taxoncl><taxoncl><taxonrn>Class</taxonrn><taxonrv>Reptilia</taxonrv><taxoncl><taxonrn>Order</taxonrn><taxonrv>Testudines</taxonrv><taxoncl><taxonrn>Suborder</taxonrn><taxonrv>Cryptodira</taxonrv><taxoncl><taxonrn>Superfamily</taxonrn><taxonrv>Chelonioidea</taxonrv><taxoncl><taxonrn>Family</taxonrn><taxonrv>Cheloniidae</taxonrv><taxoncl><taxonrn>Subfamily</taxonrn><taxonrv>Carettinae</taxonrv><taxoncl><taxonrn>Genus</taxonrn><taxonrv>Caretta</taxonrv><taxoncl><taxonrn>Species</taxonrn><taxonrv>Caretta caretta</taxonrv></taxoncl></taxoncl><taxoncl><taxonrn>Genus</taxonrn><taxonrv>Lepidochelys</taxonrv><taxoncl><taxonrn>Species</taxonrn><taxonrv>Lepidochelys olivacea</taxonrv></taxoncl></taxoncl></taxoncl></taxoncl><taxoncl><taxonrn>Family</taxonrn><taxonrv>Dermochelyidae</taxonrv><taxoncl><taxonrn>Genus</taxonrn><taxonrv>Dermochelys</taxonrv><taxoncl><taxonrn>Species</taxonrn><taxonrv>Dermochelys coriacea</taxonrv></taxoncl></taxoncl></taxoncl></taxoncl></taxoncl></taxoncl></taxoncl></taxoncl></taxoncl></taxoncl></taxonomy>
  <native>Relational database</native><crossref><citeinfo><origin>Mangels, Karl F., and Tim Gerrodette</origin><pubdate>1994</pubdate><title>Report on cetacean sightings during a marine mammal survey in the Eastern Tropical Pacific Ocean aboard the NOAA ships McArthur and David Starr Jordan, July 28-November 6, 1993</title><geoform>vector digital data</geoform><serinfo><sername>NOAA-TM-NMFS-SWFSC-211</sername></serinfo><onlink>https://repository.library.noaa.gov/view/noaa/3357/</onlink></citeinfo></crossref><crossref><citeinfo><origin>Halpin, P.N., A.J. Read, E. Fujioka, B.D. Best, B. Donnelly, L.J. Hazen, C. Kot, K. Urian, E. LaBrecque, A. Dimatteo, J. Cleary, C. Good, L.B. Crowder, and K.D. Hyrenbach</origin><pubdate>2009</pubdate><title>OBIS-SEAMAP: The world data center for marine mammal, sea bird, and sea turtle distributions</title><geoform>vector digital data</geoform><serinfo><sername>Oceanography</sername><issue>22(2):104-115</issue></serinfo><onlink>http://www.tos.org/oceanography/article/obis-seamap-the-world-data-center-for-marine-mammal-sea-bird-and-sea-turtle</onlink></citeinfo></crossref></idinfo>
  <metainfo>
    <metc><cntinfo><cntperp><cntper>Ei Fujioka</cntper><cntorg>Duke University</cntorg></cntperp><cntpos/><cntaddr><addrtype>mailing and physical address</addrtype><address>A328 LSRC, Box 90328</address><city>Durham</city><state>NC</state><postal>27708</postal><country>USA</country></cntaddr><cntvoice>919-613-8021</cntvoice><cntemail>bbest@duke.edu</cntemail></cntinfo></metc>
    <metextns>
      <onlink>http://www.nbii.gov/</onlink>
      <metprof>Biological Data Profile</metprof>
    </metextns>
  <metd>20220303</metd><metrd>20220303</metrd></metainfo>
  <dataqual>
    <posacc>
      <horizpa>
        <horizpar/>
      </horizpa>
      <vertacc>
        <vertaccr/>
      </vertacc>
    </posacc>
  <attracc><attraccr>All attributes were measured and recorded during the survey &#xD;
and validated by the data provider.</attraccr></attracc><complete>All observation records are included.</complete><logic>Permissible values for date and time and coordinates were &#xD;
validated by the data provider and the OBIS-SEAMAP data &#xD;
manager. Species identification by the data provider was &#xD;
matched with Integrated Taxonomic Information System.</logic><lineage><procstep><procdesc>Data were put through the OBIS-SEAMAP data registration steps.</procdesc><procdate>20210429</procdate></procstep></lineage></dataqual>
<distinfo><distrib><cntinfo><cntorgp><cntper>OBIS-SEAMAP</cntper><cntorg>Nicholas School of Environment, Duke Univ.</cntorg></cntorgp><cntpos/><cntaddr><addrtype>mailing and physical address</addrtype><address>A328, LSRC</address><city>Durham</city><state>NC</state><postal>27708</postal><country>USA</country></cntaddr><cntvoice>919-613-8021</cntvoice><cntemail>seamap-contact@duke.edu</cntemail><cntefax/></cntinfo></distrib><distliab>Not to hold OBIS-SEAMAP liable for errors in the data. While we have made &#xD;
every effort to ensure the quality of the database, we cannot guarantee the &#xD;
accuracy of these datasets.&#xD;
Also please refer to Use Constraints.</distliab><stdorder><fees>Free</fees><ordering>Go to the OBIS-SEAMAP web site</ordering><digform><digtinfo><formname>zip</formname><filedec>zipped shapefile</filedec></digtinfo><digtopt><onlinopt><computer><networka><networkr>http://seamap.env.duke.edu/dataset/215</networkr></networka></computer></onlinopt></digtopt></digform></stdorder><resdesc>OBIS-SEAMAP Dataset ID 215</resdesc></distinfo><spref><horizsys><cordsysn><geogcsn>GCS_WGS_1984</geogcsn></cordsysn><geograph><geogunit>Decimal degrees</geogunit><latres>1e-06</latres><longres>1e-06</longres></geograph><geodetic><horizdn>D_WGS_1984</horizdn><ellips>WGS_1984</ellips><semiaxis>6378137.000000</semiaxis><denflat>298.257224</denflat></geodetic></horizsys></spref><eainfo><overview><eadetcit>NOAA Southwest Fisheries Science Center (SWFSC)</eadetcit><eaover>This section explains attributes included in the original dataset.&#xD;
OBIS-SEAMAP restricts the attributes available to the public to date/time, lat/lon and &#xD;
species names/counts only.&#xD;
Should you need other attributes described here, you are encouraged to contact the data &#xD;
provider.</eaover></overview><detailed><enttyp><enttypl>Biogeographic data</enttypl><enttypd>Biogeographic data</enttypd><enttypds>Not applicable</enttypds></enttyp><attr><attrlabl>oid</attrlabl><attrdef>Unique ID number (generated by OBIS-SEAMAP)</attrdef><attrdefs>Data provider</attrdefs><attrdomv><rdom><rdommin>1</rdommin><rdommax>1147</rdommax></rdom></attrdomv></attr><attr><attrlabl>event</attrlabl><attrdef>Event code. S = cetacean sighting, t = sea turtle sighting, p = pinniped sighting</attrdef><attrdefs>Data provider</attrdefs><attrdomv><udom>Event code. S = cetacean sighting, t = sea turtle sighting, p = pinniped sighting</udom></attrdomv></attr><attr><attrlabl>datetime</attrlabl><attrdef>Date and time of sighting (local time)</attrdef><attrdefs>Data provider</attrdefs><attrdomv><rdom><rdommin>1993-07-29 07:33:25</rdommin><rdommax>1993-11-05 13:50:58</rdommax></rdom></attrdomv></attr><attr><attrlabl>lat</attrlabl><attrdef>Latitude (decimal degrees) of vessel when sighting was made</attrdef><attrdefs>Data provider</attrdefs><attrdomv><rdom><rdommin>18.6916670</rdommin><rdommax>32.0941670</rdommax></rdom></attrdomv></attr><attr><attrlabl>lon</attrlabl><attrdef>Longitude (decimal degrees) of vessel when sighting was made</attrdef><attrdefs>Data provider</attrdefs><attrdomv><rdom><rdommin>-120.0976670</rdommin><rdommax>-105.4976670</rdommax></rdom></attrdomv></attr><attr><attrlabl>cruise</attrlabl><attrdef>SWFSC Marine Mammal and Turtle Divison Cruise number</attrdef><attrdefs>Data provider</attrdefs><attrdomv><rdom><rdommin>1509</rdommin><rdommax>1509</rdommax></rdom></attrdomv></attr><attr><attrlabl>sightno</attrlabl><attrdef>Sighting number (within Cruise)</attrdef><attrdefs>Data provider</attrdefs><attrdomv><rdom><rdommin>1001</rdommin><rdommax>1976</rdommax></rdom></attrdomv></attr><attr><attrlabl>nsp</attrlabl><attrdef>Number of species observed in the sighting</attrdef><attrdefs>Data provider</attrdefs><attrdomv><rdom><rdommin>1</rdommin><rdommax>4</rdommax></rdom></attrdomv></attr><attr><attrlabl>mixed</attrlabl><attrdef>TRUE for a multi-species sighting (nSp &gt;= 2); FALSE otherwise (nSp = 1)</attrdef><attrdefs>Data provider</attrdefs><attrdomv><udom>TRUE for a multi-species sighting (nSp &gt;= 2); FALSE otherwise (nSp = 1)</udom></attrdomv></attr><attr><attrlabl>spcode</attrlabl><attrdef>Species code</attrdef><attrdefs>Data provider</attrdefs><attrdomv><rdom><rdommin>10</rdommin><rdommax>ZC</rdommax></rdom></attrdomv></attr><attr><attrlabl>sp_tsn</attrlabl><attrdef>Taxonomic Serial Number added by OBIS-SEAMAP</attrdef><attrdefs>Data provider</attrdefs><attrdomv><rdom><rdommin>173828</rdommin><rdommax>770799</rdommax></rdom></attrdomv></attr><attr><attrlabl>gsspbest</attrlabl><attrdef>The mean of all observers</attrdef><attrdefs>Data provider</attrdefs><attrdomv><rdom><rdommin>1</rdommin><rdommax>1763</rdommax></rdom></attrdomv></attr><attr><attrlabl>gssphigh</attrlabl><attrdef>The mean of all observers</attrdef><attrdefs>Data provider</attrdefs><attrdomv><rdom><rdommin>1</rdommin><rdommax>2557</rdommax></rdom></attrdomv></attr><attr><attrlabl>gssplow</attrlabl><attrdef>The mean of all observers</attrdef><attrdefs>Data provider</attrdefs><attrdomv><rdom><rdommin>0</rdommin><rdommax>1450</rdommax></rdom></attrdomv></attr><attr><attrlabl>perpdistkm</attrlabl><attrdef>Perpendicular distance (km) to sighting from trackline; Available upon permission.</attrdef><attrdefs>Data provider</attrdefs><attrdomv><rdom><rdommin>0.0000000000</rdommin><rdommax>9.7457401090</rdommax></rdom></attrdomv></attr><attr><attrlabl>bft</attrlabl><attrdef>Beaufort sea state, as assessed by looking upswell with the naked eye</attrdef><attrdefs>Data provider</attrdefs><attrdomv><rdom><rdommin>0</rdommin><rdommax>5</rdommax></rdom></attrdomv></attr><attr><attrlabl>swellhght</attrlabl><attrdef>Average swell height from trough to crest of typical swells (estimated in feet, by eye)</attrdef><attrdefs>Data provider</attrdefs><attrdomv><rdom><rdommin>0.00</rdommin><rdommax>8.00</rdommax></rdom></attrdomv></attr><attr><attrlabl>vis</attrlabl><attrdef>A measure of air/atmospheric clarity only, as affected by observational conditions such as fog, rain, etc.</attrdef><attrdefs>Data provider</attrdefs><attrdomv><rdom><rdommin>1.00</rdommin><rdommax>10.00</rdommax></rdom></attrdomv></attr><attr><attrlabl>groupsize_sightno</attrlabl><attrdef>Running count ID of all cetacean groups recorded</attrdef><attrdefs>Data provider</attrdefs><attrdomv><rdom><rdommin>1001</rdommin><rdommax>1976</rdommax></rdom></attrdomv></attr><attr><attrlabl>groupsize_count</attrlabl><attrdef>Number of observers that provided a group size estimate</attrdef><attrdefs>Data provider</attrdefs><attrdomv><rdom><rdommin>1</rdommin><rdommax>7</rdommax></rdom></attrdomv></attr><attr><attrlabl>groupsize_count_obs</attrlabl><attrdef>Number of unique observer codes per sighting for S events</attrdef><attrdefs>Data provider</attrdefs><attrdomv><rdom><rdommin>1</rdommin><rdommax>7</rdommax></rdom></attrdomv></attr><attr><attrlabl>geom</attrlabl><attrdef>Geometry field added by OBIS-SEAMAP</attrdef><attrdefs>Data provider</attrdefs><attrdomv><rdom><rdommin>0101000020E61000000000000000005EC077D844662E043F40</rdommin><rdommax>0101000020E6100000FFB0A54753DE5BC03333333333733740</rdommax></rdom></attrdomv></attr></detailed></eainfo></metadata>
