<?xml version="1.0" encoding="UTF-8"?>
<metadata xml:lang="en">
<idinfo>
	<citation>
		<citeinfo>
		<origin>Forney, K</origin><pubdate>2014</pubdate><title>SWFSC Marine Mammal Survey, CSCAPE 2005, Cruise 1628</title><geoform>vector digital data</geoform><serinfo><sername>OBIS-SEAMAP</sername><issue>1057</issue></serinfo><pubinfo><pubplace>http://seamap.env.duke.edu/dataset/1057</pubplace><publish>OBIS-SEAMAP</publish></pubinfo><onlink>http://seamap.env.duke.edu/dataset/1057</onlink></citeinfo>
	</citation><descript>
	<abstract>CSCAPE (Collaborative Survey of Cetacean Abundance and the Pelagic Ecosystem) 2005 was a shipboard survey conducted aboard the NOAA ships &lt;i&gt;David Starr Jordan&lt;/i&gt; and &lt;i&gt;McArthur II&lt;/i&gt; to assess marine mammals and their ecosystem off the U.S. West Coast.  It was designed to survey waters off California, Oregon and Washington from the coast to 300 nmi (556 km) offshore, and to provide additional fine-scale coverage within four of the five &#13;
West Coast National Marine Sanctuaries (NMS).  This dataset provides the time-date and geographical coordinates, by species/stock, of all cetaceans detected during the survey, as well as the daily and intra-daily start and end points of the line-transect survey by the NOAA Ship &lt;i&gt;David Starr Jordan&lt;/i&gt;.</abstract><purpose>The primary purpose of the survey was to assess the abundance and distribution of marine mammals and seabirds, and to characterize the pelagic ecosystem within the National Marine Sanctuaries and in the ecological context of the broader California Current region.</purpose><supplinf>[2021-04-13] Updated with additional attributes.&#13;
&#13;
SWFSC MMTD Cruise Number: 1628&#13;
Perpendicular distance will be released upon permission by the contributor. Please contact the contributor if needed.&#13;
&#13;
Attribute descriptions for effort data:&#13;
dist: Length of the segment (km) &#13;
Mode: Effort mode type (C = closing mode; P = passing mode)</supplinf></descript><timeperd><timeinfo><rngdates><begdate>20050802</begdate><enddate>20051206</enddate></rngdates></timeinfo><current>ground condition</current></timeperd><status><progress>Complete</progress><update>None planned</update></status><spdom><descgeog>Pacific</descgeog><bounding><westbc>-131.011167</westbc><eastbc>-117.526167</eastbc><northbc>46.713833</northbc><southbc>30.309333</southbc></bounding>
	</spdom><keywords><theme><themekt>None</themekt><themekey>Vessels</themekey><themekey>Sightings</themekey><themekey>Cetaceans</themekey><themekey>Whales</themekey><themekey>Dolphins</themekey><themekey>Population</themekey><themekey>Abundance</themekey><themekey>Survey</themekey><themekey>Census</themekey><themekey>CSCAPE</themekey><themekey>ORCAWALE</themekey></theme><place><placekt>None</placekt><placekey>Pacific</placekey><placekey>U.S. West Coast</placekey><placekey>California</placekey><placekey>Oregon</placekey><placekey>Washington</placekey><placekey>California Current</placekey></place></keywords><taxonomy><keywtax><taxonkt>Taxon covered</taxonkt><taxonkey>Marine mammals</taxonkey><taxonkey>Sea turtles</taxonkey></keywtax><taxonsys><classsys><classcit><citeinfo><origin>Integrated Taxonomic Information System</origin><pubdate>Unknown</pubdate><title>Integrated Taxonomic Information System</title><geoform>Not applicable</geoform><othercit>Downloaded April, 2004</othercit><onlink>http://www.itis.usda.gov/</onlink></citeinfo></classcit></classsys><ider><cntinfo><cntperp><cntper>Refer to the contact information of the dataset</cntper><cntorg>Refer to the contact information of the dataset</cntorg></cntperp><cntaddr><addrtype>mailing and physical address</addrtype><address>Refer to the contact information of the dataset</address><city>Refer to the contact information of the dataset</city><state>Refer to the contact information of the dataset</state><postal>Refer to the contact information of the dataset</postal><country>Refer to the contact information of the dataset</country></cntaddr><cntvoice>Not provided</cntvoice></cntinfo></ider><taxonpro>Identified by observers or researchers conducting the survey</taxonpro></taxonsys><taxoncl><taxonrn>Kingdom</taxonrn><taxonrv>Animalia</taxonrv><taxoncl><taxonrn>Phylum</taxonrn><taxonrv>Chordata</taxonrv><taxoncl><taxonrn>Subphylum</taxonrn><taxonrv>Vertebrata</taxonrv><taxoncl><taxonrn>Class</taxonrn><taxonrv>Mammalia</taxonrv><taxoncl><taxonrn>Subclass</taxonrn><taxonrv>Theria</taxonrv><taxoncl><taxonrn>Infraclass</taxonrn><taxonrv>Eutheria</taxonrv><taxoncl><taxonrn>Order</taxonrn><taxonrv>Carnivora</taxonrv><taxoncl><taxonrn>Suborder</taxonrn><taxonrv>Caniformia</taxonrv><taxoncl><taxonrn>Family</taxonrn><taxonrv>Otariidae</taxonrv><taxoncl><taxonrn>Genus</taxonrn><taxonrv>Arctocephalus</taxonrv><taxoncl><taxonrn>Species</taxonrn><taxonrv>Arctocephalus townsendi</taxonrv></taxoncl></taxoncl><taxoncl><taxonrn>Genus</taxonrn><taxonrv>Callorhinus</taxonrv><taxoncl><taxonrn>Species</taxonrn><taxonrv>Callorhinus ursinus</taxonrv></taxoncl></taxoncl><taxoncl><taxonrn>Genus</taxonrn><taxonrv>Eumetopias</taxonrv><taxoncl><taxonrn>Species</taxonrn><taxonrv>Eumetopias jubatus</taxonrv></taxoncl></taxoncl><taxoncl><taxonrn>Genus</taxonrn><taxonrv>Zalophus</taxonrv><taxoncl><taxonrn>Species</taxonrn><taxonrv>Zalophus californianus</taxonrv></taxoncl></taxoncl></taxoncl><taxoncl><taxonrn>Family</taxonrn><taxonrv>Phocidae</taxonrv><taxoncl><taxonrn>Genus</taxonrn><taxonrv>Mirounga</taxonrv><taxoncl><taxonrn>Species</taxonrn><taxonrv>Mirounga angustirostris</taxonrv></taxoncl></taxoncl><taxoncl><taxonrn>Genus</taxonrn><taxonrv>Phoca</taxonrv><taxoncl><taxonrn>Species</taxonrn><taxonrv>Phoca vitulina</taxonrv></taxoncl></taxoncl></taxoncl></taxoncl></taxoncl><taxoncl><taxonrn>Order</taxonrn><taxonrv>Cetacea</taxonrv><taxoncl><taxonrn>Suborder</taxonrn><taxonrv>Mysticeti</taxonrv><taxoncl><taxonrn>Family</taxonrn><taxonrv>Balaenopteridae</taxonrv><taxoncl><taxonrn>Genus</taxonrn><taxonrv>Balaenoptera</taxonrv><taxoncl><taxonrn>Species</taxonrn><taxonrv>Balaenoptera acutorostrata</taxonrv></taxoncl><taxoncl><taxonrn>Species</taxonrn><taxonrv>Balaenoptera borealis</taxonrv></taxoncl><taxoncl><taxonrn>Species</taxonrn><taxonrv>Balaenoptera musculus</taxonrv></taxoncl><taxoncl><taxonrn>Species</taxonrn><taxonrv>Balaenoptera physalus</taxonrv></taxoncl></taxoncl><taxoncl><taxonrn>Genus</taxonrn><taxonrv>Megaptera</taxonrv><taxoncl><taxonrn>Species</taxonrn><taxonrv>Megaptera novaeangliae</taxonrv></taxoncl></taxoncl></taxoncl></taxoncl><taxoncl><taxonrn>Suborder</taxonrn><taxonrv>Odontoceti</taxonrv><taxoncl><taxonrn>Family</taxonrn><taxonrv>Hyperoodontidae</taxonrv><taxoncl><taxonrn>Genus</taxonrn><taxonrv>Berardius</taxonrv><taxoncl><taxonrn>Species</taxonrn><taxonrv>Berardius bairdii</taxonrv></taxoncl></taxoncl><taxoncl><taxonrn>Genus</taxonrn><taxonrv>Mesoplodon</taxonrv></taxoncl><taxoncl><taxonrn>Genus</taxonrn><taxonrv>Ziphius</taxonrv><taxoncl><taxonrn>Species</taxonrn><taxonrv>Ziphius cavirostris</taxonrv></taxoncl></taxoncl></taxoncl><taxoncl><taxonrn>Family</taxonrn><taxonrv>Delphinidae</taxonrv><taxoncl><taxonrn>Genus</taxonrn><taxonrv>Delphinus</taxonrv><taxoncl><taxonrn>Species</taxonrn><taxonrv>Delphinus capensis</taxonrv></taxoncl><taxoncl><taxonrn>Species</taxonrn><taxonrv>Delphinus delphis</taxonrv></taxoncl></taxoncl><taxoncl><taxonrn>Genus</taxonrn><taxonrv>Globicephala</taxonrv><taxoncl><taxonrn>Species</taxonrn><taxonrv>Globicephala macrorhynchus</taxonrv></taxoncl></taxoncl><taxoncl><taxonrn>Genus</taxonrn><taxonrv>Grampus</taxonrv><taxoncl><taxonrn>Species</taxonrn><taxonrv>Grampus griseus</taxonrv></taxoncl></taxoncl><taxoncl><taxonrn>Genus</taxonrn><taxonrv>Lagenorhynchus</taxonrv><taxoncl><taxonrn>Species</taxonrn><taxonrv>Lagenorhynchus obliquidens</taxonrv></taxoncl></taxoncl><taxoncl><taxonrn>Genus</taxonrn><taxonrv>Lissodelphis</taxonrv><taxoncl><taxonrn>Species</taxonrn><taxonrv>Lissodelphis borealis</taxonrv></taxoncl></taxoncl><taxoncl><taxonrn>Genus</taxonrn><taxonrv>Orcinus</taxonrv><taxoncl><taxonrn>Species</taxonrn><taxonrv>Orcinus orca</taxonrv></taxoncl></taxoncl><taxoncl><taxonrn>Genus</taxonrn><taxonrv>Stenella</taxonrv><taxoncl><taxonrn>Species</taxonrn><taxonrv>Stenella coeruleoalba</taxonrv></taxoncl></taxoncl><taxoncl><taxonrn>Genus</taxonrn><taxonrv>Tursiops</taxonrv><taxoncl><taxonrn>Species</taxonrn><taxonrv>Tursiops truncatus</taxonrv></taxoncl></taxoncl></taxoncl><taxoncl><taxonrn>Family</taxonrn><taxonrv>Phocoenidae</taxonrv><taxoncl><taxonrn>Genus</taxonrn><taxonrv>Phocoena</taxonrv><taxoncl><taxonrn>Species</taxonrn><taxonrv>Phocoena phocoena</taxonrv></taxoncl></taxoncl><taxoncl><taxonrn>Genus</taxonrn><taxonrv>Phocoenoides</taxonrv><taxoncl><taxonrn>Species</taxonrn><taxonrv>Phocoenoides dalli</taxonrv></taxoncl></taxoncl></taxoncl><taxoncl><taxonrn>Family</taxonrn><taxonrv>Physeteridae</taxonrv><taxoncl><taxonrn>Genus</taxonrn><taxonrv>Physeter</taxonrv><taxoncl><taxonrn>Species</taxonrn><taxonrv>Physeter macrocephalus</taxonrv></taxoncl></taxoncl></taxoncl></taxoncl></taxoncl></taxoncl></taxoncl></taxoncl><taxoncl><taxonrn>Class</taxonrn><taxonrv>Reptilia</taxonrv><taxoncl><taxonrn>Order</taxonrn><taxonrv>Testudines</taxonrv><taxoncl><taxonrn>Suborder</taxonrn><taxonrv>Cryptodira</taxonrv><taxoncl><taxonrn>Superfamily</taxonrn><taxonrv>Chelonioidea</taxonrv><taxoncl><taxonrn>Family</taxonrn><taxonrv>Cheloniidae</taxonrv><taxoncl><taxonrn>Subfamily</taxonrn><taxonrv>Carettinae</taxonrv><taxoncl><taxonrn>Genus</taxonrn><taxonrv>Caretta</taxonrv><taxoncl><taxonrn>Species</taxonrn><taxonrv>Caretta caretta</taxonrv></taxoncl></taxoncl></taxoncl></taxoncl></taxoncl></taxoncl></taxoncl></taxoncl></taxoncl></taxoncl></taxoncl></taxonomy>
	<accconst>Open public unless otherwise noted.</accconst><useconst>1. Not to use data contained in OBIS-SEAMAP in any publication, product, or &#13;
commercial application without prior written consent of the original data &#13;
provider.&#13;
	&#13;
	2. To cite both the data provider and OBIS-SEAMAP appropriately after &#13;
approval of use is obtained.&#13;
	&#13;
	3. Not to hold OBIS-SEAMAP liable for errors in the data. While we have &#13;
made every effort to ensure the quality of the database, we cannot guarantee &#13;
the accuracy of these datasets.</useconst><ptcontac>
		<cntinfo>
			<cntperp><cntper>Karin Forney; Jeffrey Moore</cntper><cntorg>NOAA Southwest Fisheries Science Center; Southwest Fisheries Science Center, NOAA</cntorg></cntperp>
			<cntaddr>
				<addrtype>mailing and physical address</addrtype>
			<address>7544 Sandtholdt Rd; 8901 La Jolla Shores Dr.</address><city>Moss Landing; La Jolla</city><state>CA; CA</state><postal>95039; 92037</postal><country>USA; USA</country></cntaddr>
		<cntvoice>831-4771-4155; n/a</cntvoice><cntemail>Karin.Forney@noaa.gov; jeff.e.moore@noaa.gov</cntemail></cntinfo>
	</ptcontac><datacred>NOAA Southwest Fisheries Science Center (SWFSC)</datacred>
	<native>Relational database</native>
	
	
	
	
	
	
	
	
	
	
	<crossref><citeinfo><origin>Forney, K.A.</origin><pubdate>2007</pubdate><title>PRELIMINARY ESTIMATES OF CETACEAN ABUNDANCE ALONG THE U.S. WEST COAST AND WITHIN FOUR NATIONAL MARINE SANCTUARIES DURING 2005</title><geoform>vector digital data</geoform><serinfo><sername>NOAA Technical Memorandum</sername><issue>NOAA-TM-NMFS-SWFSC-406</issue></serinfo><onlink>https://repository.library.noaa.gov/view/noaa/3565</onlink></citeinfo></crossref><crossref><citeinfo><origin>Forney, Karin A.</origin><pubdate>2007</pubdate><title>Preliminary estimates of cetacean abundance along the U.S. west coast and within four National Marine Sanctuaries during 2005</title><geoform>vector digital data</geoform><serinfo><sername>NOAA-TM-NMFS-SWFSC-406</sername></serinfo><onlink>http://swfsc.noaa.gov/publications/TM/SWFSC/NOAA-TM-NMFS-SWFSC-406.PDF</onlink></citeinfo></crossref></idinfo>
	<dataqual><logic>Permissible values for date and time and coordinates were &#13;
validated by the data provider and the OBIS-SEAMAP data &#13;
manager. Species identification by the data provider was &#13;
matched with Integrated Taxonomic Information System.</logic><complete>All observation records are included.</complete><lineage><procstep><procdesc>Data were put through the OBIS-SEAMAP data registration steps.</procdesc><procdate>20210429</procdate></procstep></lineage><attracc><attraccr>All attributes were measured and recorded during the survey &#13;
and validated by the data provider.</attraccr></attracc></dataqual><spdoinfo><direct>Point</direct></spdoinfo><spref><horizsys><geograph>
				<latres>1e-06</latres><longres>1e-06</longres><geogunit>Decimal degrees</geogunit></geograph>
			<geodetic><horizdn>D_WGS_1984</horizdn><ellips>WGS_1984</ellips>
				<semiaxis>6378137.000000</semiaxis><denflat>298.257224</denflat></geodetic></horizsys></spref>

<eainfo><detailed><enttyp><enttypl>Biogeographic data</enttypl><enttypd>Biogeographic data</enttypd><enttypds>Not applicable</enttypds></enttyp><attr><attrlabl>oid</attrlabl><attrdef>Unique ID number (generated by OBIS-SEAMAP)</attrdef><attrdefs>Data provider</attrdefs><attrdomv><rdom><rdommin>1</rdommin><rdommax>823</rdommax></rdom></attrdomv></attr><attr><attrlabl>event</attrlabl><attrdef>S = marine mammal sighting; t = sea turtle sighting; p = pinniped sighting</attrdef><attrdefs>Data provider</attrdefs><attrdomv><udom>S = marine mammal sighting; t = sea turtle sighting; p = pinniped sighting</udom></attrdomv></attr><attr><attrlabl>datetime</attrlabl><attrdef>Date and time of sighting (local time)</attrdef><attrdefs>Data provider</attrdefs><attrdomv><rdom><rdommin>2005-08-02 07:00:00</rdommin><rdommax>2005-12-06 12:38:58</rdommax></rdom></attrdomv></attr><attr><attrlabl>lat</attrlabl><attrdef>Latitude (decimal degrees) of vessel when sighting was made</attrdef><attrdefs>Data provider</attrdefs><attrdomv><rdom><rdommin>30.3093330</rdommin><rdommax>46.7138330</rdommax></rdom></attrdomv></attr><attr><attrlabl>lon</attrlabl><attrdef>Longitude (decimal degrees) of vessel when sighting was made</attrdef><attrdefs>Data provider</attrdefs><attrdomv><rdom><rdommin>-131.0111670</rdommin><rdommax>-117.5261670</rdommax></rdom></attrdomv></attr><attr><attrlabl>cruise</attrlabl><attrdef>SWFSC Marine Mammal and Turtle Divison Cruise number</attrdef><attrdefs>Data provider</attrdefs><attrdomv><rdom><rdommin>1628</rdommin><rdommax>1628</rdommax></rdom></attrdomv></attr><attr><attrlabl>sightno</attrlabl><attrdef>Sighting number (within Cruise)</attrdef><attrdefs>Data provider</attrdefs><attrdomv><rdom><rdommin>1000</rdommin><rdommax>1831</rdommax></rdom></attrdomv></attr><attr><attrlabl>nsp</attrlabl><attrdef>Number of species observed in the sighting</attrdef><attrdefs>Data provider</attrdefs><attrdomv><rdom><rdommin>1</rdommin><rdommax>4</rdommax></rdom></attrdomv></attr><attr><attrlabl>mixed</attrlabl><attrdef>TRUE for a multi-species sighting (nSp &gt;= 2); FALSE otherwise (nSp = 1)</attrdef><attrdefs>Data provider</attrdefs><attrdomv><udom>TRUE for a multi-species sighting (nSp &gt;= 2); FALSE otherwise (nSp = 1)</udom></attrdomv></attr><attr><attrlabl>spcode</attrlabl><attrdef>Species code</attrdef><attrdefs>Data provider</attrdefs><attrdomv><udom>Species code</udom></attrdomv></attr><attr><attrlabl>sp_tsn</attrlabl><attrdef>Taxonomic Serial Number added by OBIS-SEAMAP</attrdef><attrdefs>Data provider</attrdefs><attrdomv><codesetd><codesetn>Taxonomic Serial Number added by OBIS-SEAMAP</codesetn><codesets>Data provider</codesets></codesetd></attrdomv></attr><attr><attrlabl>gsspbest</attrlabl><attrdef>The mean of all observers</attrdef><attrdefs>Data provider</attrdefs><attrdomv><rdom><rdommin>0</rdommin><rdommax>1249</rdommax></rdom></attrdomv></attr><attr><attrlabl>gssphigh</attrlabl><attrdef>The mean of all observers</attrdef><attrdefs>Data provider</attrdefs><attrdomv><rdom><rdommin>0</rdommin><rdommax>2527</rdommax></rdom></attrdomv></attr><attr><attrlabl>gssplow</attrlabl><attrdef>The mean of all observers</attrdef><attrdefs>Data provider</attrdefs><attrdomv><rdom><rdommin>0</rdommin><rdommax>921</rdommax></rdom></attrdomv></attr><attr><attrlabl>perpdistkm</attrlabl><attrdef>Perpendicular distance (km) to sighting from trackline; Available upon permission.</attrdef><attrdefs>Data provider</attrdefs><attrdomv><rdom><rdommin>0.0000000000</rdommin><rdommax>7.9636000000</rdommax></rdom></attrdomv></attr><attr><attrlabl>bft</attrlabl><attrdef>Beaufort sea state, as assessed by looking upswell with the naked eye.</attrdef><attrdefs>Data provider</attrdefs><attrdomv><rdom><rdommin>0</rdommin><rdommax>6</rdommax></rdom></attrdomv></attr><attr><attrlabl>swellhght</attrlabl><attrdef>Average swell height from trough to crest of typical swells (estimated in feet, by eye)</attrdef><attrdefs>Data provider</attrdefs><attrdomv><rdom><rdommin>1</rdommin><rdommax>18</rdommax></rdom></attrdomv></attr><attr><attrlabl>vis</attrlabl><attrdef>A measure of air/atmospheric clarity</attrdef><attrdefs>Data provider</attrdefs><attrdomv><rdom><rdommin>0.10</rdommin><rdommax>6.00</rdommax></rdom></attrdomv></attr><attr><attrlabl>groupsize_sightno</attrlabl><attrdef>Running count ID of all cetacean groups recorded (should be same as SightNo)</attrdef><attrdefs>Data provider</attrdefs><attrdomv><rdom><rdommin>1000</rdommin><rdommax>1831</rdommax></rdom></attrdomv></attr><attr><attrlabl>groupsize_count</attrlabl><attrdef>Number of observers that provided a group size estimate (for calculating GsSpBest) for S events.</attrdef><attrdefs>Data provider</attrdefs><attrdomv><rdom><rdommin>1</rdommin><rdommax>8</rdommax></rdom></attrdomv></attr><attr><attrlabl>groupsize_count_obs</attrlabl><attrdef>Number of unique observer codes per sighting for S events</attrdef><attrdefs>Data provider</attrdefs><attrdomv><rdom><rdommin>1</rdommin><rdommax>8</rdommax></rdom></attrdomv></attr><attr><attrlabl>geom</attrlabl><attrdef>Geometry field added by OBIS-SEAMAP</attrdef><attrdefs>Data provider</attrdefs><attrdomv><udom>Geometry field added by OBIS-SEAMAP</udom></attrdomv></attr></detailed><overview><eaover>This section explains attributes included in the original dataset.&#13;
OBIS-SEAMAP restricts the attributes available to the public to date/time, lat/lon and &#13;
species names/counts only.&#13;
Should you need other attributes described here, you are encouraged to contact the data &#13;
provider.</eaover><eadetcit>NOAA Southwest Fisheries Science Center (SWFSC)</eadetcit></overview>
	</eainfo><distinfo>
	<distrib>
		<cntinfo>
			<cntorgp>
				<cntorg>Nicholas School of Environment, Duke Univ.</cntorg>
				<cntper>OBIS-SEAMAP</cntper>
			</cntorgp>
			<cntaddr>
				<addrtype>mailing and physical address</addrtype>
				<address>A328, LSRC</address><city>Durham</city><state>NC</state><postal>27708</postal><country>USA</country>
			</cntaddr>
			<cntvoice>919-613-8021</cntvoice>
			<cntemail>seamap-contact@duke.edu</cntemail>
		</cntinfo>
	</distrib><resdesc>OBIS-SEAMAP Dataset ID 1057</resdesc><distliab>Not to hold OBIS-SEAMAP liable for errors in the data. While we have made &#13;
every effort to ensure the quality of the database, we cannot guarantee the &#13;
accuracy of these datasets.&#13;
Also please refer to Use Constraints.</distliab>
	<stdorder>
		<digform>
			<digtinfo>
				<formname>CSV and ESRI shapefile</formname></digtinfo>
			<digtopt>
				<onlinopt>
					<computer>
						<networka>
							<networkr>OBIS-SEAMAP</networkr>
						</networka>
					</computer>
				</onlinopt>
			</digtopt>
		</digform>
		<fees>Free</fees>
		<ordering>Go to the OBIS-SEAMAP web site.</ordering>
	</stdorder>
	

	
</distinfo><metainfo>
	<metd>20220303</metd><metc>
		<cntinfo><cntperp>
	<cntper>Ei Fujioka</cntper>
	<cntorg>Duke University</cntorg></cntperp><cntaddr><addrtype>mailing and physical address</addrtype><address>A328, LSRC</address><city>Durham</city><state>NC</state><postal>27708</postal><country>USA</country></cntaddr>
			<cntvoice>919-613-8021</cntvoice>
			<cntemail>seamap-contact@duke.edu</cntemail>
			</cntinfo>
	</metc><metstdn>FGDC Content Standards for Digital Geospatial Metadata</metstdn><metstdv>FGDC-STD-001-1998</metstdv><mettc>local time</mettc>
	
	
	
	
	<metextns><onlink>http://www.nbii.gov/</onlink><metprof>Biological Data Profile</metprof></metextns>
	
	<metrd>20220303</metrd></metainfo>
	
</metadata>
