<?xml version="1.0" encoding="UTF-8"?>
<metadata xml:lang="en"><Esri><MetaID>{999A9551-D701-4CF5-9373-131D3DD8D969}</MetaID><CreaDate>20050512</CreaDate><CreaTime>19291400</CreaTime><SyncOnce>FALSE</SyncOnce><SyncDate>20060710</SyncDate><SyncTime>17161900</SyncTime><ModDate>20060815</ModDate><ModTime>12091700</ModTime></Esri><idinfo><keywords><theme><themekt>Platform</themekt><themekey>Aircraft</themekey><themekey>Sightings</themekey></theme><theme><themekt>User defined</themekt><themekey>marine mammal and sea turtle aerial abundance surveys</themekey></theme><place><placekt>User defined</placekt><placekey>North Carolina</placekey><placekey>Onslow Bay</placekey><placekey>USTWR</placekey><placekey>NAVY</placekey></place></keywords><native Sync="TRUE">Microsoft Windows 2000 Version 5.0 (Build 2195) Service Pack 4; ESRI ArcCatalog 9.1.0.722</native><descript><langdata Sync="TRUE">en</langdata><abstract>The protected species monitoring program, initiated in response to Onslow Bay, North Carolina, United States being identified as a potential site for the United States Navy’s Undersea Warfare Training Range (USWTR), is now into its third year. To estimate marine mammal density, distribution, and seasonality, a multi-platform approach was implemented using traditional visual line transect survey methods from aerial and vessel platforms along with passive acoustic monitoring from vessels and moored instruments. This project represents a long term data set used to assess residency and abundance patterns of this offshore area in the waters off North Carolina.</abstract><purpose>To estimate marine mammal density, distribution, and seasonality, a multi-platform approach was implemented using traditional visual line transect survey methods from aerial and vessel platforms along with passive acoustic monitoring from vessels and moored instruments.</purpose><supplinf>[UPDATE 2012-12-07] The following two sightings were remarked as event 10.0 (opportunistic)&lt;br/&gt;&#13;
10/02/09, 9:50:00, bottlenose&lt;br/&gt;&#13;
10/02/09, 10:01:00, bottlenose&lt;br/&gt;&lt;br/&gt;&#13;
The original survey data are separated into two datasets, from left and right observers.  This dataset is from the left side sightings data.&#13;
The right side sightings data are available on OBIS-SEAMAP in the &lt;a href=http://seamap.env.duke.edu/datasets/detail/588&gt;USWTR Onslow Bay Aerial Survey -Right side- 2008-2010&lt;/a&gt; dataset.</supplinf></descript><citation><citeinfo><origin>McLellan, W</origin><pubdate>2011</pubdate><title>USWTR Onslow Bay Aerial Survey -Left side- 2008-2010</title><onlink>http://seamap.env.duke.edu/dataset/586</onlink><serinfo><sername>OBIS-SEAMAP</sername><issue>586</issue></serinfo><pubinfo><pubplace>http://seamap.env.duke.edu/dataset/586</pubplace><publish>OBIS-SEAMAP</publish></pubinfo></citeinfo></citation><timeperd><current>ground condition</current><timeinfo><rngdates><begdate>2008-02-25</begdate><enddate>2010-04-12</enddate></rngdates></timeinfo></timeperd><status><progress>Complete</progress><update>None planned</update></status><spdom><bounding><westbc>-77.166464</westbc><eastbc>-76.035037</eastbc><northbc>34.265715</northbc><southbc>33.368079</southbc></bounding><lboundng><leftbc Sync="TRUE">-77.166464</leftbc><rightbc Sync="TRUE">-76.035037</rightbc><bottombc Sync="TRUE">33.368079</bottombc><topbc Sync="TRUE">34.265715</topbc></lboundng></spdom><accconst>Open public unless otherwise noted. See Use Constraints for details.</accconst><useconst>1. Not to use data obtained from OBIS-SEAMAP in any publication, product, or commercial application without proper attribution to the original data provider(s) and OBIS-SEAMAP unless the datasets are explicitly shown under the CC0 policy. Citations or credits are suggested as attribution. If the data you downloaded come from multiple datasets, a citation or credit to each of the datasets is required.

Suggested citation for this dataset

McLellan, W. 2011. USWTR Onslow Bay Aerial Survey -Left side- 2008-2010. Data downloaded from OBIS-SEAMAP (http://seamap.env.duke.edu/dataset/586) on yyyy-mm-dd.

Suggested citation for OBIS-SEAMAP:

Halpin, P.N., A.J. Read, E. Fujioka, B.D. Best, B. Donnelly, L.J. Hazen, C. Kot, K. Urian, E. LaBrecque, A. Dimatteo, J. Cleary, C. Good, L.B. Crowder, and K.D. Hyrenbach. 2009. OBIS-SEAMAP: The world data center for marine mammal, sea bird, and sea turtle distributions. Oceanography 22(2):104-115

2. To forward the citation of any publication / report that made use of the data / tools provided by OBIS-SEAMAP for inclusion in our list of references.

3. Not to hold OBIS-SEAMAP or the original data providers liable for errors in the data. While we have made every effort to ensure the quality of the database, we cannot guarantee the accuracy of these datasets. 

4. The burden for determining fitness for use of the downloaded data for any analyses lies entirely with the user. OBIS-SEAMAP or the original data providers do not support outcomes of your analyses that used the data you downloaded from OBIS-SEAMAP.

5. To consider inclusion of the accompanying transect (effort) dataset if available into the methodology of your analyses.

6. Not to redistribute the data you downloaded from OBIS-SEAMAP through any media without contect from OBIS-SEAMAP and the original data providers unless the datasets are explicitly shown under the CC0 policy.</useconst><natvform Sync="TRUE">Shapefile</natvform><ptcontac><cntinfo><cntperp><cntper>William McLellan</cntper><cntorg>University of North Carolina Wilmington</cntorg></cntperp><cntaddr><addrtype>mailing and physical address</addrtype><address>Biology &amp; Marine Biology 601 South College Road</address><city>Wilmington</city><state>NC</state><postal>28403</postal><country>USA</country></cntaddr><cntpos/><cntemail>mclellanw@uncw.edu</cntemail><cntvoice>910-962-7266</cntvoice><cntfax>910-962-4066</cntfax></cntinfo></ptcontac>
	<taxonomy><taxonsys><classsys><classcit><citeinfo><origin>Integrated Taxonomic Information System</origin><title>Integrated Taxonomic Information System</title><onlink>http://www.itis.usda.gov/</onlink><othercit>Downloaded April, 2004</othercit></citeinfo></classcit></classsys><ider><cntinfo><cntorgp><cntorg>Refer to the contact information of the dataset</cntorg></cntorgp></cntinfo></ider></taxonsys><taxoncl><taxonrn>Kingdom</taxonrn><taxonrv>Animalia</taxonrv><taxontsn>202423</taxontsn><taxoncl><taxonrn>Phylum</taxonrn><taxonrv>Chordata</taxonrv><taxontsn>158852</taxontsn><taxoncl><taxonrn>Subphylum</taxonrn><taxonrv>Vertebrata</taxonrv><taxontsn>331030</taxontsn><taxoncl><taxonrn>Class</taxonrn><taxonrv>Mammalia</taxonrv><taxontsn>179913</taxontsn><taxoncl><taxonrn>Subclass</taxonrn><taxonrv>Theria</taxonrv><taxontsn>179916</taxontsn><taxoncl><taxonrn>Infraclass</taxonrn><taxonrv>Eutheria</taxonrv><taxontsn>179925</taxontsn><taxoncl><taxonrn>Order</taxonrn><taxonrv>Cetacea</taxonrv><taxontsn>180403</taxontsn><taxoncl><taxonrn>Suborder</taxonrn><taxonrv>Mysticeti</taxonrv><taxontsn>552298</taxontsn><taxoncl><taxonrn>Family</taxonrn><taxonrv>Balaenopteridae</taxonrv><taxontsn>180522</taxontsn><taxoncl><taxonrn>Genus</taxonrn><taxonrv>Balaenoptera</taxonrv><taxontsn>180523</taxontsn><taxoncl><taxonrn>Species</taxonrn><taxonrv>Balaenoptera physalus</taxonrv><taxontsn>180527</taxontsn></taxoncl></taxoncl></taxoncl></taxoncl><taxoncl><taxonrn>Suborder</taxonrn><taxonrv>Odontoceti</taxonrv><taxontsn>180404</taxontsn><taxoncl><taxonrn>Family</taxonrn><taxonrv>Delphinidae</taxonrv><taxontsn>180415</taxontsn><taxoncl><taxonrn>Genus</taxonrn><taxonrv>Globicephala</taxonrv><taxontsn>180464</taxontsn><taxoncl><taxonrn>Species</taxonrn><taxonrv>Globicephala macrorhynchus</taxonrv><taxontsn>180466</taxontsn></taxoncl></taxoncl><taxoncl><taxonrn>Genus</taxonrn><taxonrv>Grampus</taxonrv><taxontsn>180456</taxontsn><taxoncl><taxonrn>Species</taxonrn><taxonrv>Grampus griseus</taxonrv><taxontsn>180457</taxontsn></taxoncl></taxoncl><taxoncl><taxonrn>Genus</taxonrn><taxonrv>Stenella</taxonrv><taxontsn>180428</taxontsn><taxoncl><taxonrn>Species</taxonrn><taxonrv>Stenella frontalis</taxonrv><taxontsn>552460</taxontsn></taxoncl></taxoncl><taxoncl><taxonrn>Genus</taxonrn><taxonrv>Steno</taxonrv><taxontsn>180416</taxontsn><taxoncl><taxonrn>Species</taxonrn><taxonrv>Steno bredanensis</taxonrv><taxontsn>180417</taxontsn></taxoncl></taxoncl><taxoncl><taxonrn>Genus</taxonrn><taxonrv>Tursiops</taxonrv><taxontsn>180425</taxontsn><taxoncl><taxonrn>Species</taxonrn><taxonrv>Tursiops truncatus</taxonrv><taxontsn>180426</taxontsn></taxoncl></taxoncl></taxoncl></taxoncl></taxoncl></taxoncl></taxoncl></taxoncl><taxoncl><taxonrn>Class</taxonrn><taxonrv>Reptilia</taxonrv><taxontsn>173747</taxontsn><taxoncl><taxonrn>Order</taxonrn><taxonrv>Testudines</taxonrv><taxontsn>173749</taxontsn><taxoncl><taxonrn>Family</taxonrn><taxonrv>Cheloniidae</taxonrv><taxontsn>173828</taxontsn><taxoncl><taxonrn>Genus</taxonrn><taxonrv>Caretta</taxonrv><taxontsn>173829</taxontsn><taxoncl><taxonrn>Species</taxonrn><taxonrv>Caretta caretta</taxonrv><taxontsn>173830</taxontsn></taxoncl></taxoncl></taxoncl><taxoncl><taxonrn>Family</taxonrn><taxonrv>Dermochelyidae</taxonrv><taxontsn>173841</taxontsn><taxoncl><taxonrn>Genus</taxonrn><taxonrv>Dermochelys</taxonrv><taxontsn>173842</taxontsn><taxoncl><taxonrn>Species</taxonrn><taxonrv>Dermochelys coriacea</taxonrv><taxontsn>173843</taxontsn></taxoncl></taxoncl></taxoncl></taxoncl></taxoncl></taxoncl></taxoncl></taxoncl></taxonomy><datacred>William A. McLellan, University of North Carolina Wilmington</datacred><crossref><citeinfo><origin>McLellan, W.</origin><pubdate>2010</pubdate><title>UNCW USWTR Onslow Bay Aerial Survey -Left side- 2008-2010</title><onlink/></citeinfo></crossref><crossref><citeinfo><origin>Halpin, P.N., A.J. Read, E. Fujioka, B.D. Best, B. Donnelly, L.J. Hazen, C. Kot, K. Urian, E. LaBrecque, A. Dimatteo, J. Cleary, C. Good, L.B. Crowder, and K.D. Hyrenbach</origin><pubdate>2009</pubdate><title>OBIS-SEAMAP: The world data center for marine mammal, sea bird, and sea turtle distributions</title><serinfo><sername>Oceanography</sername><issue>22(2):104-115</issue></serinfo><onlink>http://www.tos.org/oceanography/article/obis-seamap-the-world-data-center-for-marine-mammal-sea-bird-and-sea-turtle</onlink></citeinfo></crossref></idinfo>
	<metainfo>
		<langmeta Sync="TRUE">en</langmeta><metstdn Sync="TRUE">FGDC Content Standards for Digital Geospatial Metadata</metstdn><metstdv Sync="TRUE">FGDC-STD-001-1998</metstdv><mettc Sync="TRUE">local time</mettc><metc><cntinfo><cntperp><cntper>Ei Fujioka</cntper><cntorg>Duke University</cntorg></cntperp><cntpos/><cntaddr><addrtype>mailing and physical address</addrtype><address>LSRC A328</address><city>Durham</city><state>NC</state><country>USA</country><postal>27708</postal></cntaddr><cntemail>efujioka@duke.edu</cntemail><cntvoice>919-613-8021</cntvoice></cntinfo></metc><metextns><onlink>http://www.nbii.gov/</onlink><metprof>Biological Data Profile</metprof></metextns><metextns><onlink Sync="TRUE">http://www.esri.com/metadata/esriprof80.html</onlink><metprof Sync="TRUE">ESRI Metadata Profile</metprof></metextns><metd Sync="TRUE">2011-05-23</metd><metrd>2012-12-07</metrd></metainfo><mdLang><languageCode Sync="TRUE" value="en"/></mdLang><mdStanName Sync="TRUE">ISO 19115 Geographic Information - Metadata</mdStanName><mdStanVer Sync="TRUE">DIS_ESRI1.0</mdStanVer><mdChar><CharSetCd Sync="TRUE" value="004"/></mdChar><mdHrLv><ScopeCd Sync="TRUE" value="005"/></mdHrLv><mdHrLvName Sync="TRUE">dataset</mdHrLvName><distinfo><resdesc Sync="TRUE">Downloadable Data</resdesc><stdorder><digform><digtinfo><transize Sync="TRUE">0.021</transize><dssize Sync="TRUE">0.021</dssize><formname>zip</formname><filedec>zipped shapefile</filedec></digtinfo><digtopt><onlinopt><computer><networka><networkr>http://seamap.env.duke.edu/dataset/586</networkr></networka></computer></onlinopt></digtopt></digform><fees>Free</fees><ordering>Go to the OBIS-SEAMAP web site</ordering></stdorder><distrib><cntinfo><cntorgp><cntper>OBIS-SEAMAP</cntper><cntorg>Nicholas School of Environment, Duke Univ.</cntorg></cntorgp><cntpos/><cntaddr><addrtype>mailing and physical address</addrtype><address>A328, LSRC</address><city>Durham</city><state>NC</state><postal>27708</postal><country>USA</country></cntaddr><cntvoice>919-613-8021</cntvoice><cntemail>seamap-contact@duke.edu</cntemail><cntefax/></cntinfo></distrib><distliab>Not to hold OBIS-SEAMAP liable for errors in the data. While we have made every effort to ensure the quality of the database, we cannot guarantee the accuracy of these datasets.&#13;
Also please refer to Use Constraints.&#13;
</distliab></distinfo>
	<distInfo>
		<distributor><distorTran>
				<onLineSrc><orDesc Sync="TRUE">002</orDesc>
					<protocol Sync="TRUE">Local Area Network</protocol>
				</onLineSrc>
				<transSize Sync="TRUE">0.021</transSize></distorTran>
			<distorFormat><formatName Sync="TRUE">Shapefile</formatName></distorFormat>
		</distributor></distInfo>
	<spdoinfo><direct Sync="TRUE">Vector</direct><ptvctinf>
		</ptvctinf></spdoinfo>
	<spref><horizsys><cordsysn><geogcsn>GCS_WGS_1984</geogcsn></cordsysn><geograph><geogunit>Decimal degrees</geogunit><latres>0.000167</latres><longres>0.000167</longres></geograph><geodetic><horizdn>D_WGS_1984</horizdn><ellips>WGS_1984</ellips><semiaxis>6378137.000000</semiaxis><denflat>298.257224</denflat></geodetic></horizsys></spref><refSysInfo><RefSystem><refSysID><identCode Sync="TRUE">GCS_WGS_1984</identCode></refSysID></RefSystem></refSysInfo><spatRepInfo><VectSpatRep><topLvl><TopoLevCd Sync="TRUE" value="001"/></topLvl>
		</VectSpatRep>
	</spatRepInfo><eainfo><overview><eaover>This section explains attributes included in the original dataset.&#13;
OBIS-SEAMAP restricts the attributes available to the public to date/time, lat/lon and species names/counts only.&#13;
Should you need other attributes described here, you are encouraged to contact the data provider.</eaover><eadetcit>University of North Carolina Wilmington</eadetcit></overview><detailed><attr><attrlabl>oid</attrlabl><attrdef>Unique ID number (generated by SEAMAP)</attrdef></attr><attr><attrlabl>id</attrlabl><attrdef>Row ID assigned by OBIS-SEAMAP</attrdef></attr><attr><attrlabl>obs_date</attrlabl><attrdef>date of observation</attrdef></attr><attr><attrlabl>obs_time</attrlabl><attrdef>time of observation</attrdef></attr><attr><attrlabl>latitude</attrlabl><attrdef>Latitude in decimal degrees</attrdef></attr><attr><attrlabl>longitude</attrlabl><attrdef>Longitude in decimal degrees</attrdef></attr><attr><attrlabl>way_point</attrlabl><attrdef>way point</attrdef></attr><attr><attrlabl>event</attrlabl><attrdef>Event. 1.1 = On effort/on track; 1.2 = Off effort. Full codes are available upon request.</attrdef></attr><attr><attrlabl>heading</attrlabl><attrdef>Heading</attrdef></attr><attr><attrlabl>track_no</attrlabl><attrdef>Track Number</attrdef></attr><attr><attrlabl>observer</attrlabl><attrdef>Observer Number</attrdef></attr><attr><attrlabl>vizability</attrlabl><attrdef>Visibility</attrdef></attr><attr><attrlabl>bss</attrlabl><attrdef>BSS</attrdef></attr><attr><attrlabl>cloud</attrlabl><attrdef>Cloud</attrdef></attr><attr><attrlabl>angle_out</attrlabl><attrdef>Verticale angle</attrdef></attr><attr><attrlabl>glare_l</attrlabl><attrdef>Glare Left</attrdef></attr><attr><attrlabl>glare_r</attrlabl><attrdef>Glare Right</attrdef></attr><attr><attrlabl>degree_forward</attrlabl><attrdef>Horizontal angle</attrdef></attr><attr><attrlabl>reliability</attrlabl><attrdef>Reliability</attrdef></attr><attr><attrlabl>sighting_cue</attrlabl><attrdef>Sighting Cue</attrdef></attr><attr><attrlabl>species</attrlabl><attrdef>species observed in provider-specific codes</attrdef></attr><attr><attrlabl>num_min</attrlabl><attrdef>Min number of animals</attrdef></attr><attr><attrlabl>num_max</attrlabl><attrdef>Maximum number of animals</attrdef></attr><attr><attrlabl>obs_count</attrlabl><attrdef>best estimate of number of animals</attrdef></attr><attr><attrlabl>comments</attrlabl><attrdef>Comments</attrdef></attr><attr><attrlabl>sp_tsn</attrlabl><attrdef>ITIS taxonomic serial number. This field added by OBIS-SEAMAP</attrdef></attr><attr><attrlabl>datetime_ini</attrlabl><attrdef/></attr><attr><attrlabl>latitude_ini</attrlabl><attrdef/></attr><attr><attrlabl>longitude_ini</attrlabl><attrdef/></attr></detailed></eainfo><mdDateSt Sync="TRUE">20060815</mdDateSt>
	<dataqual><posacc><horizpa><horizpar/></horizpa><vertacc><vertaccr/></vertacc></posacc><attracc><attraccr/></attracc><complete/></dataqual>
</metadata>
