<?xml version="1.0" encoding="UTF-8"?>
<metadata xml:lang="en">
<Esri>
	<MetaID>{999A9551-D701-4CF5-9373-131D3DD8D969}</MetaID>
	<CreaDate>20050512</CreaDate>
	<CreaTime>19291400</CreaTime>
	<SyncOnce>FALSE</SyncOnce>
	<SyncDate>20060710</SyncDate>
	<SyncTime>17161900</SyncTime>
	<ModDate>20060815</ModDate>
	<ModTime>12091700</ModTime>
</Esri>
<idinfo>
	<keywords><theme><themekt>None</themekt><themekey>VACAPES Aerial</themekey><themekey>Aircraft</themekey><themekey>Sightings</themekey></theme><place><placekt>None</placekt><placekey>North Atlantic</placekey></place></keywords>
	<native Sync="TRUE">Relational database</native>
	<descript>
	<langdata Sync="TRUE">en</langdata>
	<abstract>Between 9 and 11 August 2010, a Firing Exercise (FIREX) with Integrated Maritime Portable Acoustic Scoring and Simulator (IMPASS) and Anti-Submarine Warfare (ASW) Exercise occurred off the coast of Virginia in the U.S. Navy’s Virginia Capes Range Complex (VACAPES).</abstract><purpose>Please contact data provider</purpose></descript>
	<citation>
		<citeinfo><origin>Spontak, D</origin><pubdate>2013</pubdate><title>VACAPES FIREX and ASW Aerial Monitoring 2010</title><onlink>http://seamap.env.duke.edu/dataset/870</onlink><serinfo><sername>OBIS-SEAMAP</sername><issue>870</issue></serinfo><pubinfo><pubplace>http://seamap.env.duke.edu/dataset/870</pubplace><publish>OBIS-SEAMAP</publish></pubinfo><geoform>vector digital data</geoform></citeinfo>
	</citation>
	<timeperd><current>ground condition</current><timeinfo><rngdates><begdate>20100809</begdate><enddate>20100811</enddate></rngdates></timeinfo></timeperd>
	<status><progress>Complete</progress><update>None planned</update></status>
	<spdom><bounding><westbc>-75.344</westbc><eastbc>-74.027</eastbc><northbc>37.174</northbc><southbc>36.611</southbc></bounding><lboundng><leftbc Sync="TRUE">-75.344</leftbc><rightbc Sync="TRUE">-74.027</rightbc><bottombc Sync="TRUE">36.611</bottombc><topbc Sync="TRUE">37.174</topbc></lboundng><descgeog>North Atlantic</descgeog></spdom>
	<accconst>Open public unless otherwise noted. See Use Constraints for details.</accconst>
	<useconst>1. Not to use data obtained from OBIS-SEAMAP in any publication, product, or commercial application without proper attribution to the original data provider(s) and OBIS-SEAMAP unless the datasets are explicitly shown under the CC0 policy. Citations or credits are suggested as attribution. If the data you downloaded come from multiple datasets, a citation or credit to each of the datasets is required.&#13;
&#13;
Suggested citation for this dataset:&#13;
&#13;
Spontak, D. 2013. VACAPES FIREX and ASW Aerial Monitoring 2010. Data downloaded from OBIS-SEAMAP (http://seamap.env.duke.edu/dataset/870) on yyyy-mm-dd.&#13;
&#13;
Suggested citation for OBIS-SEAMAP:&#13;
&#13;
Halpin, P.N., A.J. Read, E. Fujioka, B.D. Best, B. Donnelly, L.J. Hazen, C. Kot, K. Urian, E. LaBrecque, A. Dimatteo, J. Cleary, C. Good, L.B. Crowder, and K.D. Hyrenbach. 2009. OBIS-SEAMAP: The world data center for marine mammal, sea bird, and sea turtle distributions. Oceanography 22(2):104-115&#13;
&#13;
2. To forward the citation of any publication / report that made use of the data / tools provided by OBIS-SEAMAP for inclusion in our list of references.&#13;
&#13;
3. Not to hold OBIS-SEAMAP or the original data providers liable for errors in the data. While we have made every effort to ensure the quality of the database, we cannot guarantee the accuracy of these datasets. &#13;
&#13;
4. The burden for determining fitness for use of the downloaded data for any analyses lies entirely with the user. OBIS-SEAMAP or the original data providers do not support outcomes of your analyses that used the data you downloaded from OBIS-SEAMAP.&#13;
&#13;
5. To consider inclusion of the accompanying transect (effort) dataset if available into the methodology of your analyses.&#13;
&#13;
6. Not to redistribute the data you downloaded from OBIS-SEAMAP through any media without contect from OBIS-SEAMAP and the original data providers unless the datasets are explicitly shown under the CC0 policy.</useconst>
	<natvform Sync="TRUE">Shapefile</natvform>
	
	<ptcontac>
		<cntinfo>
			<cntperp><cntper>Dana Spontak</cntper><cntorg>HDR Environmental, Operations and Construction, Inc.</cntorg></cntperp>
			<cntaddr>
				<addrtype>mailing and physical address</addrtype>
			<address>5700 Lake Wright Dr.</address><city>Norfolk</city><state>VA</state><postal>23502-1859</postal><country>USA</country></cntaddr>
		<cntpos/><cntvoice>830-330-1834</cntvoice><cntemail>dana.spontak@hdrinc.com</cntemail><cntfax/></cntinfo>
	</ptcontac>
<taxonomy><taxonsys><classsys><classcit><citeinfo><origin>Integrated Taxonomic Information System</origin><title>Integrated Taxonomic Information System</title><onlink>http://www.itis.usda.gov/</onlink><othercit>Downloaded April, 2004</othercit></citeinfo></classcit></classsys><ider><cntinfo><cntorgp><cntorg>Refer to the contact information of the dataset</cntorg></cntorgp></cntinfo></ider></taxonsys></taxonomy><datacred>The U.S. Navy Marine Species Monitoring Program</datacred><crossref><citeinfo><origin>HDR</origin><pubdate>2010</pubdate><title>Virginia Capes (VACAPES) FIREX &amp; ASW Training Events Marine Species Monitoring AERIAL MONITORING SURVEYS 9–11 AUGUST 2010 TRIP REPORT</title><geoform>vector digital data</geoform><serinfo/><onlink>http://www.navymarinespeciesmonitoring.us/files/8413/4684/8075/2010_09-10_August_Aerial_Monitor_during_ASWEX.pdf</onlink></citeinfo></crossref><crossref><citeinfo><origin>Halpin, P.N., A.J. Read, E. Fujioka, B.D. Best, B. Donnelly, L.J. Hazen, C. Kot, K. Urian, E. LaBrecque, A. Dimatteo, J. Cleary, C. Good, L.B. Crowder, and K.D. Hyrenbach</origin><pubdate>2009</pubdate><title>OBIS-SEAMAP: The world data center for marine mammal, sea bird, and sea turtle distributions</title><geoform>vector digital data</geoform><serinfo><sername>Oceanography</sername><issue>22(2):104-115</issue></serinfo><onlink>http://www.tos.org/oceanography/article/obis-seamap-the-world-data-center-for-marine-mammal-sea-bird-and-sea-turtle</onlink></citeinfo></crossref></idinfo>

<metainfo>
	<langmeta Sync="TRUE">en</langmeta>
	<metstdn Sync="TRUE">FGDC Content Standards for Digital Geospatial Metadata</metstdn>
	<metstdv Sync="TRUE">FGDC-STD-001-1998</metstdv>
	<mettc Sync="TRUE">local time</mettc>
	<metc>
		<cntinfo>
			<cntorgp>
			<cntper>Ei Fujioka</cntper>
			<cntorg>Nicholas School of Environment, Duke University</cntorg>
			</cntorgp>
			<cntaddr><addrtype>mailing and physical address</addrtype><city>Durham</city><state>NC</state><postal>27708</postal><address>A328, LSRC</address><country>USA</country></cntaddr>
			<cntvoice>919-613-8021</cntvoice>
			<cntemail>seamap-contact@duke.edu</cntemail>
		<cntperp><cntper>Ei Fujioka</cntper><cntorg>Duke University</cntorg></cntperp><cntpos/></cntinfo>
	</metc>
	<metextns><onlink>http://www.nbii.gov/</onlink><metprof>Biological Data Profile</metprof></metextns><metextns><onlink Sync="TRUE">http://www.esri.com/metadata/esriprof80.html</onlink><metprof Sync="TRUE">ESRI Metadata Profile</metprof></metextns>
	<metd>20220307</metd>
<metrd>20220307</metrd></metainfo>

<mdLang><languageCode Sync="TRUE" value="en"/></mdLang>
<mdStanName Sync="TRUE">ISO 19115 Geographic Information - Metadata</mdStanName><mdStanVer Sync="TRUE">DIS_ESRI1.0</mdStanVer><mdChar><CharSetCd Sync="TRUE" value="004"/></mdChar><mdHrLv><ScopeCd Sync="TRUE" value="005"/></mdHrLv><mdHrLvName Sync="TRUE">dataset</mdHrLvName>

<distinfo>
	<resdesc Sync="TRUE">OBIS-SEAMAP Dataset ID 870</resdesc>
	<stdorder>
		<digform>
			<digtinfo>
				<transize Sync="TRUE">0.021</transize>
				<dssize Sync="TRUE">0.021</dssize>
			</digtinfo>
			<digtopt>
				<onlinopt>
					<computer>
						<networka>
							<networkr>OBIS-SEAMAP</networkr>
						</networka>
					</computer>
				</onlinopt>
			</digtopt>
		</digform>
		<fees>Free</fees>
		<ordering>Go to the OBIS-SEAMAP web site and click on [Datasets] tab appearing on upper left.</ordering>
	</stdorder>
	<distrib>
		<cntinfo>
			<cntorgp>
				<cntorg>Nicholas School of Environment, Duke Univ.</cntorg>
				<cntper>OBIS-SEAMAP</cntper>
			</cntorgp>
			<cntaddr>
				<addrtype>mailing and physical address</addrtype>
				<city>Durham</city><state>NC</state><country>USA</country><address>A328, LSRC</address><postal>27708</postal>
			</cntaddr>
			<cntvoice>919-613-8021</cntvoice>
			<cntemail>seamap-contact@duke.edu</cntemail>
		<cntpos/><cntefax/></cntinfo>
	</distrib>

	<distliab>Not to hold OBIS-SEAMAP liable for errors in the data. While we have made every effort to ensure the quality of the database, we cannot guarantee the accuracy of these datasets.&#13;
Also please refer to Use Constraints.</distliab>
</distinfo>

	<distInfo>
		<distributor><distorTran>
				<onLineSrc><orDesc Sync="TRUE">002</orDesc>
					<protocol Sync="TRUE">Local Area Network</protocol>
				</onLineSrc>
				<transSize Sync="TRUE">0.021</transSize></distorTran>
			<distorFormat><formatName Sync="TRUE">Shapefile</formatName></distorFormat>
		</distributor></distInfo>
	<spdoinfo><direct Sync="TRUE">Vector</direct><ptvctinf>
		</ptvctinf></spdoinfo>
	<spref><horizsys><cordsysn><geogcsn>GCS_WGS_1984</geogcsn></cordsysn><geograph><geogunit>Decimal degrees</geogunit><latres>0.001</latres><longres>0.001</longres></geograph><geodetic><horizdn>D_WGS_1984</horizdn><ellips>WGS_1984</ellips><semiaxis>6378137.000000</semiaxis><denflat>298.257224</denflat></geodetic></horizsys></spref><refSysInfo><RefSystem><refSysID><identCode Sync="TRUE">GCS_WGS_1984</identCode></refSysID></RefSystem></refSysInfo><spatRepInfo><VectSpatRep><topLvl><TopoLevCd Sync="TRUE" value="001"/></topLvl>
		</VectSpatRep>
	</spatRepInfo><eainfo><overview><eaover>This section explains attributes included in the original dataset.&#13;
OBIS-SEAMAP restricts the attributes available to the public to date/time, lat/lon and species names/counts only.&#13;
Should you need other attributes described here, you are encouraged to contact the data provider.</eaover><eadetcit>HDR Environmental, Operations and Construction, Inc.</eadetcit></overview><detailed><enttyp><enttypl>Biogeographic data</enttypl><enttypd>Biogeographic data</enttypd><enttypds>Not applicable</enttypds></enttyp><attr><attrlabl>oid</attrlabl><attrdef>Unique ID number (generated by OBIS-SEAMAP)</attrdef><attrdefs>Data provider</attrdefs><attrdomv><udom>Unique ID number (generated by OBIS-SEAMAP)</udom></attrdomv></attr><attr><attrlabl>event</attrlabl><attrdef>Event</attrdef><attrdefs>Data provider</attrdefs><attrdomv><udom>Event</udom></attrdomv></attr><attr><attrlabl>sighting_no</attrlabl><attrdef>Sighting No.</attrdef><attrdefs>Data provider</attrdefs><attrdomv><udom>Sighting No.</udom></attrdomv></attr><attr><attrlabl>obs_date</attrlabl><attrdef>Observation date</attrdef><attrdefs>Data provider</attrdefs><attrdomv><rdom><rdommin>2010-08-09</rdommin><rdommax>2010-08-11</rdommax></rdom></attrdomv></attr><attr><attrlabl>sp_obs</attrlabl><attrdef>Species name recorded</attrdef><attrdefs>Data provider</attrdefs><attrdomv><udom>Species name recorded</udom></attrdomv></attr><attr><attrlabl>sp_tsn</attrlabl><attrdef>Taxonomic Serial Number added by OBIS-SEAMAP</attrdef><attrdefs>Data provider</attrdefs><attrdomv><codesetd><codesetn>Taxonomic Serial Number added by OBIS-SEAMAP</codesetn><codesets>Data provider</codesets></codesetd></attrdomv></attr><attr><attrlabl>obs_count</attrlabl><attrdef>Group size - best</attrdef><attrdefs>Data provider</attrdefs><attrdomv><rdom><rdommin>1</rdommin><rdommax>300</rdommax></rdom></attrdomv></attr><attr><attrlabl>count_high</attrlabl><attrdef>Group size - high</attrdef><attrdefs>Data provider</attrdefs><attrdomv><udom>Group size - high</udom></attrdomv></attr><attr><attrlabl>count_low</attrlabl><attrdef>Group size - low</attrdef><attrdefs>Data provider</attrdefs><attrdomv><udom>Group size - low</udom></attrdomv></attr><attr><attrlabl>calves</attrlabl><attrdef>Number of calves</attrdef><attrdefs>Data provider</attrdefs><attrdomv><rdom><rdommin>3</rdommin><rdommax>5</rdommax></rdom></attrdomv></attr><attr><attrlabl>obs_time</attrlabl><attrdef>Start time</attrdef><attrdefs>Data provider</attrdefs><attrdomv><rdom><rdommin>07:51:00</rdommin><rdommax>15:30:00</rdommax></rdom></attrdomv></attr><attr><attrlabl>stop_time</attrlabl><attrdef>Stop time</attrdef><attrdefs>Data provider</attrdefs><attrdomv><rdom><rdommin>07:54:00</rdommin><rdommax>15:15:00</rdommax></rdom></attrdomv></attr><attr><attrlabl>beaufort</attrlabl><attrdef>Beaufort Sea State</attrdef><attrdefs>Data provider</attrdefs><attrdomv><udom>Beaufort Sea State</udom></attrdomv></attr><attr><attrlabl>latitude</attrlabl><attrdef>Latitude in decimal degrees</attrdef><attrdefs>Data provider</attrdefs><attrdomv><rdom><rdommin>36.6110</rdommin><rdommax>37.1740</rdommax></rdom></attrdomv></attr><attr><attrlabl>longitude</attrlabl><attrdef>Longitude in decimal degrees</attrdef><attrdefs>Data provider</attrdefs><attrdomv><rdom><rdommin>-75.3440</rdommin><rdommax>-74.0270</rdommax></rdom></attrdomv></attr><attr><attrlabl>vert_angle</attrlabl><attrdef>Vertical angle</attrdef><attrdefs>Data provider</attrdefs><attrdomv><udom>Vertical angle</udom></attrdomv></attr><attr><attrlabl>distance</attrlabl><attrdef>Distance off Track (km)</attrdef><attrdefs>Data provider</attrdefs><attrdomv><udom>Distance off Track (km)</udom></attrdomv></attr><attr><attrlabl>heading</attrlabl><attrdef>Heading</attrdef><attrdefs>Data provider</attrdefs><attrdomv><udom>Heading</udom></attrdomv></attr><attr><attrlabl>bottom_depth</attrlabl><attrdef>Bottom Depth (m)</attrdef><attrdefs>Data provider</attrdefs><attrdomv><udom>Bottom Depth (m)</udom></attrdomv></attr><attr><attrlabl>behavior</attrlabl><attrdef>Behavioral Summary</attrdef><attrdefs>Data provider</attrdefs><attrdomv><udom>Behavioral Summary</udom></attrdomv></attr><attr><attrlabl>navy_ship</attrlabl><attrdef>Navy Ship Present (Yes/No)</attrdef><attrdefs>Data provider</attrdefs><attrdomv><udom>Navy Ship Present (Yes/No)</udom></attrdomv></attr><attr><attrlabl>exercise</attrlabl><attrdef>Pre/During/Post Exercise</attrdef><attrdefs>Data provider</attrdefs><attrdomv><udom>Pre/During/Post Exercise</udom></attrdomv></attr><attr><attrlabl>bearing_angle</attrlabl><attrdef>Bearing Angle</attrdef><attrdefs>Data provider</attrdefs><attrdomv><udom>Bearing Angle</udom></attrdomv></attr><attr><attrlabl>geom</attrlabl><attrdef>Geometry field added by OBIS-SEAMAP</attrdef><attrdefs>Data provider</attrdefs><attrdomv><udom>Geometry field added by OBIS-SEAMAP</udom></attrdomv></attr></detailed></eainfo><mdDateSt Sync="TRUE">20060815</mdDateSt>
	<dataqual><posacc><horizpa><horizpar/></horizpa><vertacc><vertaccr/></vertacc></posacc><attracc><attraccr/></attracc><complete>All observation records are included.</complete><logic>Permissible values for date and time and coordinates were validated by the data provider and the OBIS-SEAMAP data manager. Species identification by the data provider was matched with Integrated Taxonomic Information System.</logic><lineage><procstep><procdesc>Data were put through the OBIS-SEAMAP data registration steps.</procdesc><procdate>20131230</procdate></procstep></lineage></dataqual>
</metadata>
