<?xml version="1.0"?>
<metadata>
  <idinfo>
    <descript>
      <abstract>The Cetacean Acoustic Detection and Dive Interval Studies (CADDIS) survey was conducted by the NOAA Southwest Fisheries Science Center primarily in the southern Gulf of California aboard NOAA research ship &lt;i&gt;McArthur&lt;/i&gt; from early September to early November 1995 for a total of approximately 6,000 kilometers surveyed. The project focused on two potential approaches to improve abundance estimates of long-diving whales: (1) acoustic detection of diving animals, and (2) collecting dive interval data on those species to serve as a basis for a model-based abundance correction factor. This dataset provides the time-date and geographical coordinates, by species/stock, of all cetaceans detected during the survey, as well as the daily and intra-daily start and end points of the line-transect survey.</abstract>
      <purpose>The primary purpose of this research was to learn how to better estimate the abundance of long-diving whales during ship line-transect surveys. These whale species, including beaked whales and dwarf and pygmy sperm whales, dive for such long periods of time that there is a high probability that they will never surface within the visual range of observers searching from a moving survey vessel with 25X binoculars.</purpose>
      
    </descript>
    <citation>
      <citeinfo><origin>Barlow, J</origin><pubdate>2004</pubdate><title>SWFSC Marine Mammal Survey, CADDIS 1995, Cruise 1601</title><onlink>http://seamap.env.duke.edu/dataset/217</onlink><serinfo><sername>OBIS-SEAMAP</sername><issue>217</issue></serinfo><pubinfo><pubplace>http://seamap.env.duke.edu/dataset/217</pubplace><publish>OBIS-SEAMAP</publish></pubinfo><geoform>vector digital data</geoform></citeinfo>
    </citation>
    <timeperd>
      <current>ground condition</current>
      <timeinfo>
        <rngdates>
          <begdate>19950906</begdate>
          <enddate>19951107</enddate>
        </rngdates>
      </timeinfo>
    </timeperd>
    <status>
      <progress>Complete</progress>
      <update>None planned</update>
    </status>
    <spdom><bounding><westbc>-117.39</westbc><eastbc>-105.3</eastbc><northbc>32.24</northbc><southbc>20.5</southbc></bounding><lboundng><leftbc>-117.39</leftbc><rightbc>-105.3</rightbc><topbc>32.24</topbc><bottombc>20.5</bottombc></lboundng><descgeog>Gulf of California</descgeog></spdom>
    <keywords><theme><themekt>None</themekt><themekey>Vessels</themekey><themekey>Sightings</themekey><themekey>Whales</themekey><themekey>Diving</themekey><themekey>Dive</themekey><themekey>Population</themekey><themekey>Abundance</themekey><themekey>Survey</themekey><themekey>Census</themekey></theme><place><placekt>None</placekt><placekey>Gulf of California</placekey><placekey>Pacific</placekey></place></keywords>
    <accconst>Open public unless otherwise noted. See Use Constraints for details.</accconst>
    <useconst>1. Not to use data obtained from OBIS-SEAMAP in any publication, product, or commercial application without proper attribution to the original data provider(s) and OBIS-SEAMAP unless the datasets are explicitly shown under the CC0 policy. Citations or credits are suggested as attribution. If the data you downloaded come from multiple datasets, a citation or credit to each of the datasets is required.&#xD;
&#xD;
Suggested citation for this dataset:&#xD;
&#xD;
Barlow, J. 2004. SWFSC Marine Mammal Survey, CADDIS 1995, Cruise 1601. Data downloaded from OBIS-SEAMAP (http://seamap.env.duke.edu/dataset/217) on yyyy-mm-dd.&#xD;
&#xD;
Suggested citation for OBIS-SEAMAP:&#xD;
&#xD;
Halpin, P.N., A.J. Read, E. Fujioka, B.D. Best, B. Donnelly, L.J. Hazen, C. Kot, K. Urian, E. LaBrecque, A. Dimatteo, J. Cleary, C. Good, L.B. Crowder, and K.D. Hyrenbach. 2009. OBIS-SEAMAP: The world data center for marine mammal, sea bird, and sea turtle distributions. Oceanography 22(2):104-115&#xD;
&#xD;
2. To forward the citation of any publication / report that made use of the data / tools provided by OBIS-SEAMAP for inclusion in our list of references.&#xD;
&#xD;
3. Not to hold OBIS-SEAMAP or the original data providers liable for errors in the data. While we have made every effort to ensure the quality of the database, we cannot guarantee the accuracy of these datasets. &#xD;
&#xD;
4. The burden for determining fitness for use of the downloaded data for any analyses lies entirely with the user. OBIS-SEAMAP or the original data providers do not support outcomes of your analyses that used the data you downloaded from OBIS-SEAMAP.&#xD;
&#xD;
5. To consider inclusion of the accompanying transect (effort) dataset if available into the methodology of your analyses.&#xD;
&#xD;
6. Not to redistribute the data you downloaded from OBIS-SEAMAP through any media without contect from OBIS-SEAMAP and the original data providers unless the datasets are explicitly shown under the CC0 policy.</useconst>
    <natvform>Shapefile</natvform>
    <ptcontac>
      <cntinfo>
        <cntperp>
          <cntper>Jay Barlow</cntper>
          <cntorg>NOAA Southwest Fisheries Science Center</cntorg>
        </cntperp>
        <cntpos/>
        <cntaddr>
          <addrtype>mailing and physical address</addrtype>
          <address>8604 La Jolla Shores Dr.</address>
          <city>La Jolla</city>
          <state>CA</state>
          <postal>92037</postal>
          <country>USA</country>
        </cntaddr>
        <cntvoice>unknown</cntvoice>
        <cntemail>Jay.Barlow@noaa.gov</cntemail>
      <cntfax/></cntinfo>
    </ptcontac>
    <datacred>Marine Mammal and Turtle Division, Southwest Fisheries Science Center, NMFS, NOAA</datacred>
    <taxonomy><taxonsys><classsys><classcit><citeinfo><origin>Integrated Taxonomic Information System</origin><title>Integrated Taxonomic Information System</title><onlink>http://www.itis.usda.gov/</onlink><othercit>Downloaded April, 2004</othercit></citeinfo></classcit></classsys><ider><cntinfo><cntorgp><cntorg>Refer to the contact information of the dataset</cntorg></cntorgp></cntinfo></ider></taxonsys><taxoncl><taxonrn>Kingdom</taxonrn><taxonrv>Animalia</taxonrv><taxontsn>202423</taxontsn><taxoncl><taxonrn>Phylum</taxonrn><taxonrv>Chordata</taxonrv><taxontsn>158852</taxontsn><taxoncl><taxonrn>Subphylum</taxonrn><taxonrv>Vertebrata</taxonrv><taxontsn>331030</taxontsn><taxoncl><taxonrn>Class</taxonrn><taxonrv>Mammalia</taxonrv><taxontsn>179913</taxontsn><taxoncl><taxonrn>Subclass</taxonrn><taxonrv>Theria</taxonrv><taxontsn>179916</taxontsn><taxoncl><taxonrn>Infraclass</taxonrn><taxonrv>Eutheria</taxonrv><taxontsn>179925</taxontsn><taxoncl><taxonrn>Order</taxonrn><taxonrv>Cetacea</taxonrv><taxontsn>180403</taxontsn><taxoncl><taxonrn>Suborder</taxonrn><taxonrv>Mysticeti</taxonrv><taxontsn>552298</taxontsn><taxoncl><taxonrn>Family</taxonrn><taxonrv>Balaenopteridae</taxonrv><taxontsn>180522</taxontsn><taxoncl><taxonrn>Genus</taxonrn><taxonrv>Balaenoptera</taxonrv><taxontsn>180523</taxontsn><taxoncl><taxonrn>Species</taxonrn><taxonrv>Balaenoptera borealis</taxonrv><taxontsn>180526</taxontsn></taxoncl><taxoncl><taxonrn>Species</taxonrn><taxonrv>Balaenoptera edeni</taxonrv><taxontsn>180525</taxontsn></taxoncl><taxoncl><taxonrn>Species</taxonrn><taxonrv>Balaenoptera musculus</taxonrv><taxontsn>180528</taxontsn></taxoncl><taxoncl><taxonrn>Species</taxonrn><taxonrv>Balaenoptera physalus</taxonrv><taxontsn>180527</taxontsn></taxoncl></taxoncl><taxoncl><taxonrn>Genus</taxonrn><taxonrv>Megaptera</taxonrv><taxontsn>180529</taxontsn><taxoncl><taxonrn>Species</taxonrn><taxonrv>Megaptera novaeangliae</taxonrv><taxontsn>180530</taxontsn></taxoncl></taxoncl></taxoncl></taxoncl><taxoncl><taxonrn>Suborder</taxonrn><taxonrv>Odontoceti</taxonrv><taxontsn>180404</taxontsn><taxoncl><taxonrn>Family</taxonrn><taxonrv>Hyperoodontidae</taxonrv><taxontsn>770799</taxontsn><taxoncl><taxonrn>Genus</taxonrn><taxonrv>Berardius</taxonrv><taxontsn>180494</taxontsn><taxoncl><taxonrn>Species</taxonrn><taxonrv>Berardius bairdii</taxonrv><taxontsn>180496</taxontsn></taxoncl></taxoncl><taxoncl><taxonrn>Genus</taxonrn><taxonrv>Mesoplodon</taxonrv><taxontsn>180506</taxontsn><taxoncl><taxonrn>Species</taxonrn><taxonrv>Mesoplodon peruvianus</taxonrv><taxontsn>552772</taxontsn></taxoncl></taxoncl><taxoncl><taxonrn>Genus</taxonrn><taxonrv>Ziphius</taxonrv><taxontsn>180497</taxontsn><taxoncl><taxonrn>Species</taxonrn><taxonrv>Ziphius cavirostris</taxonrv><taxontsn>180498</taxontsn></taxoncl></taxoncl></taxoncl><taxoncl><taxonrn>Family</taxonrn><taxonrv>Delphinidae</taxonrv><taxontsn>180415</taxontsn><taxoncl><taxonrn>Genus</taxonrn><taxonrv>Delphinus</taxonrv><taxontsn>180437</taxontsn><taxoncl><taxonrn>Species</taxonrn><taxonrv>Delphinus capensis</taxonrv><taxontsn>555654</taxontsn></taxoncl><taxoncl><taxonrn>Species</taxonrn><taxonrv>Delphinus delphis</taxonrv><taxontsn>180438</taxontsn></taxoncl></taxoncl><taxoncl><taxonrn>Genus</taxonrn><taxonrv>Globicephala</taxonrv><taxontsn>180464</taxontsn><taxoncl><taxonrn>Species</taxonrn><taxonrv>Globicephala macrorhynchus</taxonrv><taxontsn>180466</taxontsn></taxoncl></taxoncl><taxoncl><taxonrn>Genus</taxonrn><taxonrv>Grampus</taxonrv><taxontsn>180456</taxontsn><taxoncl><taxonrn>Species</taxonrn><taxonrv>Grampus griseus</taxonrv><taxontsn>180457</taxontsn></taxoncl></taxoncl><taxoncl><taxonrn>Genus</taxonrn><taxonrv>Lagenorhynchus</taxonrv><taxontsn>180441</taxontsn><taxoncl><taxonrn>Species</taxonrn><taxonrv>Lagenorhynchus obliquidens</taxonrv><taxontsn>180444</taxontsn></taxoncl></taxoncl><taxoncl><taxonrn>Genus</taxonrn><taxonrv>Orcinus</taxonrv><taxontsn>180468</taxontsn><taxoncl><taxonrn>Species</taxonrn><taxonrv>Orcinus orca</taxonrv><taxontsn>180469</taxontsn></taxoncl></taxoncl><taxoncl><taxonrn>Genus</taxonrn><taxonrv>Stenella</taxonrv><taxontsn>180428</taxontsn><taxoncl><taxonrn>Species</taxonrn><taxonrv>Stenella attenuata</taxonrv><taxontsn>180430</taxontsn></taxoncl><taxoncl><taxonrn>Species</taxonrn><taxonrv>Stenella coeruleoalba</taxonrv><taxontsn>180434</taxontsn></taxoncl><taxoncl><taxonrn>Species</taxonrn><taxonrv>Stenella longirostris</taxonrv><taxontsn>180429</taxontsn><taxoncl><taxonrn>Subspecies</taxonrn><taxonrv>Stenella longirostris orientalis</taxonrv><taxontsn>612612</taxontsn></taxoncl></taxoncl></taxoncl><taxoncl><taxonrn>Genus</taxonrn><taxonrv>Steno</taxonrv><taxontsn>180416</taxontsn><taxoncl><taxonrn>Species</taxonrn><taxonrv>Steno bredanensis</taxonrv><taxontsn>180417</taxontsn></taxoncl></taxoncl><taxoncl><taxonrn>Genus</taxonrn><taxonrv>Tursiops</taxonrv><taxontsn>180425</taxontsn><taxoncl><taxonrn>Species</taxonrn><taxonrv>Tursiops truncatus</taxonrv><taxontsn>180426</taxontsn></taxoncl></taxoncl></taxoncl><taxoncl><taxonrn>Family</taxonrn><taxonrv>Kogiidae</taxonrv><taxontsn>621144</taxontsn><taxoncl><taxonrn>Genus</taxonrn><taxonrv>Kogia</taxonrv><taxontsn>180490</taxontsn><taxoncl><taxonrn>Species</taxonrn><taxonrv>Kogia sima</taxonrv><taxontsn>180492</taxontsn></taxoncl></taxoncl></taxoncl><taxoncl><taxonrn>Family</taxonrn><taxonrv>Physeteridae</taxonrv><taxontsn>180486</taxontsn><taxoncl><taxonrn>Genus</taxonrn><taxonrv>Physeter</taxonrv><taxontsn>180487</taxontsn><taxoncl><taxonrn>Species</taxonrn><taxonrv>Physeter macrocephalus</taxonrv><taxontsn>180488</taxontsn></taxoncl></taxoncl></taxoncl></taxoncl></taxoncl></taxoncl></taxoncl></taxoncl><taxoncl><taxonrn>Class</taxonrn><taxonrv>Reptilia</taxonrv><taxontsn>173747</taxontsn><taxoncl><taxonrn>Order</taxonrn><taxonrv>Testudines</taxonrv><taxontsn>173749</taxontsn><taxoncl><taxonrn>Family</taxonrn><taxonrv>Cheloniidae</taxonrv><taxontsn>173828</taxontsn><taxoncl><taxonrn>Genus</taxonrn><taxonrv>Caretta</taxonrv><taxontsn>173829</taxontsn><taxoncl><taxonrn>Species</taxonrn><taxonrv>Caretta caretta</taxonrv><taxontsn>173830</taxontsn></taxoncl></taxoncl><taxoncl><taxonrn>Genus</taxonrn><taxonrv>Lepidochelys</taxonrv><taxontsn>173838</taxontsn><taxoncl><taxonrn>Species</taxonrn><taxonrv>Lepidochelys olivacea</taxonrv><taxontsn>173840</taxontsn></taxoncl></taxoncl></taxoncl></taxoncl></taxoncl></taxoncl></taxoncl></taxoncl></taxonomy>
  <native>Relational database</native><crossref><citeinfo><origin>Barlow, Jay, Karin A. Forney, A.V. Saunder, J. Urban-Ramirez</origin><pubdate>1997</pubdate><title>A report of cetacean acoustic detection and dive interval studies (CADDIS) conducted in the southern Gulf of California, 1995</title><geoform>vector digital data</geoform><serinfo><sername>NOAA-TM-NMFS-SWFSC-250</sername></serinfo><onlink>http://swfsc.noaa.gov/publications/TM/SWFSC/NOAA-TM-NMFS-SWFSC-250.PDF</onlink></citeinfo></crossref><crossref><citeinfo><origin>Halpin, P.N., A.J. Read, E. Fujioka, B.D. Best, B. Donnelly, L.J. Hazen, C. Kot, K. Urian, E. LaBrecque, A. Dimatteo, J. Cleary, C. Good, L.B. Crowder, and K.D. Hyrenbach</origin><pubdate>2009</pubdate><title>OBIS-SEAMAP: The world data center for marine mammal, sea bird, and sea turtle distributions</title><geoform>vector digital data</geoform><serinfo><sername>Oceanography</sername><issue>22(2):104-115</issue></serinfo><onlink>http://www.tos.org/oceanography/article/obis-seamap-the-world-data-center-for-marine-mammal-sea-bird-and-sea-turtle</onlink></citeinfo></crossref></idinfo>
  <metainfo>
    <metc><cntinfo><cntperp><cntper>Ei Fujioka</cntper><cntorg>Duke University</cntorg></cntperp><cntpos/><cntaddr><addrtype>mailing and physical address</addrtype><address>A328 LSRC, Box 90328</address><city>Durham</city><state>NC</state><postal>27708</postal><country>USA</country></cntaddr><cntvoice>919-613-8021</cntvoice><cntemail>seamap-contact@duke.edu</cntemail></cntinfo></metc>
    <metextns>
      <onlink>http://www.nbii.gov/</onlink>
      <metprof>Biological Data Profile</metprof>
    </metextns>
  <metd>20220303</metd><metrd>20220303</metrd></metainfo>
  <dataqual>
    <posacc>
      <horizpa>
        <horizpar/>
      </horizpa>
      <vertacc>
        <vertaccr/>
      </vertacc>
    </posacc>
  <attracc><attraccr/></attracc><complete>All observation records are included.</complete><logic>not applicable</logic><lineage><procstep><procdesc>Data were put through the OBIS-SEAMAP data registration steps.</procdesc><procdate>20040916</procdate></procstep></lineage></dataqual>
<distinfo><distrib><cntinfo><cntorgp><cntper>OBIS-SEAMAP</cntper><cntorg>Nicholas School of Environment, Duke Univ.</cntorg></cntorgp><cntpos/><cntaddr><addrtype>mailing and physical address</addrtype><address>A328, LSRC</address><city>Durham</city><state>NC</state><postal>27708</postal><country>USA</country></cntaddr><cntvoice>919-613-8021</cntvoice><cntemail>seamap-contact@duke.edu</cntemail></cntinfo></distrib><distliab>Not to hold OBIS-SEAMAP liable for errors in the data. While we have made every effort to ensure the quality of the database, we cannot guarantee the accuracy of these datasets.&#xD;
Also please refer to Use Constraints.</distliab><stdorder><fees>Free</fees><ordering>Go to the OBIS-SEAMAP web site</ordering><digform><digtinfo><formname>zip</formname><filedec>zipped shapefile</filedec></digtinfo><digtopt><onlinopt><computer><networka><networkr>http://seamap.env.duke.edu/dataset/217</networkr></networka></computer></onlinopt></digtopt></digform></stdorder><resdesc>OBIS-SEAMAP Dataset ID 217</resdesc></distinfo><spref><horizsys><cordsysn><geogcsn>GCS_WGS_1984</geogcsn></cordsysn><geograph><geogunit>Decimal degrees</geogunit><latres>0.01</latres><longres>0.01</longres></geograph><geodetic><horizdn>D_WGS_1984</horizdn><ellips>WGS_1984</ellips><semiaxis>6378137.000000</semiaxis><denflat>298.257224</denflat></geodetic></horizsys></spref><eainfo><overview><eadetcit>NOAA Southwest Fisheries Science Center (SWFSC)</eadetcit><eaover/></overview><detailed><enttyp><enttypl>Biogeographic data</enttypl><enttypd>Biogeographic data</enttypd><enttypds>Not applicable</enttypds></enttyp><attr><attrlabl>dataset</attrlabl><attrdef>definition not provided</attrdef><attrdefs>Data provider</attrdefs><attrdomv><rdom><rdommin>EP1601</rdommin><rdommax>EP1601</rdommax></rdom></attrdomv></attr><attr><attrlabl>lineno</attrlabl><attrdef>Line No.</attrdef><attrdefs>Data provider</attrdefs><attrdomv><rdom><rdommin>1</rdommin><rdommax>99</rdommax></rdom></attrdomv></attr><attr><attrlabl>cruise</attrlabl><attrdef>Cruise</attrdef><attrdefs>Data provider</attrdefs><attrdomv><rdom><rdommin>1601</rdommin><rdommax>1601</rdommax></rdom></attrdomv></attr><attr><attrlabl>date</attrlabl><attrdef>Date of the sighting</attrdef><attrdefs>Data provider</attrdefs><attrdomv><rdom><rdommin>10/10/1995</rdommin><rdommax>9/9/1995</rdommax></rdom></attrdomv></attr><attr><attrlabl>time</attrlabl><attrdef>Time of the sighting at local time zone</attrdef><attrdefs>Data provider</attrdefs><attrdomv><rdom><rdommin>10:00:13 AM</rdommin><rdommax>9:56:52 AM</rdommax></rdom></attrdomv></attr><attr><attrlabl>sightno</attrlabl><attrdef>Sighting number</attrdef><attrdefs>Data provider</attrdefs><attrdomv><rdom><rdommin>001</rdommin><rdommax>T99</rdommax></rdom></attrdomv></attr><attr><attrlabl>spcode</attrlabl><attrdef>Species code by contributor</attrdef><attrdefs>Data provider</attrdefs><attrdomv><rdom><rdommin>001</rdommin><rdommax>UT</rdommax></rdom></attrdomv></attr><attr><attrlabl>scientific</attrlabl><attrdef>Scientific name</attrdef><attrdefs>Data provider</attrdefs><attrdomv><rdom><rdommin>Balaenoptera borealis</rdommin><rdommax>Ziphius cavirostris</rdommax></rdom></attrdomv></attr><attr><attrlabl>common</attrlabl><attrdef>Common name</attrdef><attrdefs>Data provider</attrdefs><attrdomv><rdom><rdommin>Baird's beaked whale, northern giant bottlenose whale</rdommin><rdommax>Unnamed beaked whale</rdommax></rdom></attrdomv></attr><attr><attrlabl>tsn</attrlabl><attrdef>Taxonomic Serial Number added by OBIS-SEAMAP</attrdef><attrdefs>Data provider</attrdefs><attrdomv><rdom><rdommin>173828</rdommin><rdommax>612612</rdommax></rdom></attrdomv></attr><attr><attrlabl>latitude</attrlabl><attrdef>Latitude in decimal degrees</attrdef><attrdefs>Data provider</attrdefs><attrdomv><rdom><rdommin>20.500000</rdommin><rdommax>32.240000</rdommax></rdom></attrdomv></attr><attr><attrlabl>longitude</attrlabl><attrdef>Longitude in decimal degrees</attrdef><attrdefs>Data provider</attrdefs><attrdomv><rdom><rdommin>-117.390000</rdommin><rdommax>-105.300000</rdommax></rdom></attrdomv></attr><attr><attrlabl>school</attrlabl><attrdef>definition not provided</attrdef><attrdefs>Data provider</attrdefs><attrdomv><rdom><rdommin>1</rdommin><rdommax>1600</rdommax></rdom></attrdomv></attr><attr><attrlabl>excluded</attrlabl><attrdef>definition not provided</attrdef><attrdefs>Data provider</attrdefs><attrdomv><rdom><rdommin>False</rdommin><rdommax>False</rdommax></rdom></attrdomv></attr><attr><attrlabl>geom</attrlabl><attrdef>Geometry field added by OBIS-SEAMAP</attrdef><attrdefs>Data provider</attrdefs><attrdomv><rdom><rdommin>0101000020E61000000000000000005CC085EB51B81E453B40</rdommin><rdommax>0101000020E6100000F6285C8FC2D55BC0EC51B81E856B3A40</rdommax></rdom></attrdomv></attr><attr><attrlabl>oid</attrlabl><attrdef>Unique ID number (generated by SEAMAP)</attrdef><attrdefs>Data provider</attrdefs><attrdomv><rdom><rdommin>1</rdommin><rdommax>649</rdommax></rdom></attrdomv></attr></detailed></eainfo></metadata>
