<?xml version="1.0" encoding="UTF-8"?>
<metadata xml:lang="en"><Esri><MetaID>{999A9551-D701-4CF5-9373-131D3DD8D969}</MetaID><CreaDate>20050512</CreaDate><CreaTime>19291400</CreaTime><SyncOnce>FALSE</SyncOnce><SyncDate>20060710</SyncDate><SyncTime>17161900</SyncTime><ModDate>20060815</ModDate><ModTime>12091700</ModTime></Esri><idinfo><keywords><theme><themekt>None</themekt><themekey>JAX Vessel</themekey><themekey>Vessels</themekey><themekey>Sightings</themekey><themekey>USWTR</themekey><themekey>vessel</themekey><themekey>protected species</themekey><themekey>line transect</themekey></theme><place><placekt>None</placekt><placekey>North Atlantic</placekey><placekey>Florida</placekey><placekey>USA</placekey></place></keywords><native Sync="TRUE">Relational database</native><descript><langdata Sync="TRUE">en</langdata><abstract>A multi-institutional, marine protected species monitoring program, involving aerial, vessel and acoustic surveillance techniques, has been implemented at the proposed Under Sea Warfare Training Range (USWTR) offshore of Jacksonville, Florida, United States to investigate cetacean and sea turtle species occurrence, distribution. Ten 87 km track-lines spaced 6.5 km apart transect the 1,295 km2 USWTR box, which is located between 60 and 150 km offshore.</abstract><purpose>Conduct surveys and passive acoustic deployments in two proposed USWTRs on the east coast of the United States with the aim to document patterns of distribution and seasonal residency of protected species.</purpose><supplinf>2013-04-08: Sighting data from March 1, 2010 through March 19, 2011 were appended.&lt;br/&gt;&#13;
Two species identifications in the previous sightings were corrected:&lt;br/&gt;&#13;
01/13/10 14:51:08 Stenella sp =&gt; Unid. delphinid&lt;br/&gt;&#13;
01/28/10 14:16:14 T. truncatus =&gt; Stenella frontalis&lt;br/&gt;&#13;
&lt;br/&gt;&#13;
2013-03-19: Additional survey data for the JAX USWTR site (conducted with different survey methods from this dataset) are available on OBIS-SEAMAP in &lt;a href=http://seamap.env.duke.edu/datasets/detail/906&gt;DUML vessel-based photo-id and biopsy surveys for proposed JAX USWTR site 2012-2013&lt;/a&gt;.</supplinf></descript><citation><citeinfo><origin>Johnston, D. and Z. Swaim</origin><pubdate>2013</pubdate><title>DUML vessel-based surveys for proposed JAX USWTR site 2009-2011</title><onlink>http://seamap.env.duke.edu/dataset/582</onlink><serinfo><sername>OBIS-SEAMAP</sername><issue>582</issue></serinfo><pubinfo><pubplace>http://seamap.env.duke.edu/dataset/582</pubplace><publish>OBIS-SEAMAP</publish></pubinfo><geoform>vector digital data</geoform></citeinfo></citation><timeperd><current>ground condition</current><timeinfo><rngdates><begdate>20090719</begdate><enddate>20110319</enddate></rngdates></timeinfo></timeperd><status><progress>In work</progress><update>Irregular</update></status><spdom><bounding><westbc>-80.705815</westbc><eastbc>-79.858819</eastbc><northbc>30.587273</northbc><southbc>29.959904</southbc></bounding><lboundng><leftbc Sync="TRUE">-80.705815</leftbc><rightbc Sync="TRUE">-79.858819</rightbc><bottombc Sync="TRUE">29.959904</bottombc><topbc Sync="TRUE">30.587273</topbc></lboundng><descgeog>North Atlantic</descgeog></spdom><accconst>Open public unless otherwise noted. See Use Constraints for details.</accconst><useconst>1. Not to use data obtained from OBIS-SEAMAP in any publication, product, or commercial application without proper attribution to the original data provider(s) and OBIS-SEAMAP unless the datasets are explicitly shown under the CC0 policy. Citations or credits are suggested as attribution. If the data you downloaded come from multiple datasets, a citation or credit to each of the datasets is required.&#13;
&#13;
Suggested citation for this dataset:&#13;
&#13;
Johnston, D. and Z. Swaim. 2013. DUML vessel-based surveys for proposed JAX USWTR site 2009-2011. Data downloaded from OBIS-SEAMAP (http://seamap.env.duke.edu/dataset/582) on yyyy-mm-dd.&#13;
&#13;
Suggested citation for OBIS-SEAMAP:&#13;
&#13;
Halpin, P.N., A.J. Read, E. Fujioka, B.D. Best, B. Donnelly, L.J. Hazen, C. Kot, K. Urian, E. LaBrecque, A. Dimatteo, J. Cleary, C. Good, L.B. Crowder, and K.D. Hyrenbach. 2009. OBIS-SEAMAP: The world data center for marine mammal, sea bird, and sea turtle distributions. Oceanography 22(2):104-115&#13;
&#13;
2. To forward the citation of any publication / report that made use of the data / tools provided by OBIS-SEAMAP for inclusion in our list of references.&#13;
&#13;
3. Not to hold OBIS-SEAMAP or the original data providers liable for errors in the data. While we have made every effort to ensure the quality of the database, we cannot guarantee the accuracy of these datasets. &#13;
&#13;
4. The burden for determining fitness for use of the downloaded data for any analyses lies entirely with the user. OBIS-SEAMAP or the original data providers do not support outcomes of your analyses that used the data you downloaded from OBIS-SEAMAP.&#13;
&#13;
5. To consider inclusion of the accompanying transect (effort) dataset if available into the methodology of your analyses.&#13;
&#13;
6. Not to redistribute the data you downloaded from OBIS-SEAMAP through any media without contect from OBIS-SEAMAP and the original data providers unless the datasets are explicitly shown under the CC0 policy.</useconst><natvform Sync="TRUE">Shapefile</natvform><ptcontac><cntinfo><cntperp><cntper>Dave Johnston; Zach Swaim</cntper><cntorg>Duke University; Duke University</cntorg></cntperp><cntaddr><addrtype>mailing and physical address</addrtype><address>135 Duke Marine Lab Rd.; 135 Duke Marine Lab Rd.</address><city>Beaufort; Beaufort</city><state>NC; NC</state><postal>28516; 28516</postal><country>USA; n/a</country></cntaddr><cntpos/><cntemail>david.johnston@duke.edu; Zach.Swaim@duke.edu</cntemail><cntvoice>252 504 7593; n/a</cntvoice><cntfax>252 504 7648</cntfax></cntinfo></ptcontac>
	<taxonomy><taxonsys><classsys><classcit><citeinfo><origin>Integrated Taxonomic Information System</origin><title>Integrated Taxonomic Information System</title><onlink>http://www.itis.usda.gov/</onlink><othercit>Downloaded April, 2004</othercit></citeinfo></classcit></classsys><ider><cntinfo><cntorgp><cntorg>Refer to the contact information of the dataset</cntorg></cntorgp></cntinfo></ider></taxonsys></taxonomy><datacred>Duke University Marine Laboratory</datacred><crossref><citeinfo><origin>Nilsson, P.B., H.J. Foley, R.E. Hardee, R.C. Holt, R.J. McAlarney, E.W. Cummings, D.W. Johnston, W.A. McLellan, D.A., Pabst and A.J. Read</origin><pubdate>2010</pubdate><title>Protected species monitoring in the proposed Under Sea Warfare Training Range Off-Shore of Jacksonville, FL:  Jan – Dec  2009</title><geoform>vector digital data</geoform><serinfo><sername>SEAMAMMS 2010 Conference Abstract, Poster Presentation</sername></serinfo></citeinfo></crossref><crossref><citeinfo><origin>Halpin, P.N., A.J. Read, E. Fujioka, B.D. Best, B. Donnelly, L.J. Hazen, C. Kot, K. Urian, E. LaBrecque, A. Dimatteo, J. Cleary, C. Good, L.B. Crowder, and K.D. Hyrenbach</origin><pubdate>2009</pubdate><title>OBIS-SEAMAP: The world data center for marine mammal, sea bird, and sea turtle distributions</title><geoform>vector digital data</geoform><serinfo><sername>Oceanography</sername><issue>22(2):104-115</issue></serinfo><onlink>http://www.tos.org/oceanography/article/obis-seamap-the-world-data-center-for-marine-mammal-sea-bird-and-sea-turtle</onlink></citeinfo></crossref></idinfo>
	<metainfo>
		<langmeta Sync="TRUE">en</langmeta><metstdn Sync="TRUE">FGDC Content Standards for Digital Geospatial Metadata</metstdn><metstdv Sync="TRUE">FGDC-STD-001-1998</metstdv><mettc Sync="TRUE">local time</mettc><metc><cntinfo><cntperp><cntper>Ei Fujioka</cntper><cntorg>Duke University</cntorg></cntperp><cntpos/><cntaddr><addrtype>mailing and physical address</addrtype><address>LSRC A328</address><city>Durham</city><state>NC</state><country>USA</country><postal>27708</postal></cntaddr><cntemail>efujioka@duke.edu</cntemail><cntvoice>919-613-8021</cntvoice></cntinfo></metc><metextns><onlink>http://www.nbii.gov/</onlink><metprof>Biological Data Profile</metprof></metextns><metextns><onlink Sync="TRUE">http://www.esri.com/metadata/esriprof80.html</onlink><metprof Sync="TRUE">ESRI Metadata Profile</metprof></metextns><metd Sync="TRUE">20220307</metd><metrd>20220307</metrd></metainfo><mdLang><languageCode Sync="TRUE" value="en"/></mdLang><mdStanName Sync="TRUE">ISO 19115 Geographic Information - Metadata</mdStanName><mdStanVer Sync="TRUE">DIS_ESRI1.0</mdStanVer><mdChar><CharSetCd Sync="TRUE" value="004"/></mdChar><mdHrLv><ScopeCd Sync="TRUE" value="005"/></mdHrLv><mdHrLvName Sync="TRUE">dataset</mdHrLvName><distinfo><resdesc Sync="TRUE">OBIS-SEAMAP Dataset ID 582</resdesc><stdorder><digform><digtinfo><transize Sync="TRUE">0.021</transize><dssize Sync="TRUE">0.021</dssize><formname>zip</formname><filedec>zipped shapefile</filedec></digtinfo><digtopt><onlinopt><computer><networka><networkr>http://seamap.env.duke.edu/dataset/582</networkr></networka></computer></onlinopt></digtopt></digform><fees>Free</fees><ordering>Go to the OBIS-SEAMAP web site</ordering></stdorder><distrib><cntinfo><cntorgp><cntper>OBIS-SEAMAP</cntper><cntorg>Nicholas School of Environment, Duke Univ.</cntorg></cntorgp><cntpos/><cntaddr><addrtype>mailing and physical address</addrtype><address>A328, LSRC</address><city>Durham</city><state>NC</state><postal>27708</postal><country>USA</country></cntaddr><cntvoice>919-613-8021</cntvoice><cntemail>seamap-contact@duke.edu</cntemail><cntefax/></cntinfo></distrib><distliab>Not to hold OBIS-SEAMAP liable for errors in the data. While we have made every effort to ensure the quality of the database, we cannot guarantee the accuracy of these datasets.&#13;
Also please refer to Use Constraints.</distliab></distinfo>
	<distInfo>
		<distributor><distorTran>
				<onLineSrc><orDesc Sync="TRUE">002</orDesc>
					<protocol Sync="TRUE">Local Area Network</protocol>
				</onLineSrc>
				<transSize Sync="TRUE">0.021</transSize></distorTran>
			<distorFormat><formatName Sync="TRUE">Shapefile</formatName></distorFormat>
		</distributor></distInfo>
	<spdoinfo><direct Sync="TRUE">Vector</direct><ptvctinf>
		</ptvctinf></spdoinfo>
	<spref><horizsys><cordsysn><geogcsn>GCS_WGS_1984</geogcsn></cordsysn><geograph><geogunit>Decimal degrees</geogunit><latres>1e-06</latres><longres>1e-06</longres></geograph><geodetic><horizdn>D_WGS_1984</horizdn><ellips>WGS_1984</ellips><semiaxis>6378137.000000</semiaxis><denflat>298.257224</denflat></geodetic></horizsys></spref><refSysInfo><RefSystem><refSysID><identCode Sync="TRUE">GCS_WGS_1984</identCode></refSysID></RefSystem></refSysInfo><spatRepInfo><VectSpatRep><topLvl><TopoLevCd Sync="TRUE" value="001"/></topLvl>
		</VectSpatRep>
	</spatRepInfo><eainfo><overview><eaover>This section explains attributes included in the original dataset.&#13;
OBIS-SEAMAP restricts the attributes available to the public to date/time, lat/lon and species names/counts only.&#13;
Should you need other attributes described here, you are encouraged to contact the data provider.</eaover><eadetcit>Duke University Marine Laboratory</eadetcit></overview><detailed><enttyp><enttypl>Biogeographic data</enttypl><enttypd>Biogeographic data</enttypd><enttypds>Not applicable</enttypds></enttyp><attr><attrlabl>oid</attrlabl><attrdef>Unique ID number (generated by SEAMAP)</attrdef><attrdefs>Data provider</attrdefs><attrdomv><udom>Unique ID number (generated by SEAMAP)</udom></attrdomv></attr><attr><attrlabl>obs_date</attrlabl><attrdef>date of observation</attrdef><attrdefs>Data provider</attrdefs><attrdomv><udom>date of observation</udom></attrdomv></attr><attr><attrlabl>obs_time</attrlabl><attrdef>time of observation</attrdef><attrdefs>Data provider</attrdefs><attrdomv><udom>time of observation</udom></attrdomv></attr><attr><attrlabl>location</attrlabl><attrdef>Location name (i.e.</attrdef><attrdefs>Data provider</attrdefs><attrdomv><udom>Location name (i.e.</udom></attrdomv></attr><attr><attrlabl>effort_status</attrlabl><attrdef>Effort status: On or Off (not provided data from March 2010 on)</attrdef><attrdefs>Data provider</attrdefs><attrdomv><udom>Effort status: On or Off (not provided data from March 2010 on)</udom></attrdomv></attr><attr><attrlabl>latitude</attrlabl><attrdef>Latitude in decimal degrees</attrdef><attrdefs>Data provider</attrdefs><attrdomv><udom>Latitude in decimal degrees</udom></attrdomv></attr><attr><attrlabl>longitude</attrlabl><attrdef>Longitude in decimal degrees</attrdef><attrdefs>Data provider</attrdefs><attrdomv><udom>Longitude in decimal degrees</udom></attrdomv></attr><attr><attrlabl>line</attrlabl><attrdef>Line number (not provided data from March 2010 on)</attrdef><attrdefs>Data provider</attrdefs><attrdomv><udom>Line number (not provided data from March 2010 on)</udom></attrdomv></attr><attr><attrlabl>sp_obs</attrlabl><attrdef>Species name</attrdef><attrdefs>Data provider</attrdefs><attrdomv><udom>Species name</udom></attrdomv></attr><attr><attrlabl>sp_tsn</attrlabl><attrdef>ITIS taxonomic serial number. This field added by OBIS-SEAMAP</attrdef><attrdefs>Data provider</attrdefs><attrdomv><udom>ITIS taxonomic serial number. This field added by OBIS-SEAMAP</udom></attrdomv></attr><attr><attrlabl>obs_count</attrlabl><attrdef>Group size</attrdef><attrdefs>Data provider</attrdefs><attrdomv><udom>Group size</udom></attrdomv></attr><attr><attrlabl>geom</attrlabl><attrdef>definition not provided</attrdef><attrdefs>Data provider</attrdefs><attrdomv><udom>definition not provided</udom></attrdomv></attr></detailed></eainfo><mdDateSt Sync="TRUE">20060815</mdDateSt>
	<dataqual><posacc><horizpa><horizpar/></horizpa><vertacc><vertaccr/></vertacc></posacc><attracc><attraccr/></attracc><complete>All observation records are included.</complete><logic>Permissible values for date and time and coordinates were validated by the data provider and the OBIS-SEAMAP data manager. Species identification by the data provider was matched with Integrated Taxonomic Information System.</logic><lineage><procstep><procdesc>Data were put through the OBIS-SEAMAP data registration steps.</procdesc><procdate>20201001</procdate></procstep></lineage></dataqual>
</metadata>
