<?xml version="1.0" encoding="UTF-8"?>
<metadata xml:lang="en"><Esri><MetaID>{999A9551-D701-4CF5-9373-131D3DD8D969}</MetaID><CreaDate>20050512</CreaDate><CreaTime>19291400</CreaTime><SyncOnce>FALSE</SyncOnce><SyncDate>20060710</SyncDate><SyncTime>17161900</SyncTime><ModDate>20060815</ModDate><ModTime>12091700</ModTime></Esri><idinfo><keywords><theme><themekt>None</themekt><themekey>Observer programmes</themekey><themekey>marine mammals</themekey><themekey>seaturtles</themekey><themekey>seabirds</themekey><themekey>Vessels</themekey><themekey>Sightings</themekey></theme><place><placekt>None</placekt><placekey>Azores</placekey></place></keywords><native Sync="TRUE">Relational database</native><descript><langdata Sync="TRUE">en</langdata><abstract>POPA was launched in 1998 with the main goal of certifying the tuna caught around the Azores as a “dolphin safe product.” This label is attributed by the non-governmental organization Earth Island Institute to catches made without mortality of cetaceans. POPA has built an extensive database with information collected by the observers on board the tuna fishing vessels. This database includes information on tuna fisheries (e.g., location of fishing events, catches, and fishing effort), weather conditions (e.g., sea surface temperature, wind and visibility), live bait fisheries (e.g., location of fishing events, catches, gears used), cetaceans (e.g., occurrences, interaction with fishing events and association with other species), birds and sea turtles (e.g., occurrences). POPA is also responsible for “Friend of the Sea” tuna fishery certification.</abstract><purpose>In the late 1990’s, it became clear that the tuna industry would be seriously penalized with the absence of a “dolphin safe” certification which instigated new measures from the government and the fisheries sector.&lt;br&gt;&lt;br&gt;&#13;
In order to achieve this certification, the Azores Fisheries Observer Programme (POPA) was funded in 1998, ensuring the absence of dolphin mortality or injury in tuna fishery. Since then, fishery and fishing products are certified by the Earth Island Institute, through the results presented by POPA. Besides that, the tuna fishery is also certified as &lt;a href=http://www.friendofthesea.org&gt;“Friend of the Sea&lt;/a&gt;” which means that it is extremely selective, doesn’t harm the surrounding environment and is quite sustainable. It became the first tuna fishery in the world achieving that certification. &lt;br&gt;&#13;
&lt;br&gt;&#13;
The Programme results from an agreement among Regional Administration, Earth Island Institute, the Tuna Canning Industry Association (Pão do Mar), the Fishing Boat Owners Association (APASA) and IMAR – Instituto do Mar - through the University of The Azores Center (IMAR-DOP/UAç), which carries out the programme. Until 2003, the Programme was supported by regional funds. Between 2003 and 2005 it became co-financed by the European Commission through the INTERREG IIIb Programme/ ORPAM project. Since then it has been exclusively supported by the regional government through the Regional Secretary of Fisheries.</purpose><supplinf>[2016-04-20] The data from 2010 to 2015 were appended.&#13;
The species originally recorded as Delichon urbica was assigned to Delichon urbicum.&#13;
The accuracy of the time in this period was up to minutes.&#13;
For the new and existing records with no group size recorded, the group size column was empty, which means a presence-only sighting.&#13;
&#13;
Records that did not have time recorded were filled with 00:00:00 and noted in the [NOTES] field. Records that did not have group size recorded were filled with 1 and noted in the [NOTES] field. When an estimated range of animals was sighted, the median value (rounded down) was used as the observed count; when a minimum number of animals was recorded, the minimum number was used as the observed count (i.e., &gt;100 = 100 animals).</supplinf></descript><citation><citeinfo>
				<geoform Sync="TRUE">vector digital data</geoform><pubinfo><pubplace>http://seamap.env.duke.edu/dataset/704</pubplace><publish>OBIS-SEAMAP</publish></pubinfo><origin>POPA: Azores Fisheries Observer Programme</origin><pubdate>20160420</pubdate><title>POPA cetacean, seabird, and sea turtle sightings in the Azores area 1998-2015</title><ftname>seamap704</ftname><onlink>http://www.horta.uac.pt/projectos/POPA/</onlink><edition/><serinfo><sername>OBIS-SEAMAP</sername><issue>Latest</issue></serinfo></citeinfo></citation><timeperd><current>ground condition</current><timeinfo><rngdates><begdate>19980515</begdate><enddate>20150924</enddate></rngdates></timeinfo></timeperd><status><progress>Complete</progress><update>None planned</update></status><spdom><bounding><westbc>-39.233383</westbc><eastbc>-15.091683</eastbc><northbc>47.71725</northbc><southbc>23.800333</southbc></bounding><lboundng><leftbc Sync="TRUE">-33.0666667</leftbc><rightbc Sync="TRUE">-15.0916833</rightbc><bottombc Sync="TRUE">30.0131167</bottombc><topbc Sync="TRUE">40.6054167</topbc></lboundng><descgeog>Azores</descgeog></spdom><accconst>The dataset is visualized on the OBIS-SEAMAP web site. The data is not downloadable unless the user gets permission from data provider.</accconst><useconst>1. Not to use data obtained from OBIS-SEAMAP in any publication, product, or commercial application without proper attribution to the original data provider(s) and OBIS-SEAMAP unless the datasets are explicitly shown under public domain. Citations or credits are suggested as attribution. If the data you download come from multiple datasets, a citation or credit to each of the datasets is required.&#13;
&#13;
Example citation for a dataset (Dataset ID: 1231; when References in the metadata is not empty, pick the first one):&#13;
&#13;
Sarah D. Mallette, Gwen G. Lockhart, Ryan J. McAlarney, Erin W. Cummings, William A. McLellan, D. Ann Pabst and Susan G. Barco. 2014. 2014. Documenting Whale Migration off Virginia's Coast for Use in Marine Spatial Planning: Aerial Surveys in the Proximity of the Virginia Wind Energy Area (VA WEA). VAQF Scientific Report 2015-02. pp. 24.&#13;
&#13;
Example citation for a dataset (Dataset ID: 1201; when References in the metadata is empty, use the title of the dataset and the information in Dataset credit and contact information):&#13;
&#13;
Lockhart, G.G., DiGiovanni Jr., R.A., DePerte, A.M. 2014. Virginia and Maryland Sea Turtle Research and Conservation Initiative Aerial Survey Sightings, May 2011 through July 2013. Downloaded from OBIS-SEAMAP (http://seamap.env.duke.edu/dataset/1201) on xxxx-xx-xx.&#13;
&#13;
Citation for OBIS-SEAMAP:&#13;
&#13;
Halpin, P.N., A.J. Read, E. Fujioka, B.D. Best, B. Donnelly, L.J. Hazen, C. Kot, K. Urian, E. LaBrecque, A. Dimatteo, J. Cleary, C. Good, L.B. Crowder, and K.D. Hyrenbach. 2009. OBIS-SEAMAP: The world data center for marine mammal, sea bird, and sea turtle distributions. Oceanography 22(2):104-115&#13;
&#13;
2. To forward the citation of any publication / report that made use of the data / tools provided by OBIS-SEAMAP for inclusion in our list of references.&#13;
&#13;
3. Not to hold OBIS-SEAMAP or the original data providers liable for errors in the data. While we have made every effort to ensure the quality of the database, we cannot guarantee the accuracy of these datasets.</useconst><natvform Sync="TRUE">Shapefile</natvform><ptcontac><cntinfo><cntperp><cntper>Miguel Machete</cntper><cntorg>Department of Oceanography and Fisheries</cntorg></cntperp><cntaddr><addrtype>mailing and physical address</addrtype><address>University of the Azores/IMAR Sea Institute</address><city>9901-862 Horta</city><state>Faial - Azores</state><country>Portugal</country></cntaddr><cntpos/><cntemail>miguel@uac.pt</cntemail><cntvoice>unknown</cntvoice></cntinfo></ptcontac>
	<datacred>POPA: Azores Fisheries Observer Programme</datacred><crossref><citeinfo><origin>Machete, M. and R.S. Santos</origin><pubdate>2007</pubdate><title>Azores Fisheries Observer Program (POPA): A case study of the multidisciplinary use of observer data.</title><geoform>vector digital data</geoform><serinfo><sername>Proceedings of the 5th International Fisheries Observer Conference, Victoria, Canada. McVea, T.A. and Kennelly, S.J. (ed)</sername><issue>114-116</issue></serinfo></citeinfo></crossref><crossref><citeinfo><origin>Morato, T., D.A. Varkey, C. Damaso, M. Machete, M. Santos, R. Prieto, R.S. Santos and T.J. Pitcher</origin><pubdate>2008</pubdate><title>Evidence of a seamount effect on aggregating visitors</title><geoform>vector digital data</geoform><serinfo><sername>Marine Ecology Progress Series</sername><issue>357: 23-32</issue></serinfo><onlink>http://www.int-res.com/articles/meps2008/357/m357p023.pdf</onlink></citeinfo></crossref><crossref><citeinfo><origin>Amorim, P., M. Figueiredo, M. Machete, T. Morato, A. Martins and R.S. Santos</origin><pubdate>2009</pubdate><title>Spatial variability of seabird distribution associated with environmental factors: a case study of marine Important Bird Areas in the Azores</title><geoform>vector digital data</geoform><serinfo><sername>ICES Journal of Marine Science</sername><issue>66: 29-40</issue></serinfo></citeinfo></crossref><taxonomy><keywtax><taxonkt>Taxon covered</taxonkt><taxonkey>Marine mammals</taxonkey><taxonkey>seabirds</taxonkey></keywtax><taxonsys><classsys><classcit><citeinfo><origin>Integrated Taxonomic Information System</origin><pubdate>Unknown</pubdate><title>Integrated Taxonomic Information System</title><geoform>Not applicable</geoform><othercit>Downloaded April, 2004</othercit><onlink>http://www.itis.usda.gov/</onlink></citeinfo></classcit></classsys><ider><cntinfo><cntperp><cntper>Refer to the contact information of the dataset</cntper><cntorg>Refer to the contact information of the dataset</cntorg></cntperp><cntaddr><addrtype>mailing and physical address</addrtype><address>Refer to the contact information of the dataset</address><city>Refer to the contact information of the dataset</city><state>Refer to the contact information of the dataset</state><postal>Refer to the contact information of the dataset</postal><country>Refer to the contact information of the dataset</country></cntaddr><cntvoice>Not provided</cntvoice></cntinfo></ider><taxonpro>Identified by observers or researchers conducting the survey</taxonpro></taxonsys><taxoncl><taxonrn>Kingdom</taxonrn><taxonrv>Animalia</taxonrv><taxoncl><taxonrn>Phylum</taxonrn><taxonrv>Chordata</taxonrv><taxoncl><taxonrn>Subphylum</taxonrn><taxonrv>Vertebrata</taxonrv><taxoncl><taxonrn>Class</taxonrn><taxonrv>Mammalia</taxonrv><taxoncl><taxonrn>Subclass</taxonrn><taxonrv>Theria</taxonrv><taxoncl><taxonrn>Infraclass</taxonrn><taxonrv>Eutheria</taxonrv><taxoncl><taxonrn>Order</taxonrn><taxonrv>Cetacea</taxonrv><taxoncl><taxonrn>Suborder</taxonrn><taxonrv>Mysticeti</taxonrv><taxoncl><taxonrn>Family</taxonrn><taxonrv>Balaenopteridae</taxonrv><taxoncl><taxonrn>Genus</taxonrn><taxonrv>Balaenoptera</taxonrv><taxoncl><taxonrn>Species</taxonrn><taxonrv>Balaenoptera acutorostrata</taxonrv></taxoncl><taxoncl><taxonrn>Species</taxonrn><taxonrv>Balaenoptera borealis</taxonrv></taxoncl><taxoncl><taxonrn>Species</taxonrn><taxonrv>Balaenoptera edeni</taxonrv></taxoncl><taxoncl><taxonrn>Species</taxonrn><taxonrv>Balaenoptera musculus</taxonrv></taxoncl><taxoncl><taxonrn>Species</taxonrn><taxonrv>Balaenoptera physalus</taxonrv></taxoncl></taxoncl><taxoncl><taxonrn>Genus</taxonrn><taxonrv>Megaptera</taxonrv><taxoncl><taxonrn>Species</taxonrn><taxonrv>Megaptera novaeangliae</taxonrv></taxoncl></taxoncl></taxoncl></taxoncl><taxoncl><taxonrn>Suborder</taxonrn><taxonrv>Odontoceti</taxonrv><taxoncl><taxonrn>Family</taxonrn><taxonrv>Delphinidae</taxonrv><taxoncl><taxonrn>Genus</taxonrn><taxonrv>Delphinus</taxonrv><taxoncl><taxonrn>Species</taxonrn><taxonrv>Delphinus delphis</taxonrv></taxoncl></taxoncl><taxoncl><taxonrn>Genus</taxonrn><taxonrv>Globicephala</taxonrv><taxoncl><taxonrn>Species</taxonrn><taxonrv>Globicephala macrorhynchus</taxonrv></taxoncl></taxoncl><taxoncl><taxonrn>Genus</taxonrn><taxonrv>Grampus</taxonrv><taxoncl><taxonrn>Species</taxonrn><taxonrv>Grampus griseus</taxonrv></taxoncl></taxoncl><taxoncl><taxonrn>Genus</taxonrn><taxonrv>Orcinus</taxonrv><taxoncl><taxonrn>Species</taxonrn><taxonrv>Orcinus orca</taxonrv></taxoncl></taxoncl><taxoncl><taxonrn>Genus</taxonrn><taxonrv>Pseudorca</taxonrv><taxoncl><taxonrn>Species</taxonrn><taxonrv>Pseudorca crassidens</taxonrv></taxoncl></taxoncl><taxoncl><taxonrn>Genus</taxonrn><taxonrv>Stenella</taxonrv><taxoncl><taxonrn>Species</taxonrn><taxonrv>Stenella coeruleoalba</taxonrv></taxoncl><taxoncl><taxonrn>Species</taxonrn><taxonrv>Stenella frontalis</taxonrv></taxoncl></taxoncl><taxoncl><taxonrn>Genus</taxonrn><taxonrv>Tursiops</taxonrv><taxoncl><taxonrn>Species</taxonrn><taxonrv>Tursiops truncatus</taxonrv></taxoncl></taxoncl></taxoncl><taxoncl><taxonrn>Family</taxonrn><taxonrv>Hyperoodontidae</taxonrv><taxoncl><taxonrn>Genus</taxonrn><taxonrv>Hyperoodon</taxonrv><taxoncl><taxonrn>Species</taxonrn><taxonrv>Hyperoodon ampullatus</taxonrv></taxoncl></taxoncl><taxoncl><taxonrn>Genus</taxonrn><taxonrv>Mesoplodon</taxonrv><taxoncl><taxonrn>Species</taxonrn><taxonrv>Mesoplodon bidens</taxonrv></taxoncl><taxoncl><taxonrn>Species</taxonrn><taxonrv>Mesoplodon densirostris</taxonrv></taxoncl><taxoncl><taxonrn>Species</taxonrn><taxonrv>Mesoplodon europaeus</taxonrv></taxoncl></taxoncl><taxoncl><taxonrn>Genus</taxonrn><taxonrv>Ziphius</taxonrv><taxoncl><taxonrn>Species</taxonrn><taxonrv>Ziphius cavirostris</taxonrv></taxoncl></taxoncl></taxoncl><taxoncl><taxonrn>Family</taxonrn><taxonrv>Kogiidae</taxonrv><taxoncl><taxonrn>Genus</taxonrn><taxonrv>Kogia</taxonrv></taxoncl></taxoncl><taxoncl><taxonrn>Family</taxonrn><taxonrv>Phocoenidae</taxonrv><taxoncl><taxonrn>Genus</taxonrn><taxonrv>Phocoena</taxonrv><taxoncl><taxonrn>Species</taxonrn><taxonrv>Phocoena phocoena</taxonrv></taxoncl></taxoncl></taxoncl><taxoncl><taxonrn>Family</taxonrn><taxonrv>Physeteridae</taxonrv><taxoncl><taxonrn>Genus</taxonrn><taxonrv>Physeter</taxonrv><taxoncl><taxonrn>Species</taxonrn><taxonrv>Physeter macrocephalus</taxonrv></taxoncl></taxoncl></taxoncl></taxoncl></taxoncl></taxoncl></taxoncl></taxoncl><taxoncl><taxonrn>Class</taxonrn><taxonrv>Aves</taxonrv><taxoncl><taxonrn>Order</taxonrn><taxonrv>Procellariiformes</taxonrv><taxoncl><taxonrn>Family</taxonrn><taxonrv>Procellariidae</taxonrv><taxoncl><taxonrn>Genus</taxonrn><taxonrv>Bulweria</taxonrv><taxoncl><taxonrn>Species</taxonrn><taxonrv>Bulweria bulwerii</taxonrv></taxoncl></taxoncl><taxoncl><taxonrn>Genus</taxonrn><taxonrv>Calonectris</taxonrv><taxoncl><taxonrn>Species</taxonrn><taxonrv>Calonectris diomedea</taxonrv><taxoncl><taxonrn>Subspecies</taxonrn><taxonrv>Calonectris diomedea borealis</taxonrv></taxoncl></taxoncl></taxoncl><taxoncl><taxonrn>Genus</taxonrn><taxonrv>Puffinus</taxonrv><taxoncl><taxonrn>Species</taxonrn><taxonrv>Puffinus gravis</taxonrv></taxoncl><taxoncl><taxonrn>Species</taxonrn><taxonrv>Puffinus griseus</taxonrv></taxoncl><taxoncl><taxonrn>Species</taxonrn><taxonrv>Puffinus lherminieri</taxonrv></taxoncl><taxoncl><taxonrn>Species</taxonrn><taxonrv>Puffinus puffinus</taxonrv></taxoncl></taxoncl></taxoncl><taxoncl><taxonrn>Family</taxonrn><taxonrv>Diomedeidae</taxonrv><taxoncl><taxonrn>Genus</taxonrn><taxonrv>Diomedea</taxonrv></taxoncl></taxoncl><taxoncl><taxonrn>Family</taxonrn><taxonrv>Hydrobatidae</taxonrv><taxoncl><taxonrn>Subfamily</taxonrn><taxonrv>Hydrobatinae</taxonrv><taxoncl><taxonrn>Genus</taxonrn><taxonrv>Oceanodroma</taxonrv></taxoncl></taxoncl></taxoncl></taxoncl><taxoncl><taxonrn>Order</taxonrn><taxonrv>Charadriiformes</taxonrv><taxoncl><taxonrn>Family</taxonrn><taxonrv>Laridae</taxonrv><taxoncl><taxonrn>Genus</taxonrn><taxonrv>Larus</taxonrv><taxoncl><taxonrn>Species</taxonrn><taxonrv>Larus cachinnans</taxonrv></taxoncl><taxoncl><taxoncl><taxonrn>Subspecies</taxonrn><taxonrv>Larus michahellis atlantis</taxonrv></taxoncl></taxoncl></taxoncl><taxoncl><taxoncl><taxonrn>Species</taxonrn><taxonrv>Onychoprion fuscatus</taxonrv></taxoncl></taxoncl><taxoncl><taxonrn>Genus</taxonrn><taxonrv>Sterna</taxonrv></taxoncl><taxoncl><taxonrn>Genus</taxonrn><taxonrv>Xema</taxonrv><taxoncl><taxonrn>Species</taxonrn><taxonrv>Xema sabini</taxonrv></taxoncl></taxoncl></taxoncl><taxoncl><taxonrn>Family</taxonrn><taxonrv>Stercorariidae</taxonrv><taxoncl><taxonrn>Genus</taxonrn><taxonrv>Stercorarius</taxonrv><taxoncl><taxonrn>Species</taxonrn><taxonrv>Stercorarius longicaudus</taxonrv></taxoncl><taxoncl><taxonrn>Species</taxonrn><taxonrv>Stercorarius parasiticus</taxonrv></taxoncl><taxoncl><taxonrn>Species</taxonrn><taxonrv>Stercorarius pomarinus</taxonrv></taxoncl><taxoncl><taxonrn>Species</taxonrn><taxonrv>Stercorarius skua</taxonrv></taxoncl></taxoncl></taxoncl></taxoncl><taxoncl><taxoncl><taxonrn>Family</taxonrn><taxonrv>Sulidae</taxonrv><taxoncl><taxonrn>Genus</taxonrn><taxonrv>Morus</taxonrv><taxoncl><taxonrn>Species</taxonrn><taxonrv>Morus bassanus</taxonrv></taxoncl></taxoncl></taxoncl></taxoncl><taxoncl><taxonrn>Order</taxonrn><taxonrv>Ciconiiformes</taxonrv><taxoncl><taxonrn>Family</taxonrn><taxonrv>Procellariidae</taxonrv><taxoncl><taxonrn>Genus</taxonrn><taxonrv>Puffinus</taxonrv><taxoncl><taxonrn>Species</taxonrn><taxonrv>Puffinus assimilis</taxonrv><taxoncl><taxonrn>Subspecies</taxonrn><taxonrv>Puffinus assimilis baroli</taxonrv></taxoncl></taxoncl></taxoncl></taxoncl><taxoncl><taxonrn>Family</taxonrn><taxonrv>Laridae</taxonrv><taxoncl><taxonrn>Subfamily</taxonrn><taxonrv>Sterninae</taxonrv><taxoncl><taxonrn>Genus</taxonrn><taxonrv>Sterna</taxonrv><taxoncl><taxonrn>Species</taxonrn><taxonrv>Sterna fuscata</taxonrv></taxoncl></taxoncl></taxoncl></taxoncl></taxoncl></taxoncl><taxoncl><taxonrn>Class</taxonrn><taxonrv>Reptilia</taxonrv><taxoncl><taxonrn>Order</taxonrn><taxonrv>Testudines</taxonrv><taxoncl><taxonrn>Suborder</taxonrn><taxonrv>Cryptodira</taxonrv><taxoncl><taxonrn>Superfamily</taxonrn><taxonrv>Chelonioidea</taxonrv><taxoncl><taxonrn>Family</taxonrn><taxonrv>Cheloniidae</taxonrv><taxoncl><taxonrn>Subfamily</taxonrn><taxonrv>Carettinae</taxonrv><taxoncl><taxonrn>Genus</taxonrn><taxonrv>Caretta</taxonrv><taxoncl><taxonrn>Species</taxonrn><taxonrv>Caretta caretta</taxonrv></taxoncl></taxoncl><taxoncl><taxonrn>Genus</taxonrn><taxonrv>Eretmochelys</taxonrv><taxoncl><taxonrn>Species</taxonrn><taxonrv>Eretmochelys imbricata</taxonrv></taxoncl></taxoncl></taxoncl><taxoncl><taxonrn>Subfamily</taxonrn><taxonrv>Cheloniinae</taxonrv><taxoncl><taxonrn>Genus</taxonrn><taxonrv>Chelonia</taxonrv><taxoncl><taxonrn>Species</taxonrn><taxonrv>Chelonia mydas</taxonrv></taxoncl></taxoncl></taxoncl></taxoncl><taxoncl><taxonrn>Family</taxonrn><taxonrv>Dermochelyidae</taxonrv><taxoncl><taxonrn>Genus</taxonrn><taxonrv>Dermochelys</taxonrv><taxoncl><taxonrn>Species</taxonrn><taxonrv>Dermochelys coriacea</taxonrv></taxoncl></taxoncl></taxoncl></taxoncl></taxoncl></taxoncl></taxoncl></taxoncl></taxoncl></taxoncl></taxonomy></idinfo>
	<metainfo>
		<langmeta Sync="TRUE">en</langmeta><metstdn Sync="TRUE">FGDC Content Standards for Digital Geospatial Metadata</metstdn><metstdv Sync="TRUE">FGDC-STD-001-1998</metstdv><mettc Sync="TRUE">local time</mettc><metc><cntinfo><cntperp><cntper>Connie Kot</cntper><cntorg>Duke University</cntorg></cntperp><cntpos/><cntaddr><addrtype>mailing and physical address</addrtype><address>135 Duke Marine Lab Road</address><city>Beaufort</city><state>NC</state><postal>28516</postal><country>USA</country></cntaddr><cntvoice>252-504-7640</cntvoice><cntemail>connie.kot@duke.edu</cntemail></cntinfo></metc><metextns><onlink>http://www.nbii.gov/</onlink><metprof>Biological Data Profile</metprof></metextns><metextns><onlink Sync="TRUE">http://www.esri.com/metadata/esriprof80.html</onlink><metprof Sync="TRUE">ESRI Metadata Profile</metprof></metextns><metd Sync="TRUE">20160420</metd><metrd>20160420</metrd></metainfo><mdLang><languageCode Sync="TRUE" value="en"/></mdLang><mdStanName Sync="TRUE">ISO 19115 Geographic Information - Metadata</mdStanName><mdStanVer Sync="TRUE">DIS_ESRI1.0</mdStanVer><mdChar><CharSetCd Sync="TRUE" value="004"/></mdChar><mdHrLv><ScopeCd Sync="TRUE" value="005"/></mdHrLv><mdHrLvName Sync="TRUE">dataset</mdHrLvName><distinfo><resdesc Sync="TRUE">OBIS-SEAMAP Dataset ID 704</resdesc><stdorder><digform><digtinfo><transize Sync="TRUE">0.021</transize><dssize Sync="TRUE">0.021</dssize><formname>zip</formname><filedec>zipped shapefile</filedec></digtinfo><digtopt><onlinopt><computer><networka><networkr>http://seamap.env.duke.edu/dataset/704</networkr></networka></computer></onlinopt></digtopt></digform><fees>Free</fees><ordering>Go to the OBIS-SEAMAP web site</ordering></stdorder><distrib><cntinfo><cntorgp><cntper>OBIS-SEAMAP</cntper><cntorg>Nicholas School of Environment, Duke Univ.</cntorg></cntorgp><cntpos/><cntaddr><addrtype>mailing and physical address</addrtype><address>A328, LSRC</address><city>Durham</city><state>NC</state><postal>27708</postal><country>USA</country></cntaddr><cntvoice>919-613-8021</cntvoice><cntemail>seamap-contact@duke.edu</cntemail></cntinfo></distrib><distliab>Not to hold OBIS-SEAMAP liable for errors in the data. While we have made every effort to ensure the quality of the database, we cannot guarantee the accuracy of these datasets.&#13;
Also please refer to Use Constraints.</distliab></distinfo>
	<distInfo>
		<distributor><distorTran>
				<onLineSrc><orDesc Sync="TRUE">002</orDesc>
					<protocol Sync="TRUE">Local Area Network</protocol>
				</onLineSrc>
				<transSize Sync="TRUE">0.021</transSize></distorTran>
			<distorFormat><formatName Sync="TRUE">Shapefile</formatName></distorFormat>
		</distributor></distInfo>
	<spdoinfo><direct Sync="TRUE">Vector</direct><ptvctinf>
		</ptvctinf></spdoinfo>
	<spref><horizsys><cordsysn><geogcsn>GCS_WGS_1984</geogcsn></cordsysn><geograph><geogunit>Decimal degrees</geogunit><latres>1e-06</latres><longres>1e-06</longres></geograph><geodetic><horizdn>D_WGS_1984</horizdn><ellips>WGS_1984</ellips><semiaxis>6378137.000000</semiaxis><denflat>298.257224</denflat></geodetic></horizsys></spref><refSysInfo><RefSystem><refSysID><identCode Sync="TRUE">GCS_WGS_1984</identCode></refSysID></RefSystem></refSysInfo><spatRepInfo><VectSpatRep><topLvl><TopoLevCd Sync="TRUE" value="001"/></topLvl>
		</VectSpatRep>
	</spatRepInfo><eainfo><overview><eaover>This section explains attributes included in the original dataset.&#13;
OBIS-SEAMAP restricts the attributes available to the public to date/time, lat/lon and species names/counts only.&#13;
Should you need other attributes described here, you are encouraged to contact the data provider.</eaover><eadetcit>POPA: Azores Fisheries Observer Programme</eadetcit></overview><detailed><enttyp><enttypl>Biogeographic data</enttypl><enttypd>Biogeographic data</enttypd><enttypds>Not applicable</enttypds></enttyp><attr><attrlabl>oid</attrlabl><attrdef>Unique ID number (generated by OBIS-SEAMAP)</attrdef><attrdefs>Data provider</attrdefs><attrdomv><udom>Unique ID number (generated by OBIS-SEAMAP)</udom></attrdomv></attr><attr><attrlabl>obs_date</attrlabl><attrdef>Observed date</attrdef><attrdefs>Data provider</attrdefs><attrdomv><rdom><rdommin>1998-05-15</rdommin><rdommax>2015-09-24</rdommax></rdom></attrdomv></attr><attr><attrlabl>obs_time</attrlabl><attrdef>Observed time (local time)</attrdef><attrdefs>Data provider</attrdefs><attrdomv><rdom><rdommin>00:00:00</rdommin><rdommax>23:58:00</rdommax></rdom></attrdomv></attr><attr><attrlabl>latitude</attrlabl><attrdef>Latitude of observation in decimal degrees</attrdef><attrdefs>Data provider</attrdefs><attrdomv><rdom><rdommin>23.8003330</rdommin><rdommax>47.7172500</rdommax></rdom></attrdomv></attr><attr><attrlabl>longitude</attrlabl><attrdef>Longitude of observation in decimal degrees</attrdef><attrdefs>Data provider</attrdefs><attrdomv><rdom><rdommin>-39.2333830</rdommin><rdommax>-15.0916830</rdommax></rdom></attrdomv></attr><attr><attrlabl>sp_obs</attrlabl><attrdef>Species observed</attrdef><attrdefs>Data provider</attrdefs><attrdomv><udom>Species observed</udom></attrdomv></attr><attr><attrlabl>species2</attrlabl><attrdef>Additional species observed</attrdef><attrdefs>Data provider</attrdefs><attrdomv><udom>Additional species observed</udom></attrdomv></attr><attr><attrlabl>sp_tsn</attrlabl><attrdef>Taxonomic Serial Number added by OBIS-SEAMAP</attrdef><attrdefs>Data provider</attrdefs><attrdomv><codesetd><codesetn>Taxonomic Serial Number added by OBIS-SEAMAP</codesetn><codesets>Data provider</codesets></codesetd></attrdomv></attr><attr><attrlabl>group_est</attrlabl><attrdef>Estimated number of animals recorded</attrdef><attrdefs>Data provider</attrdefs><attrdomv><udom>Estimated number of animals recorded</udom></attrdomv></attr><attr><attrlabl>obs_count</attrlabl><attrdef>Estimated number of animals</attrdef><attrdefs>Data provider</attrdefs><attrdomv><rdom><rdommin>0</rdommin><rdommax>1000</rdommax></rdom></attrdomv></attr><attr><attrlabl>boat_course</attrlabl><attrdef>Boat course</attrdef><attrdefs>Data provider</attrdefs><attrdomv><udom>Boat course</udom></attrdomv></attr><attr><attrlabl>sight_course</attrlabl><attrdef>Sighting course</attrdef><attrdefs>Data provider</attrdefs><attrdomv><udom>Sighting course</udom></attrdomv></attr><attr><attrlabl>boat_distance</attrlabl><attrdef>Distance to boat in meters unless the unit is written</attrdef><attrdefs>Data provider</attrdefs><attrdomv><udom>Distance to boat in meters unless the unit is written</udom></attrdomv></attr><attr><attrlabl>notes</attrlabl><attrdef>Details for when more than one species was recorded, when time was not recorded, or when count were not recorded (generated by SEAMAP)</attrdef><attrdefs>Data provider</attrdefs><attrdomv><udom>Details for when more than one species was recorded, when time was not recorded, or when count were not recorded (generated by SEAMAP)</udom></attrdomv></attr><attr><attrlabl>geom</attrlabl><attrdef>Geometry field added by OBIS-SEAMAP</attrdef><attrdefs>Data provider</attrdefs><attrdomv><udom>Geometry field added by OBIS-SEAMAP</udom></attrdomv></attr></detailed></eainfo><mdDateSt Sync="TRUE">20060815</mdDateSt>
	<dataqual><posacc><horizpa><horizpar/></horizpa><vertacc><vertaccr/></vertacc></posacc><attracc><attraccr/></attracc><complete>All observation records are included.</complete><logic>Permissible values for date and time and coordinates were validated by the data provider and the OBIS-SEAMAP data manager. Species identification by the data provider was matched with Integrated Taxonomic Information System.</logic><lineage><procstep><procdesc>Data were put through the OBIS-SEAMAP data registration steps.</procdesc><procdate>20160420</procdate></procstep></lineage></dataqual>
</metadata>
